ciudad,codigo_dominio,anio,meses_incluidos,bloque_indicador,nombre_indicador,valor,error_estandar,ic95_inf,ic95_sup,deff,n_muestral,cv_pct,etiqueta_confiabilidad,fuente,observacion
Armenia,63,2023,Ene-Dic (12 meses),arriendo,Canon de arriendo mensual - P25,400000.0,,,,,4083,,ACEPTABLE,"GEIH 2023 (DANE, catalogo ANDA 782)",23 registro(s) excluidos por valor extremo
Armenia,63,2023,Ene-Dic (12 meses),arriendo,Canon de arriendo mensual - P75,700000.0,,,,,4083,,ACEPTABLE,"GEIH 2023 (DANE, catalogo ANDA 782)",23 registro(s) excluidos por valor extremo
Armenia,63,2023,Ene-Dic (12 meses),arriendo,Canon de arriendo mensual - mediana,530000.0,16197.5954,500000.0000,550000.0000,10.3651,4083,3.0562,EXCELENTE,"GEIH 2023 (DANE, catalogo ANDA 782)",23 registro(s) excluidos por valor extremo
Armenia,63,2023,Ene-Dic (12 meses),arriendo,Canon de arriendo mensual - promedio,602711.2,5386.9890,591444.8758,613088.3469,1.1465,4083,0.8938,EXCELENTE,"GEIH 2023 (DANE, catalogo ANDA 782)",23 registro(s) excluidos por valor extremo
Armenia,63,2023,Ene-Dic (12 meses),deficit_habitacional,Deficit habitacional cualitativo,ND - pendiente Fase 2 (ECV),,,,,0,,ND,ECV (fuera de alcance Fase 1),ND - pendiente Fase 2 (ECV): fuente fuera de alcance de Fase 1
Armenia,63,2023,Ene-Dic (12 meses),deficit_habitacional,Deficit habitacional cuantitativo,ND - pendiente Fase 2 (ECV),,,,,0,,ND,ECV (fuera de alcance Fase 1),ND - pendiente Fase 2 (ECV): fuente fuera de alcance de Fase 1
Armenia,63,2023,Ene-Dic (12 meses),deficit_habitacional,Distribucion por estrato socioeconomico,ND - pendiente Fase 2 (ECV),,,,,0,,ND,ECV (fuera de alcance Fase 1),ND - pendiente Fase 2 (ECV): fuente fuera de alcance de Fase 1
Armenia,63,2023,Ene-Dic (12 meses),esfuerzo_financiero,Arrendatarios que destinan >30% del ingreso al arriendo,40.62,,,,,4059,,ACEPTABLE,"Pobreza Monetaria 2023 (DANE, catalogo ANDA 835)",sobrecarga (>30%)
Armenia,63,2023,Ene-Dic (12 meses),esfuerzo_financiero,Arrendatarios que destinan >50% del ingreso al arriendo,14.05,,,,,4059,,ACEPTABLE,"Pobreza Monetaria 2023 (DANE, catalogo ANDA 835)",sobrecarga severa (>50%)
Armenia,63,2023,Ene-Dic (12 meses),esfuerzo_financiero,Arriendo/ingreso del hogar (mediana),26.4,,,,,4059,,ACEPTABLE,"Pobreza Monetaria 2023 (DANE, catalogo ANDA 835)",Merge con 99.2% de coincidencia
Armenia,63,2023,Ene-Dic (12 meses),hacinamiento,Hogares con hacinamiento (>3 personas/cuarto para dormir),1.13,0.1281,0.9042,1.4134,1.2693,8609,11.3789,ACEPTABLE,"GEIH 2023 (DANE, catalogo ANDA 782)","Umbral >3 sobre CUARTOS PARA DORMIR (P5010), no cuartos totales"
Armenia,63,2023,Ene-Dic (12 meses),hacinamiento,Hogares con hacinamiento critico NBI (>3 personas/cuarto TOTAL),0.37,,,,,8609,,NO PUBLICAR,"GEIH 2023 (DANE, catalogo ANDA 782)",Definicion oficial DANE-NBI (cuartos totales incl. sala-comedor)
Armenia,63,2023,Ene-Dic (12 meses),hacinamiento,Personas por cuarto para dormir - mediana,1.33,,,,,8609,,ACEPTABLE,"GEIH 2023 (DANE, catalogo ANDA 782)",
Armenia,63,2023,Ene-Dic (12 meses),hacinamiento,Personas por cuarto para dormir - promedio,1.44,0.0066,1.4293,1.4553,1.1424,8609,0.4547,EXCELENTE,"GEIH 2023 (DANE, catalogo ANDA 782)",
Armenia,63,2023,Ene-Dic (12 meses),ingreso_pobreza,% arrendatarios en pobreza monetaria,32.6,,,,,4114,,ACEPTABLE,"Pobreza Monetaria 2023 (DANE, catalogo ANDA 835)",
Armenia,63,2023,Ene-Dic (12 meses),ingreso_pobreza,% hogares no pobres que viven en arriendo,43.71,,,,,6408,,ACEPTABLE,"Pobreza Monetaria 2023 (DANE, catalogo ANDA 835)",
Armenia,63,2023,Ene-Dic (12 meses),ingreso_pobreza,% hogares pobres que viven en arriendo,60.61,,,,,2201,,ACEPTABLE,"Pobreza Monetaria 2023 (DANE, catalogo ANDA 835)",
Armenia,63,2023,Ene-Dic (12 meses),ingreso_pobreza,% propietarios en pobreza monetaria,14.32,,,,,3217,,ACEPTABLE,"Pobreza Monetaria 2023 (DANE, catalogo ANDA 835)",
Armenia,63,2023,Ene-Dic (12 meses),ingreso_pobreza,Brecha de ingreso propietarios vs arrendatarios,27.86,,,,,0,,NO_APLICA,"Pobreza Monetaria 2023 (DANE, catalogo ANDA 835)",(+) = propietarios ganan mas; calculado sobre medianas ponderadas
Armenia,63,2023,Ene-Dic (12 meses),ingreso_pobreza,Ingreso mediano hogares arrendatarios,2000000.0,,,,,4090,,ACEPTABLE,"Pobreza Monetaria 2023 (DANE, catalogo ANDA 835)",ingtotug = ingreso total unidad de gasto SIN imputar arriendo
Armenia,63,2023,Ene-Dic (12 meses),ingreso_pobreza,Ingreso mediano hogares propietarios,2557272.67,,,,,3194,,ACEPTABLE,"Pobreza Monetaria 2023 (DANE, catalogo ANDA 835)",ingtotug = ingreso total unidad de gasto SIN imputar arriendo
Armenia,63,2023,Ene-Dic (12 meses),servicios_publicos,Hogares sin acueducto,0.25,0.0657,0.1351,0.3897,1.4893,8609,26.2802,NO PUBLICAR,"GEIH 2023 (DANE, catalogo ANDA 782)",
Armenia,63,2023,Ene-Dic (12 meses),servicios_publicos,Hogares sin alcantarillado,0.83,0.1121,0.6178,1.0515,1.3133,8609,13.4905,ACEPTABLE,"GEIH 2023 (DANE, catalogo ANDA 782)",
Armenia,63,2023,Ene-Dic (12 meses),servicios_publicos,Hogares sin energia electrica,0.18,0.0524,0.0937,0.2899,1.2877,8609,28.4688,NO PUBLICAR,"GEIH 2023 (DANE, catalogo ANDA 782)",
Armenia,63,2023,Ene-Dic (12 meses),servicios_publicos,Hogares sin gas natural conectado a red,8.99,0.3395,8.3462,9.6763,1.2131,8609,3.7780,EXCELENTE,"GEIH 2023 (DANE, catalogo ANDA 782)",
Armenia,63,2023,Ene-Dic (12 meses),servicios_publicos,Hogares sin recoleccion de basuras,0.17,0.0515,0.0873,0.2715,1.3500,8609,30.3917,NO PUBLICAR,"GEIH 2023 (DANE, catalogo ANDA 782)",
Armenia,63,2023,Ene-Dic (12 meses),tenencia,Tenencia: En arriendo o subarriendo,48.09,0.5873,47.1375,49.2541,1.1895,4114,1.2214,EXCELENTE,"GEIH 2023 (DANE, catalogo ANDA 782)",
Armenia,63,2023,Ene-Dic (12 meses),tenencia,Tenencia: En usufructo,9.85,0.3189,9.1843,10.4469,0.9859,898,3.2373,EXCELENTE,"GEIH 2023 (DANE, catalogo ANDA 782)",
Armenia,63,2023,Ene-Dic (12 meses),tenencia,Tenencia: Otra,0.02,0.0163,0.0000,0.0494,1.3955,1,99.2933,NO PUBLICAR,"GEIH 2023 (DANE, catalogo ANDA 782)",
Armenia,63,2023,Ene-Dic (12 meses),tenencia,Tenencia: Posesion sin titulo,2.79,0.2005,2.4481,3.1689,1.2766,212,7.1896,ACEPTABLE,"GEIH 2023 (DANE, catalogo ANDA 782)",
Armenia,63,2023,Ene-Dic (12 meses),tenencia,"Tenencia: Propia, la estan pagando",6.63,0.2937,6.0329,7.1522,1.2003,511,4.4327,EXCELENTE,"GEIH 2023 (DANE, catalogo ANDA 782)",
Armenia,63,2023,Ene-Dic (12 meses),tenencia,"Tenencia: Propia, totalmente pagada",30.72,0.5336,29.7260,31.7572,1.1516,2706,1.7368,EXCELENTE,"GEIH 2023 (DANE, catalogo ANDA 782)",
Armenia,63,2023,Ene-Dic (12 meses),tenencia,Tenencia: Propiedad colectiva,1.91,0.1561,1.6117,2.2303,1.1196,167,8.1716,ACEPTABLE,"GEIH 2023 (DANE, catalogo ANDA 782)",
Armenia,63,2023,Ene-Dic (12 meses),tenencia,Tenencia: suma de categorias (control),100.0,,,,,8609,,NO_APLICA,"GEIH 2023 (DANE, catalogo ANDA 782)",Control de auditoria: debe ser 100% +/-0.1pp
Armenia,63,2023,Ene-Dic (12 meses),vivienda_propia_credito,Arriendo imputado (estimado) - P25,450000.0,,,,,4182,,ACEPTABLE,"GEIH 2023 (DANE, catalogo ANDA 782)",69 registro(s) excluidos por valor extremo
Armenia,63,2023,Ene-Dic (12 meses),vivienda_propia_credito,Arriendo imputado (estimado) - P75,800000.0,,,,,4182,,ACEPTABLE,"GEIH 2023 (DANE, catalogo ANDA 782)",69 registro(s) excluidos por valor extremo
Armenia,63,2023,Ene-Dic (12 meses),vivienda_propia_credito,Arriendo imputado (estimado) - mediana,600000.0,2886.7513,600000.0000,600000.0000,0.1789,4182,0.4811,EXCELENTE,"GEIH 2023 (DANE, catalogo ANDA 782)",69 registro(s) excluidos por valor extremo
Armenia,63,2023,Ene-Dic (12 meses),vivienda_propia_credito,Arriendo imputado (estimado) - promedio,694404.62,7054.0982,680231.6153,708248.7248,1.0682,4182,1.0158,EXCELENTE,"GEIH 2023 (DANE, catalogo ANDA 782)",69 registro(s) excluidos por valor extremo
Armenia,63,2023,Ene-Dic (12 meses),vivienda_propia_credito,Cuota hipotecaria mensual - P25,350000.0,,,,,495,,ACEPTABLE,"GEIH 2023 (DANE, catalogo ANDA 782)",2 registro(s) excluidos por valor extremo
Armenia,63,2023,Ene-Dic (12 meses),vivienda_propia_credito,Cuota hipotecaria mensual - P75,1000000.0,,,,,495,,ACEPTABLE,"GEIH 2023 (DANE, catalogo ANDA 782)",2 registro(s) excluidos por valor extremo
Armenia,63,2023,Ene-Dic (12 meses),vivienda_propia_credito,Cuota hipotecaria mensual - mediana,533411.9,29841.3255,500000.0000,600000.0000,0.8881,495,5.5944,ACEPTABLE,"GEIH 2023 (DANE, catalogo ANDA 782)",2 registro(s) excluidos por valor extremo
Armenia,63,2023,Ene-Dic (12 meses),vivienda_propia_credito,Cuota hipotecaria mensual - promedio,793736.35,34094.4581,725992.8165,861579.4085,1.1593,495,4.2954,EXCELENTE,"GEIH 2023 (DANE, catalogo ANDA 782)",2 registro(s) excluidos por valor extremo
Armenia,63,2023,Ene-Dic (12 meses),vivienda_propia_credito,Valor estimado de venta de la vivienda - P25,100000000.0,,,,,2078,,ACEPTABLE,"GEIH 2023 (DANE, catalogo ANDA 782)",16 registro(s) excluidos por valor extremo
Armenia,63,2023,Ene-Dic (12 meses),vivienda_propia_credito,Valor estimado de venta de la vivienda - P75,210000000.0,,,,,2078,,ACEPTABLE,"GEIH 2023 (DANE, catalogo ANDA 782)",16 registro(s) excluidos por valor extremo
Armenia,63,2023,Ene-Dic (12 meses),vivienda_propia_credito,Valor estimado de venta de la vivienda - mediana,150000000.0,3331654.3355,140000000.0000,150000000.0000,0.9000,2078,2.2211,EXCELENTE,"GEIH 2023 (DANE, catalogo ANDA 782)",16 registro(s) excluidos por valor extremo
Armenia,63,2023,Ene-Dic (12 meses),vivienda_propia_credito,Valor estimado de venta de la vivienda - promedio,188576388.65,3876374.8819,180676254.8367,195050199.9856,1.2183,2078,2.0556,EXCELENTE,"GEIH 2023 (DANE, catalogo ANDA 782)",16 registro(s) excluidos por valor extremo
Armenia,63,2024,Ene-Dic (12 meses),arriendo,Canon de arriendo mensual - P25,450000.0,,,,,4397,,ACEPTABLE,"GEIH 2024 (DANE, catalogo ANDA 819)",25 registro(s) excluidos por valor extremo
Armenia,63,2024,Ene-Dic (12 meses),arriendo,Canon de arriendo mensual - P75,750000.0,,,,,4397,,ACEPTABLE,"GEIH 2024 (DANE, catalogo ANDA 819)",25 registro(s) excluidos por valor extremo
Armenia,63,2024,Ene-Dic (12 meses),arriendo,Canon de arriendo mensual - mediana,600000.0,2674.2550,600000.0000,600000.0000,0.2769,4397,0.4457,EXCELENTE,"GEIH 2024 (DANE, catalogo ANDA 819)",25 registro(s) excluidos por valor extremo
Armenia,63,2024,Ene-Dic (12 meses),arriendo,Canon de arriendo mensual - promedio,653253.33,5733.8226,641513.4496,664210.1569,1.2731,4397,0.8777,EXCELENTE,"GEIH 2024 (DANE, catalogo ANDA 819)",25 registro(s) excluidos por valor extremo
Armenia,63,2024,Ene-Dic (12 meses),deficit_habitacional,Deficit habitacional cualitativo,ND - pendiente Fase 2 (ECV),,,,,0,,ND,ECV (fuera de alcance Fase 1),ND - pendiente Fase 2 (ECV): fuente fuera de alcance de Fase 1
Armenia,63,2024,Ene-Dic (12 meses),deficit_habitacional,Deficit habitacional cuantitativo,ND - pendiente Fase 2 (ECV),,,,,0,,ND,ECV (fuera de alcance Fase 1),ND - pendiente Fase 2 (ECV): fuente fuera de alcance de Fase 1
Armenia,63,2024,Ene-Dic (12 meses),deficit_habitacional,Distribucion por estrato socioeconomico,ND - pendiente Fase 2 (ECV),,,,,0,,ND,ECV (fuera de alcance Fase 1),ND - pendiente Fase 2 (ECV): fuente fuera de alcance de Fase 1
Armenia,63,2024,Ene-Dic (12 meses),esfuerzo_financiero,Arrendatarios que destinan >30% del ingreso al arriendo,39.8,,,,,4371,,ACEPTABLE,"Pobreza Monetaria 2024 (DANE, catalogo ANDA 874)",sobrecarga (>30%)
Armenia,63,2024,Ene-Dic (12 meses),esfuerzo_financiero,Arrendatarios que destinan >50% del ingreso al arriendo,13.24,,,,,4371,,ACEPTABLE,"Pobreza Monetaria 2024 (DANE, catalogo ANDA 874)",sobrecarga severa (>50%)
Armenia,63,2024,Ene-Dic (12 meses),esfuerzo_financiero,Arriendo/ingreso del hogar (mediana),25.9,,,,,4371,,ACEPTABLE,"Pobreza Monetaria 2024 (DANE, catalogo ANDA 874)",Merge con 99.2% de coincidencia
Armenia,63,2024,Ene-Dic (12 meses),hacinamiento,Hogares con hacinamiento (>3 personas/cuarto para dormir),0.89,0.1226,0.6819,1.1754,1.5004,8818,13.7543,ACEPTABLE,"GEIH 2024 (DANE, catalogo ANDA 819)","Umbral >3 sobre CUARTOS PARA DORMIR (P5010), no cuartos totales"
Armenia,63,2024,Ene-Dic (12 meses),hacinamiento,Hogares con hacinamiento critico NBI (>3 personas/cuarto TOTAL),0.2,,,,,8818,,NO PUBLICAR,"GEIH 2024 (DANE, catalogo ANDA 819)",Definicion oficial DANE-NBI (cuartos totales incl. sala-comedor)
Armenia,63,2024,Ene-Dic (12 meses),hacinamiento,Personas por cuarto para dormir - mediana,1.33,,,,,8818,,ACEPTABLE,"GEIH 2024 (DANE, catalogo ANDA 819)",
Armenia,63,2024,Ene-Dic (12 meses),hacinamiento,Personas por cuarto para dormir - promedio,1.44,0.0063,1.4308,1.4562,1.1544,8818,0.4340,EXCELENTE,"GEIH 2024 (DANE, catalogo ANDA 819)",
Armenia,63,2024,Ene-Dic (12 meses),ingreso_pobreza,% arrendatarios en pobreza monetaria,28.07,,,,,4434,,ACEPTABLE,"Pobreza Monetaria 2024 (DANE, catalogo ANDA 874)",
Armenia,63,2024,Ene-Dic (12 meses),ingreso_pobreza,% hogares no pobres que viven en arriendo,46.87,,,,,6996,,ACEPTABLE,"Pobreza Monetaria 2024 (DANE, catalogo ANDA 874)",
Armenia,63,2024,Ene-Dic (12 meses),ingreso_pobreza,% hogares pobres que viven en arriendo,65.18,,,,,1822,,ACEPTABLE,"Pobreza Monetaria 2024 (DANE, catalogo ANDA 874)",
Armenia,63,2024,Ene-Dic (12 meses),ingreso_pobreza,% propietarios en pobreza monetaria,10.93,,,,,3135,,ACEPTABLE,"Pobreza Monetaria 2024 (DANE, catalogo ANDA 874)",
Armenia,63,2024,Ene-Dic (12 meses),ingreso_pobreza,Brecha de ingreso propietarios vs arrendatarios,37.78,,,,,0,,NO_APLICA,"Pobreza Monetaria 2024 (DANE, catalogo ANDA 874)",(+) = propietarios ganan mas; calculado sobre medianas ponderadas
Armenia,63,2024,Ene-Dic (12 meses),ingreso_pobreza,Ingreso mediano hogares arrendatarios,2177391.42,,,,,4408,,ACEPTABLE,"Pobreza Monetaria 2024 (DANE, catalogo ANDA 874)",ingtotug = ingreso total unidad de gasto SIN imputar arriendo
Armenia,63,2024,Ene-Dic (12 meses),ingreso_pobreza,Ingreso mediano hogares propietarios,3000000.0,,,,,3109,,ACEPTABLE,"Pobreza Monetaria 2024 (DANE, catalogo ANDA 874)",ingtotug = ingreso total unidad de gasto SIN imputar arriendo
Armenia,63,2024,Ene-Dic (12 meses),servicios_publicos,Hogares sin acueducto,0.29,0.0679,0.1815,0.4333,1.4273,8818,23.7670,PRECAUCION,"GEIH 2024 (DANE, catalogo ANDA 819)",
Armenia,63,2024,Ene-Dic (12 meses),servicios_publicos,Hogares sin alcantarillado,1.11,0.1266,0.8797,1.3634,1.2860,8818,11.3902,ACEPTABLE,"GEIH 2024 (DANE, catalogo ANDA 819)",
Armenia,63,2024,Ene-Dic (12 meses),servicios_publicos,Hogares sin energia electrica,0.03,0.0181,0.0065,0.0746,0.8507,8818,53.2553,NO PUBLICAR,"GEIH 2024 (DANE, catalogo ANDA 819)",
Armenia,63,2024,Ene-Dic (12 meses),servicios_publicos,Hogares sin gas natural conectado a red,7.75,0.3127,7.2211,8.3924,1.2065,8818,4.0359,EXCELENTE,"GEIH 2024 (DANE, catalogo ANDA 819)",
Armenia,63,2024,Ene-Dic (12 meses),servicios_publicos,Hogares sin recoleccion de basuras,0.01,0.0065,0.0000,0.0228,0.5827,8818,101.1599,NO PUBLICAR,"GEIH 2024 (DANE, catalogo ANDA 819)",
Armenia,63,2024,Ene-Dic (12 meses),tenencia,Tenencia: En arriendo o subarriendo,50.89,0.5184,49.9349,51.9860,0.9481,4434,1.0187,EXCELENTE,"GEIH 2024 (DANE, catalogo ANDA 819)",
Armenia,63,2024,Ene-Dic (12 meses),tenencia,Tenencia: En usufructo,8.77,0.3009,8.2610,9.3785,0.9971,826,3.4287,EXCELENTE,"GEIH 2024 (DANE, catalogo ANDA 819)",
Armenia,63,2024,Ene-Dic (12 meses),tenencia,Tenencia: Otra,0.04,0.0252,0.0000,0.0983,1.3931,3,62.6970,NO PUBLICAR,"GEIH 2024 (DANE, catalogo ANDA 819)",
Armenia,63,2024,Ene-Dic (12 meses),tenencia,Tenencia: Posesion sin titulo,2.07,0.1709,1.7551,2.4146,1.2692,169,8.2449,ACEPTABLE,"GEIH 2024 (DANE, catalogo ANDA 819)",
Armenia,63,2024,Ene-Dic (12 meses),tenencia,"Tenencia: Propia, la estan pagando",5.87,0.2679,5.3618,6.3777,1.1444,485,4.5605,EXCELENTE,"GEIH 2024 (DANE, catalogo ANDA 819)",
Armenia,63,2024,Ene-Dic (12 meses),tenencia,"Tenencia: Propia, totalmente pagada",29.68,0.5165,28.5985,30.5992,1.1268,2650,1.7398,EXCELENTE,"GEIH 2024 (DANE, catalogo ANDA 819)",
Armenia,63,2024,Ene-Dic (12 meses),tenencia,Tenencia: Propiedad colectiva,2.67,0.1699,2.3655,3.0164,0.9803,251,6.3679,ACEPTABLE,"GEIH 2024 (DANE, catalogo ANDA 819)",
Armenia,63,2024,Ene-Dic (12 meses),tenencia,Tenencia: suma de categorias (control),100.0,,,,,8818,,NO_APLICA,"GEIH 2024 (DANE, catalogo ANDA 819)",Control de auditoria: debe ser 100% +/-0.1pp
Armenia,63,2024,Ene-Dic (12 meses),vivienda_propia_credito,Arriendo imputado (estimado) - P25,500000.0,,,,,4054,,ACEPTABLE,"GEIH 2024 (DANE, catalogo ANDA 819)",69 registro(s) excluidos por valor extremo
Armenia,63,2024,Ene-Dic (12 meses),vivienda_propia_credito,Arriendo imputado (estimado) - P75,850000.0,,,,,4054,,ACEPTABLE,"GEIH 2024 (DANE, catalogo ANDA 819)",69 registro(s) excluidos por valor extremo
Armenia,63,2024,Ene-Dic (12 meses),vivienda_propia_credito,Arriendo imputado (estimado) - mediana,600000.0,0.0000,600000.0000,600000.0000,0.0000,4054,0.0000,EXCELENTE,"GEIH 2024 (DANE, catalogo ANDA 819)",69 registro(s) excluidos por valor extremo
Armenia,63,2024,Ene-Dic (12 meses),vivienda_propia_credito,Arriendo imputado (estimado) - promedio,767064.37,8641.1925,752968.0801,785527.1784,1.2727,4054,1.1265,EXCELENTE,"GEIH 2024 (DANE, catalogo ANDA 819)",69 registro(s) excluidos por valor extremo
Armenia,63,2024,Ene-Dic (12 meses),vivienda_propia_credito,Cuota hipotecaria mensual - P25,383723.49,,,,,461,,ACEPTABLE,"GEIH 2024 (DANE, catalogo ANDA 819)",2 registro(s) excluidos por valor extremo
Armenia,63,2024,Ene-Dic (12 meses),vivienda_propia_credito,Cuota hipotecaria mensual - P75,1056735.11,,,,,461,,ACEPTABLE,"GEIH 2024 (DANE, catalogo ANDA 819)",2 registro(s) excluidos por valor extremo
Armenia,63,2024,Ene-Dic (12 meses),vivienda_propia_credito,Cuota hipotecaria mensual - mediana,600000.0,27520.4592,550000.0000,670000.0000,0.8336,461,4.5867,EXCELENTE,"GEIH 2024 (DANE, catalogo ANDA 819)",2 registro(s) excluidos por valor extremo
Armenia,63,2024,Ene-Dic (12 meses),vivienda_propia_credito,Cuota hipotecaria mensual - promedio,815068.87,35307.9080,749455.7764,886379.9873,1.3722,461,4.3319,EXCELENTE,"GEIH 2024 (DANE, catalogo ANDA 819)",2 registro(s) excluidos por valor extremo
Armenia,63,2024,Ene-Dic (12 meses),vivienda_propia_credito,Valor estimado de venta de la vivienda - P25,110000000.0,,,,,2075,,ACEPTABLE,"GEIH 2024 (DANE, catalogo ANDA 819)",23 registro(s) excluidos por valor extremo
Armenia,63,2024,Ene-Dic (12 meses),vivienda_propia_credito,Valor estimado de venta de la vivienda - P75,230000000.0,,,,,2075,,ACEPTABLE,"GEIH 2024 (DANE, catalogo ANDA 819)",23 registro(s) excluidos por valor extremo
Armenia,63,2024,Ene-Dic (12 meses),vivienda_propia_credito,Valor estimado de venta de la vivienda - mediana,150000000.0,3680973.0094,150000000.0000,160000000.0000,1.4411,2075,2.4540,EXCELENTE,"GEIH 2024 (DANE, catalogo ANDA 819)",23 registro(s) excluidos por valor extremo
Armenia,63,2024,Ene-Dic (12 meses),vivienda_propia_credito,Valor estimado de venta de la vivienda - promedio,192170949.27,3319039.2539,186289405.2759,199209511.5777,1.1717,2075,1.7271,EXCELENTE,"GEIH 2024 (DANE, catalogo ANDA 819)",23 registro(s) excluidos por valor extremo
Armenia,63,2025,Ene-Dic (12 meses),arriendo,Canon de arriendo mensual - P25,480000.0,,,,,4634,,ACEPTABLE,"GEIH 2025 (DANE, catalogo ANDA 853)",22 registro(s) excluidos por valor extremo
Armenia,63,2025,Ene-Dic (12 meses),arriendo,Canon de arriendo mensual - P75,770000.0,,,,,4634,,ACEPTABLE,"GEIH 2025 (DANE, catalogo ANDA 853)",22 registro(s) excluidos por valor extremo
Armenia,63,2025,Ene-Dic (12 meses),arriendo,Canon de arriendo mensual - mediana,600000.0,0.0000,600000.0000,600000.0000,0.0000,4634,0.0000,EXCELENTE,"GEIH 2025 (DANE, catalogo ANDA 853)",22 registro(s) excluidos por valor extremo
Armenia,63,2025,Ene-Dic (12 meses),arriendo,Canon de arriendo mensual - promedio,679511.94,5799.0188,667572.6536,690766.6784,1.1897,4634,0.8534,EXCELENTE,"GEIH 2025 (DANE, catalogo ANDA 853)",22 registro(s) excluidos por valor extremo
Armenia,63,2025,Ene-Dic (12 meses),deficit_habitacional,Deficit habitacional cualitativo,ND - pendiente Fase 2 (ECV),,,,,0,,ND,ECV (fuera de alcance Fase 1),ND - pendiente Fase 2 (ECV): fuente fuera de alcance de Fase 1
Armenia,63,2025,Ene-Dic (12 meses),deficit_habitacional,Deficit habitacional cuantitativo,ND - pendiente Fase 2 (ECV),,,,,0,,ND,ECV (fuera de alcance Fase 1),ND - pendiente Fase 2 (ECV): fuente fuera de alcance de Fase 1
Armenia,63,2025,Ene-Dic (12 meses),deficit_habitacional,Distribucion por estrato socioeconomico,ND - pendiente Fase 2 (ECV),,,,,0,,ND,ECV (fuera de alcance Fase 1),ND - pendiente Fase 2 (ECV): fuente fuera de alcance de Fase 1
Armenia,63,2025,Ene-Dic (12 meses),esfuerzo_financiero,Arrendatarios que destinan >30% del ingreso al arriendo,39.16,,,,,4617,,ACEPTABLE,"Pobreza Monetaria 2025 (DANE, catalogo ANDA 908)",sobrecarga (>30%)
Armenia,63,2025,Ene-Dic (12 meses),esfuerzo_financiero,Arrendatarios que destinan >50% del ingreso al arriendo,12.07,,,,,4617,,ACEPTABLE,"Pobreza Monetaria 2025 (DANE, catalogo ANDA 908)",sobrecarga severa (>50%)
Armenia,63,2025,Ene-Dic (12 meses),esfuerzo_financiero,Arriendo/ingreso del hogar (mediana),25.35,,,,,4617,,ACEPTABLE,"Pobreza Monetaria 2025 (DANE, catalogo ANDA 908)",Merge con 99.5% de coincidencia
Armenia,63,2025,Ene-Dic (12 meses),hacinamiento,Hogares con hacinamiento (>3 personas/cuarto para dormir),0.66,0.0963,0.4820,0.8484,1.2990,9233,14.5173,ACEPTABLE,"GEIH 2025 (DANE, catalogo ANDA 853)","Umbral >3 sobre CUARTOS PARA DORMIR (P5010), no cuartos totales"
Armenia,63,2025,Ene-Dic (12 meses),hacinamiento,Hogares con hacinamiento critico NBI (>3 personas/cuarto TOTAL),0.19,,,,,9233,,NO PUBLICAR,"GEIH 2025 (DANE, catalogo ANDA 853)",Definicion oficial DANE-NBI (cuartos totales incl. sala-comedor)
Armenia,63,2025,Ene-Dic (12 meses),hacinamiento,Personas por cuarto para dormir - mediana,1.33,,,,,9233,,ACEPTABLE,"GEIH 2025 (DANE, catalogo ANDA 853)",
Armenia,63,2025,Ene-Dic (12 meses),hacinamiento,Personas por cuarto para dormir - promedio,1.43,0.0059,1.4170,1.4406,1.2103,9233,0.4157,EXCELENTE,"GEIH 2025 (DANE, catalogo ANDA 853)",
Armenia,63,2025,Ene-Dic (12 meses),ingreso_pobreza,% arrendatarios en pobreza monetaria,25.6,,,,,4656,,ACEPTABLE,"Pobreza Monetaria 2025 (DANE, catalogo ANDA 908)",
Armenia,63,2025,Ene-Dic (12 meses),ingreso_pobreza,% hogares no pobres que viven en arriendo,48.02,,,,,7482,,ACEPTABLE,"Pobreza Monetaria 2025 (DANE, catalogo ANDA 908)",
Armenia,63,2025,Ene-Dic (12 meses),ingreso_pobreza,% hogares pobres que viven en arriendo,65.55,,,,,1751,,ACEPTABLE,"Pobreza Monetaria 2025 (DANE, catalogo ANDA 908)",
Armenia,63,2025,Ene-Dic (12 meses),ingreso_pobreza,% propietarios en pobreza monetaria,10.51,,,,,3076,,ACEPTABLE,"Pobreza Monetaria 2025 (DANE, catalogo ANDA 908)",
Armenia,63,2025,Ene-Dic (12 meses),ingreso_pobreza,Brecha de ingreso propietarios vs arrendatarios,39.13,,,,,0,,NO_APLICA,"Pobreza Monetaria 2025 (DANE, catalogo ANDA 908)",(+) = propietarios ganan mas; calculado sobre medianas ponderadas
Armenia,63,2025,Ene-Dic (12 meses),ingreso_pobreza,Ingreso mediano hogares arrendatarios,2300000.0,,,,,4639,,ACEPTABLE,"Pobreza Monetaria 2025 (DANE, catalogo ANDA 908)",ingtotug = ingreso total unidad de gasto SIN imputar arriendo
Armenia,63,2025,Ene-Dic (12 meses),ingreso_pobreza,Ingreso mediano hogares propietarios,3200000.0,,,,,3065,,ACEPTABLE,"Pobreza Monetaria 2025 (DANE, catalogo ANDA 908)",ingtotug = ingreso total unidad de gasto SIN imputar arriendo
Armenia,63,2025,Ene-Dic (12 meses),servicios_publicos,Hogares sin acueducto,0.15,0.0441,0.0731,0.2369,1.1622,9233,28.5023,NO PUBLICAR,"GEIH 2025 (DANE, catalogo ANDA 853)",
Armenia,63,2025,Ene-Dic (12 meses),servicios_publicos,Hogares sin alcantarillado,1.06,0.1395,0.7914,1.3483,1.7110,9233,13.1416,ACEPTABLE,"GEIH 2025 (DANE, catalogo ANDA 853)",
Armenia,63,2025,Ene-Dic (12 meses),servicios_publicos,Hogares sin energia electrica,0.06,0.0273,0.0133,0.1192,1.0964,9233,43.4987,NO PUBLICAR,"GEIH 2025 (DANE, catalogo ANDA 853)",
Armenia,63,2025,Ene-Dic (12 meses),servicios_publicos,Hogares sin gas natural conectado a red,7.27,0.2905,6.6666,7.8189,1.1551,9233,3.9933,EXCELENTE,"GEIH 2025 (DANE, catalogo ANDA 853)",
Armenia,63,2025,Ene-Dic (12 meses),servicios_publicos,Hogares sin recoleccion de basuras,0.15,0.0598,0.0505,0.2919,2.1599,9233,39.0387,NO PUBLICAR,"GEIH 2025 (DANE, catalogo ANDA 853)",
Armenia,63,2025,Ene-Dic (12 meses),tenencia,Tenencia: En arriendo o subarriendo,51.55,0.5664,50.3796,52.5620,1.1860,4656,1.0987,EXCELENTE,"GEIH 2025 (DANE, catalogo ANDA 853)",
Armenia,63,2025,Ene-Dic (12 meses),tenencia,Tenencia: En usufructo,10.53,0.3233,9.9068,11.2504,1.0242,1026,3.0694,EXCELENTE,"GEIH 2025 (DANE, catalogo ANDA 853)",
Armenia,63,2025,Ene-Dic (12 meses),tenencia,Tenencia: Otra,0.0,0.0000,0.0000,0.0000,,0,,ACEPTABLE,"GEIH 2025 (DANE, catalogo ANDA 853)",
Armenia,63,2025,Ene-Dic (12 meses),tenencia,Tenencia: Posesion sin titulo,2.0,0.1766,1.6376,2.3533,1.4695,152,8.8319,ACEPTABLE,"GEIH 2025 (DANE, catalogo ANDA 853)",
Armenia,63,2025,Ene-Dic (12 meses),tenencia,"Tenencia: Propia, la estan pagando",3.38,0.2078,2.9855,3.7866,1.2202,286,6.1447,ACEPTABLE,"GEIH 2025 (DANE, catalogo ANDA 853)",
Armenia,63,2025,Ene-Dic (12 meses),tenencia,"Tenencia: Propia, totalmente pagada",29.11,0.4923,28.2920,30.1168,1.0845,2790,1.6912,EXCELENTE,"GEIH 2025 (DANE, catalogo ANDA 853)",
Armenia,63,2025,Ene-Dic (12 meses),tenencia,Tenencia: Propiedad colectiva,3.42,0.2035,3.0805,3.8719,1.1574,323,5.9490,ACEPTABLE,"GEIH 2025 (DANE, catalogo ANDA 853)",
Armenia,63,2025,Ene-Dic (12 meses),tenencia,Tenencia: suma de categorias (control),100.0,,,,,9233,,NO_APLICA,"GEIH 2025 (DANE, catalogo ANDA 853)",Control de auditoria: debe ser 100% +/-0.1pp
Armenia,63,2025,Ene-Dic (12 meses),vivienda_propia_credito,Arriendo imputado (estimado) - P25,500000.0,,,,,4503,,ACEPTABLE,"GEIH 2025 (DANE, catalogo ANDA 853)",44 registro(s) excluidos por valor extremo
Armenia,63,2025,Ene-Dic (12 meses),vivienda_propia_credito,Arriendo imputado (estimado) - P75,800000.0,,,,,4503,,ACEPTABLE,"GEIH 2025 (DANE, catalogo ANDA 853)",44 registro(s) excluidos por valor extremo
Armenia,63,2025,Ene-Dic (12 meses),vivienda_propia_credito,Arriendo imputado (estimado) - mediana,600000.0,2995.8792,600000.0000,600000.0000,0.1828,4503,0.4993,EXCELENTE,"GEIH 2025 (DANE, catalogo ANDA 853)",44 registro(s) excluidos por valor extremo
Armenia,63,2025,Ene-Dic (12 meses),vivienda_propia_credito,Arriendo imputado (estimado) - promedio,756770.87,7427.1798,742619.4770,771161.7951,1.1234,4503,0.9814,EXCELENTE,"GEIH 2025 (DANE, catalogo ANDA 853)",44 registro(s) excluidos por valor extremo
Armenia,63,2025,Ene-Dic (12 meses),vivienda_propia_credito,Cuota hipotecaria mensual - P25,500000.0,,,,,284,,ACEPTABLE,"GEIH 2025 (DANE, catalogo ANDA 853)",
Armenia,63,2025,Ene-Dic (12 meses),vivienda_propia_credito,Cuota hipotecaria mensual - P75,1300000.0,,,,,284,,ACEPTABLE,"GEIH 2025 (DANE, catalogo ANDA 853)",
Armenia,63,2025,Ene-Dic (12 meses),vivienda_propia_credito,Cuota hipotecaria mensual - mediana,800000.0,56761.3127,700000.0000,900000.0000,0.3925,284,7.0952,ACEPTABLE,"GEIH 2025 (DANE, catalogo ANDA 853)",
Armenia,63,2025,Ene-Dic (12 meses),vivienda_propia_credito,Cuota hipotecaria mensual - promedio,1113282.0,96906.7464,964965.0480,1323470.7481,1.1441,284,8.7046,ACEPTABLE,"GEIH 2025 (DANE, catalogo ANDA 853)",
Armenia,63,2025,Ene-Dic (12 meses),vivienda_propia_credito,Valor estimado de venta de la vivienda - P25,100000000.0,,,,,2754,,ACEPTABLE,"GEIH 2025 (DANE, catalogo ANDA 853)",16 registro(s) excluidos por valor extremo
Armenia,63,2025,Ene-Dic (12 meses),vivienda_propia_credito,Valor estimado de venta de la vivienda - P75,220000000.0,,,,,2754,,ACEPTABLE,"GEIH 2025 (DANE, catalogo ANDA 853)",16 registro(s) excluidos por valor extremo
Armenia,63,2025,Ene-Dic (12 meses),vivienda_propia_credito,Valor estimado de venta de la vivienda - mediana,160000000.0,4354367.9483,150000000.0000,162625000.0000,2.7452,2754,2.7215,EXCELENTE,"GEIH 2025 (DANE, catalogo ANDA 853)",16 registro(s) excluidos por valor extremo
Armenia,63,2025,Ene-Dic (12 meses),vivienda_propia_credito,Valor estimado de venta de la vivienda - promedio,188999592.81,2809337.0025,183433131.4738,194219923.8153,1.1427,2754,1.4864,EXCELENTE,"GEIH 2025 (DANE, catalogo ANDA 853)",16 registro(s) excluidos por valor extremo
Armenia,63,2026*,Ene-Jun (parcial),arriendo,Canon de arriendo mensual - P25,530000.0,,,,,2270,,ACEPTABLE,"GEIH 2026 Ene-Jun (DANE, catalogo ANDA 900)",7 registro(s) excluidos por valor extremo
Armenia,63,2026*,Ene-Jun (parcial),arriendo,Canon de arriendo mensual - P75,900000.0,,,,,2270,,ACEPTABLE,"GEIH 2026 Ene-Jun (DANE, catalogo ANDA 900)",7 registro(s) excluidos por valor extremo
Armenia,63,2026*,Ene-Jun (parcial),arriendo,Canon de arriendo mensual - mediana,700000.0,1983.8853,700000.0000,700000.0000,0.0459,2270,0.2834,EXCELENTE,"GEIH 2026 Ene-Jun (DANE, catalogo ANDA 900)",7 registro(s) excluidos por valor extremo
Armenia,63,2026*,Ene-Jun (parcial),arriendo,Canon de arriendo mensual - promedio,803043.33,9471.6229,784878.7081,822275.8802,1.0472,2270,1.1795,EXCELENTE,"GEIH 2026 Ene-Jun (DANE, catalogo ANDA 900)",7 registro(s) excluidos por valor extremo
Armenia,63,2026*,Ene-Jun (parcial),deficit_habitacional,Deficit habitacional cualitativo,ND - pendiente Fase 2 (ECV),,,,,0,,ND,ECV (fuera de alcance Fase 1),ND - pendiente Fase 2 (ECV): fuente fuera de alcance de Fase 1
Armenia,63,2026*,Ene-Jun (parcial),deficit_habitacional,Deficit habitacional cuantitativo,ND - pendiente Fase 2 (ECV),,,,,0,,ND,ECV (fuera de alcance Fase 1),ND - pendiente Fase 2 (ECV): fuente fuera de alcance de Fase 1
Armenia,63,2026*,Ene-Jun (parcial),deficit_habitacional,Distribucion por estrato socioeconomico,ND - pendiente Fase 2 (ECV),,,,,0,,ND,ECV (fuera de alcance Fase 1),ND - pendiente Fase 2 (ECV): fuente fuera de alcance de Fase 1
Armenia,63,2026*,Ene-Jun (parcial),esfuerzo_financiero,Arrendatarios que destinan >30% del ingreso al arriendo,ND,,,,,0,,ND,ND - DANE no publica Pobreza Monetaria 2026,DANE no publica Medicion de Pobreza Monetaria y Desigualdad 2026 (requiere año calendario completo); no se calcula ni se extrapola
Armenia,63,2026*,Ene-Jun (parcial),esfuerzo_financiero,Arrendatarios que destinan >50% del ingreso al arriendo,ND,,,,,0,,ND,ND - DANE no publica Pobreza Monetaria 2026,DANE no publica Medicion de Pobreza Monetaria y Desigualdad 2026 (requiere año calendario completo); no se calcula ni se extrapola
Armenia,63,2026*,Ene-Jun (parcial),esfuerzo_financiero,Arriendo/ingreso del hogar (mediana),ND,,,,,0,,ND,ND - DANE no publica Pobreza Monetaria 2026,DANE no publica Medicion de Pobreza Monetaria y Desigualdad 2026 (requiere año calendario completo); no se calcula ni se extrapola
Armenia,63,2026*,Ene-Jun (parcial),hacinamiento,Hogares con hacinamiento (>3 personas/cuarto para dormir),0.49,0.1244,0.2733,0.7491,1.4234,4438,25.6512,NO PUBLICAR,"GEIH 2026 Ene-Jun (DANE, catalogo ANDA 900)","Umbral >3 sobre CUARTOS PARA DORMIR (P5010), no cuartos totales"
Armenia,63,2026*,Ene-Jun (parcial),hacinamiento,Hogares con hacinamiento critico NBI (>3 personas/cuarto TOTAL),0.18,,,,,4438,,NO PUBLICAR,"GEIH 2026 Ene-Jun (DANE, catalogo ANDA 900)",Definicion oficial DANE-NBI (cuartos totales incl. sala-comedor)
Armenia,63,2026*,Ene-Jun (parcial),hacinamiento,Personas por cuarto para dormir - mediana,1.33,,,,,4438,,ACEPTABLE,"GEIH 2026 Ene-Jun (DANE, catalogo ANDA 900)",
Armenia,63,2026*,Ene-Jun (parcial),hacinamiento,Personas por cuarto para dormir - promedio,1.44,0.0085,1.4220,1.4548,1.2079,4438,0.5915,EXCELENTE,"GEIH 2026 Ene-Jun (DANE, catalogo ANDA 900)",
Armenia,63,2026*,Ene-Jun (parcial),ingreso_pobreza,% arrendatarios en pobreza monetaria,ND,,,,,0,,ND,ND - DANE no publica Pobreza Monetaria 2026,DANE no publica Medicion de Pobreza Monetaria y Desigualdad 2026 (requiere año calendario completo); no se calcula ni se extrapola
Armenia,63,2026*,Ene-Jun (parcial),ingreso_pobreza,% hogares no pobres que viven en arriendo,ND,,,,,0,,ND,ND - DANE no publica Pobreza Monetaria 2026,DANE no publica Medicion de Pobreza Monetaria y Desigualdad 2026 (requiere año calendario completo); no se calcula ni se extrapola
Armenia,63,2026*,Ene-Jun (parcial),ingreso_pobreza,% hogares pobres que viven en arriendo,ND,,,,,0,,ND,ND - DANE no publica Pobreza Monetaria 2026,DANE no publica Medicion de Pobreza Monetaria y Desigualdad 2026 (requiere año calendario completo); no se calcula ni se extrapola
Armenia,63,2026*,Ene-Jun (parcial),ingreso_pobreza,% propietarios en pobreza monetaria,ND,,,,,0,,ND,ND - DANE no publica Pobreza Monetaria 2026,DANE no publica Medicion de Pobreza Monetaria y Desigualdad 2026 (requiere año calendario completo); no se calcula ni se extrapola
Armenia,63,2026*,Ene-Jun (parcial),ingreso_pobreza,Brecha de ingreso propietarios vs arrendatarios,ND,,,,,0,,ND,ND - DANE no publica Pobreza Monetaria 2026,DANE no publica Medicion de Pobreza Monetaria y Desigualdad 2026 (requiere año calendario completo); no se calcula ni se extrapola
Armenia,63,2026*,Ene-Jun (parcial),ingreso_pobreza,Ingreso mediano hogares arrendatarios,ND,,,,,0,,ND,ND - DANE no publica Pobreza Monetaria 2026,DANE no publica Medicion de Pobreza Monetaria y Desigualdad 2026 (requiere año calendario completo); no se calcula ni se extrapola
Armenia,63,2026*,Ene-Jun (parcial),ingreso_pobreza,Ingreso mediano hogares propietarios,ND,,,,,0,,ND,ND - DANE no publica Pobreza Monetaria 2026,DANE no publica Medicion de Pobreza Monetaria y Desigualdad 2026 (requiere año calendario completo); no se calcula ni se extrapola
Armenia,63,2026*,Ene-Jun (parcial),servicios_publicos,Hogares sin acueducto,0.05,0.0380,0.0000,0.1280,1.2600,4438,74.7136,NO PUBLICAR,"GEIH 2026 Ene-Jun (DANE, catalogo ANDA 900)",
Armenia,63,2026*,Ene-Jun (parcial),servicios_publicos,Hogares sin alcantarillado,1.07,0.1769,0.7343,1.4233,1.3115,4438,16.5253,PRECAUCION,"GEIH 2026 Ene-Jun (DANE, catalogo ANDA 900)",
Armenia,63,2026*,Ene-Jun (parcial),servicios_publicos,Hogares sin energia electrica,0.0,0.0000,0.0000,0.0000,,4438,,ACEPTABLE,"GEIH 2026 Ene-Jun (DANE, catalogo ANDA 900)",
Armenia,63,2026*,Ene-Jun (parcial),servicios_publicos,Hogares sin gas natural conectado a red,6.88,0.4085,6.0177,7.6147,1.1564,4438,5.9400,ACEPTABLE,"GEIH 2026 Ene-Jun (DANE, catalogo ANDA 900)",
Armenia,63,2026*,Ene-Jun (parcial),servicios_publicos,Hogares sin recoleccion de basuras,0.0,0.0000,0.0000,0.0000,,4438,,ACEPTABLE,"GEIH 2026 Ene-Jun (DANE, catalogo ANDA 900)",
Armenia,63,2026*,Ene-Jun (parcial),tenencia,Tenencia: En arriendo o subarriendo,51.28,0.7758,49.7442,52.7237,1.0691,2278,1.5128,EXCELENTE,"GEIH 2026 Ene-Jun (DANE, catalogo ANDA 900)",
Armenia,63,2026*,Ene-Jun (parcial),tenencia,Tenencia: En usufructo,9.34,0.4329,8.4554,10.0934,0.9827,439,4.6374,EXCELENTE,"GEIH 2026 Ene-Jun (DANE, catalogo ANDA 900)",
Armenia,63,2026*,Ene-Jun (parcial),tenencia,Tenencia: Otra,0.0,0.0000,0.0000,0.0000,,0,,ACEPTABLE,"GEIH 2026 Ene-Jun (DANE, catalogo ANDA 900)",
Armenia,63,2026*,Ene-Jun (parcial),tenencia,Tenencia: Posesion sin titulo,3.25,0.2917,2.7267,3.8276,1.2017,147,8.9805,ACEPTABLE,"GEIH 2026 Ene-Jun (DANE, catalogo ANDA 900)",
Armenia,63,2026*,Ene-Jun (parcial),tenencia,"Tenencia: Propia, la estan pagando",5.85,0.4151,5.0077,6.6549,1.3875,244,7.0906,ACEPTABLE,"GEIH 2026 Ene-Jun (DANE, catalogo ANDA 900)",
Armenia,63,2026*,Ene-Jun (parcial),tenencia,"Tenencia: Propia, totalmente pagada",28.13,0.7222,26.8108,29.8744,1.1450,1233,2.5677,EXCELENTE,"GEIH 2026 Ene-Jun (DANE, catalogo ANDA 900)",
Armenia,63,2026*,Ene-Jun (parcial),tenencia,Tenencia: Propiedad colectiva,2.15,0.2515,1.6847,2.6269,1.3318,97,11.6777,ACEPTABLE,"GEIH 2026 Ene-Jun (DANE, catalogo ANDA 900)",
Armenia,63,2026*,Ene-Jun (parcial),tenencia,Tenencia: suma de categorias (control),100.0,,,,,4438,,NO_APLICA,"GEIH 2026 Ene-Jun (DANE, catalogo ANDA 900)",Control de auditoria: debe ser 100% +/-0.1pp
Armenia,63,2026*,Ene-Jun (parcial),vivienda_propia_credito,Arriendo imputado (estimado) - P25,550000.0,,,,,2109,,ACEPTABLE,"GEIH 2026 Ene-Jun (DANE, catalogo ANDA 900)",45 registro(s) excluidos por valor extremo
Armenia,63,2026*,Ene-Jun (parcial),vivienda_propia_credito,Arriendo imputado (estimado) - P75,1000000.0,,,,,2109,,ACEPTABLE,"GEIH 2026 Ene-Jun (DANE, catalogo ANDA 900)",45 registro(s) excluidos por valor extremo
Armenia,63,2026*,Ene-Jun (parcial),vivienda_propia_credito,Arriendo imputado (estimado) - mediana,750000.0,29112.9724,700000.0000,800000.0000,6.1284,2109,3.8817,EXCELENTE,"GEIH 2026 Ene-Jun (DANE, catalogo ANDA 900)",45 registro(s) excluidos por valor extremo
Armenia,63,2026*,Ene-Jun (parcial),vivienda_propia_credito,Arriendo imputado (estimado) - promedio,903344.75,11987.4014,879798.3318,926753.0791,1.0390,2109,1.3270,EXCELENTE,"GEIH 2026 Ene-Jun (DANE, catalogo ANDA 900)",45 registro(s) excluidos por valor extremo
Armenia,63,2026*,Ene-Jun (parcial),vivienda_propia_credito,Cuota hipotecaria mensual - P25,500000.0,,,,,244,,ACEPTABLE,"GEIH 2026 Ene-Jun (DANE, catalogo ANDA 900)",
Armenia,63,2026*,Ene-Jun (parcial),vivienda_propia_credito,Cuota hipotecaria mensual - P75,1300000.0,,,,,244,,ACEPTABLE,"GEIH 2026 Ene-Jun (DANE, catalogo ANDA 900)",
Armenia,63,2026*,Ene-Jun (parcial),vivienda_propia_credito,Cuota hipotecaria mensual - mediana,725288.23,43231.8179,693248.4538,800000.0000,0.3950,244,5.9606,ACEPTABLE,"GEIH 2026 Ene-Jun (DANE, catalogo ANDA 900)",
Armenia,63,2026*,Ene-Jun (parcial),vivienda_propia_credito,Cuota hipotecaria mensual - promedio,1134817.7,71880.2168,1003498.7758,1278840.8199,1.0919,244,6.3341,ACEPTABLE,"GEIH 2026 Ene-Jun (DANE, catalogo ANDA 900)",
Armenia,63,2026*,Ene-Jun (parcial),vivienda_propia_credito,Valor estimado de venta de la vivienda - P25,130000000.0,,,,,1417,,ACEPTABLE,"GEIH 2026 Ene-Jun (DANE, catalogo ANDA 900)",12 registro(s) excluidos por valor extremo
Armenia,63,2026*,Ene-Jun (parcial),vivienda_propia_credito,Valor estimado de venta de la vivienda - P75,280000000.0,,,,,1417,,ACEPTABLE,"GEIH 2026 Ene-Jun (DANE, catalogo ANDA 900)",12 registro(s) excluidos por valor extremo
Armenia,63,2026*,Ene-Jun (parcial),vivienda_propia_credito,Valor estimado de venta de la vivienda - mediana,185000000.0,4923697.9653,180000000.0000,190000000.0000,0.7181,1417,2.6615,EXCELENTE,"GEIH 2026 Ene-Jun (DANE, catalogo ANDA 900)",12 registro(s) excluidos por valor extremo
Armenia,63,2026*,Ene-Jun (parcial),vivienda_propia_credito,Valor estimado de venta de la vivienda - promedio,242224096.17,6353331.3933,230937737.6708,256016308.5453,1.1957,1417,2.6229,EXCELENTE,"GEIH 2026 Ene-Jun (DANE, catalogo ANDA 900)",12 registro(s) excluidos por valor extremo
Barranquilla A.M.,08,2023,Ene-Dic (12 meses),arriendo,Canon de arriendo mensual - P25,400000.0,,,,,2750,,ACEPTABLE,"GEIH 2023 (DANE, catalogo ANDA 782)",14 registro(s) excluidos por valor extremo
Barranquilla A.M.,08,2023,Ene-Dic (12 meses),arriendo,Canon de arriendo mensual - P75,700000.0,,,,,2750,,ACEPTABLE,"GEIH 2023 (DANE, catalogo ANDA 782)",14 registro(s) excluidos por valor extremo
Barranquilla A.M.,08,2023,Ene-Dic (12 meses),arriendo,Canon de arriendo mensual - mediana,500000.0,8034.2269,500000.0000,530000.0000,0.9087,2750,1.6068,EXCELENTE,"GEIH 2023 (DANE, catalogo ANDA 782)",14 registro(s) excluidos por valor extremo
Barranquilla A.M.,08,2023,Ene-Dic (12 meses),arriendo,Canon de arriendo mensual - promedio,646810.38,9252.4230,628705.0947,665627.5940,1.2051,2750,1.4305,EXCELENTE,"GEIH 2023 (DANE, catalogo ANDA 782)",14 registro(s) excluidos por valor extremo
Barranquilla A.M.,08,2023,Ene-Dic (12 meses),deficit_habitacional,Deficit habitacional cualitativo,ND - pendiente Fase 2 (ECV),,,,,0,,ND,ECV (fuera de alcance Fase 1),ND - pendiente Fase 2 (ECV): fuente fuera de alcance de Fase 1
Barranquilla A.M.,08,2023,Ene-Dic (12 meses),deficit_habitacional,Deficit habitacional cuantitativo,ND - pendiente Fase 2 (ECV),,,,,0,,ND,ECV (fuera de alcance Fase 1),ND - pendiente Fase 2 (ECV): fuente fuera de alcance de Fase 1
Barranquilla A.M.,08,2023,Ene-Dic (12 meses),deficit_habitacional,Distribucion por estrato socioeconomico,ND - pendiente Fase 2 (ECV),,,,,0,,ND,ECV (fuera de alcance Fase 1),ND - pendiente Fase 2 (ECV): fuente fuera de alcance de Fase 1
Barranquilla A.M.,08,2023,Ene-Dic (12 meses),esfuerzo_financiero,Arrendatarios que destinan >30% del ingreso al arriendo,44.55,,,,,2737,,ACEPTABLE,"Pobreza Monetaria 2023 (DANE, catalogo ANDA 835)",sobrecarga (>30%)
Barranquilla A.M.,08,2023,Ene-Dic (12 meses),esfuerzo_financiero,Arrendatarios que destinan >50% del ingreso al arriendo,18.16,,,,,2737,,ACEPTABLE,"Pobreza Monetaria 2023 (DANE, catalogo ANDA 835)",sobrecarga severa (>50%)
Barranquilla A.M.,08,2023,Ene-Dic (12 meses),esfuerzo_financiero,Arriendo/ingreso del hogar (mediana),27.49,,,,,2737,,ACEPTABLE,"Pobreza Monetaria 2023 (DANE, catalogo ANDA 835)",Merge con 99.2% de coincidencia
Barranquilla A.M.,08,2023,Ene-Dic (12 meses),hacinamiento,Hogares con hacinamiento (>3 personas/cuarto para dormir),5.53,0.3012,4.9405,6.1800,1.3772,7931,5.4454,ACEPTABLE,"GEIH 2023 (DANE, catalogo ANDA 782)","Umbral >3 sobre CUARTOS PARA DORMIR (P5010), no cuartos totales"
Barranquilla A.M.,08,2023,Ene-Dic (12 meses),hacinamiento,Hogares con hacinamiento critico NBI (>3 personas/cuarto TOTAL),1.19,,,,,7931,,ACEPTABLE,"GEIH 2023 (DANE, catalogo ANDA 782)",Definicion oficial DANE-NBI (cuartos totales incl. sala-comedor)
Barranquilla A.M.,08,2023,Ene-Dic (12 meses),hacinamiento,Personas por cuarto para dormir - mediana,1.67,,,,,7931,,ACEPTABLE,"GEIH 2023 (DANE, catalogo ANDA 782)",
Barranquilla A.M.,08,2023,Ene-Dic (12 meses),hacinamiento,Personas por cuarto para dormir - promedio,1.84,0.0113,1.8179,1.8604,1.3820,7931,0.6145,EXCELENTE,"GEIH 2023 (DANE, catalogo ANDA 782)",
Barranquilla A.M.,08,2023,Ene-Dic (12 meses),ingreso_pobreza,% arrendatarios en pobreza monetaria,35.63,,,,,2773,,ACEPTABLE,"Pobreza Monetaria 2023 (DANE, catalogo ANDA 835)",
Barranquilla A.M.,08,2023,Ene-Dic (12 meses),ingreso_pobreza,% hogares no pobres que viven en arriendo,32.0,,,,,5974,,ACEPTABLE,"Pobreza Monetaria 2023 (DANE, catalogo ANDA 835)",
Barranquilla A.M.,08,2023,Ene-Dic (12 meses),ingreso_pobreza,% hogares pobres que viven en arriendo,53.61,,,,,1957,,ACEPTABLE,"Pobreza Monetaria 2023 (DANE, catalogo ANDA 835)",
Barranquilla A.M.,08,2023,Ene-Dic (12 meses),ingreso_pobreza,% propietarios en pobreza monetaria,15.26,,,,,3344,,ACEPTABLE,"Pobreza Monetaria 2023 (DANE, catalogo ANDA 835)",
Barranquilla A.M.,08,2023,Ene-Dic (12 meses),ingreso_pobreza,Brecha de ingreso propietarios vs arrendatarios,49.82,,,,,0,,NO_APLICA,"Pobreza Monetaria 2023 (DANE, catalogo ANDA 835)",(+) = propietarios ganan mas; calculado sobre medianas ponderadas
Barranquilla A.M.,08,2023,Ene-Dic (12 meses),ingreso_pobreza,Ingreso mediano hogares arrendatarios,1901563.21,,,,,2759,,ACEPTABLE,"Pobreza Monetaria 2023 (DANE, catalogo ANDA 835)",ingtotug = ingreso total unidad de gasto SIN imputar arriendo
Barranquilla A.M.,08,2023,Ene-Dic (12 meses),ingreso_pobreza,Ingreso mediano hogares propietarios,2848916.84,,,,,3323,,ACEPTABLE,"Pobreza Monetaria 2023 (DANE, catalogo ANDA 835)",ingtotug = ingreso total unidad de gasto SIN imputar arriendo
Barranquilla A.M.,08,2023,Ene-Dic (12 meses),servicios_publicos,Hogares sin acueducto,0.13,0.0594,0.0337,0.2495,2.0985,7931,44.4971,NO PUBLICAR,"GEIH 2023 (DANE, catalogo ANDA 782)",
Barranquilla A.M.,08,2023,Ene-Dic (12 meses),servicios_publicos,Hogares sin alcantarillado,4.32,0.3056,3.7402,4.8581,1.7905,7931,7.0689,ACEPTABLE,"GEIH 2023 (DANE, catalogo ANDA 782)",
Barranquilla A.M.,08,2023,Ene-Dic (12 meses),servicios_publicos,Hogares sin energia electrica,0.0,0.0000,0.0000,0.0000,,7931,,ACEPTABLE,"GEIH 2023 (DANE, catalogo ANDA 782)",
Barranquilla A.M.,08,2023,Ene-Dic (12 meses),servicios_publicos,Hogares sin gas natural conectado a red,6.02,0.3109,5.4320,6.6331,1.3542,7931,5.1609,ACEPTABLE,"GEIH 2023 (DANE, catalogo ANDA 782)",
Barranquilla A.M.,08,2023,Ene-Dic (12 meses),servicios_publicos,Hogares sin recoleccion de basuras,0.91,0.1669,0.5684,1.2217,2.4503,7931,18.3447,PRECAUCION,"GEIH 2023 (DANE, catalogo ANDA 782)",
Barranquilla A.M.,08,2023,Ene-Dic (12 meses),tenencia,Tenencia: En arriendo o subarriendo,37.37,0.6859,36.0843,38.6448,1.5941,2773,1.8356,EXCELENTE,"GEIH 2023 (DANE, catalogo ANDA 782)",
Barranquilla A.M.,08,2023,Ene-Dic (12 meses),tenencia,Tenencia: En usufructo,20.55,0.5272,19.5716,21.6388,1.3503,1736,2.5657,EXCELENTE,"GEIH 2023 (DANE, catalogo ANDA 782)",
Barranquilla A.M.,08,2023,Ene-Dic (12 meses),tenencia,Tenencia: Otra,0.1,0.0386,0.0247,0.1760,1.2227,7,39.9385,NO PUBLICAR,"GEIH 2023 (DANE, catalogo ANDA 782)",
Barranquilla A.M.,08,2023,Ene-Dic (12 meses),tenencia,Tenencia: Posesion sin titulo,0.49,0.0964,0.3153,0.6944,1.5018,35,19.5417,PRECAUCION,"GEIH 2023 (DANE, catalogo ANDA 782)",
Barranquilla A.M.,08,2023,Ene-Dic (12 meses),tenencia,"Tenencia: Propia, la estan pagando",4.31,0.3156,3.7409,4.9676,1.9142,264,7.3180,ACEPTABLE,"GEIH 2023 (DANE, catalogo ANDA 782)",
Barranquilla A.M.,08,2023,Ene-Dic (12 meses),tenencia,"Tenencia: Propia, totalmente pagada",36.74,0.6566,35.3481,37.9277,1.4714,3080,1.7875,EXCELENTE,"GEIH 2023 (DANE, catalogo ANDA 782)",
Barranquilla A.M.,08,2023,Ene-Dic (12 meses),tenencia,Tenencia: Propiedad colectiva,0.45,0.0939,0.2813,0.6329,1.5682,36,20.9721,PRECAUCION,"GEIH 2023 (DANE, catalogo ANDA 782)",
Barranquilla A.M.,08,2023,Ene-Dic (12 meses),tenencia,Tenencia: suma de categorias (control),100.0,,,,,7931,,NO_APLICA,"GEIH 2023 (DANE, catalogo ANDA 782)",Control de auditoria: debe ser 100% +/-0.1pp
Barranquilla A.M.,08,2023,Ene-Dic (12 meses),vivienda_propia_credito,Arriendo imputado (estimado) - P25,500000.0,,,,,5123,,ACEPTABLE,"GEIH 2023 (DANE, catalogo ANDA 782)",14 registro(s) excluidos por valor extremo
Barranquilla A.M.,08,2023,Ene-Dic (12 meses),vivienda_propia_credito,Arriendo imputado (estimado) - P75,800000.0,,,,,5123,,ACEPTABLE,"GEIH 2023 (DANE, catalogo ANDA 782)",14 registro(s) excluidos por valor extremo
Barranquilla A.M.,08,2023,Ene-Dic (12 meses),vivienda_propia_credito,Arriendo imputado (estimado) - mediana,600000.0,0.0000,600000.0000,600000.0000,0.0000,5123,0.0000,EXCELENTE,"GEIH 2023 (DANE, catalogo ANDA 782)",14 registro(s) excluidos por valor extremo
Barranquilla A.M.,08,2023,Ene-Dic (12 meses),vivienda_propia_credito,Arriendo imputado (estimado) - promedio,827165.33,10393.3099,807984.4746,846804.8951,1.0225,5123,1.2565,EXCELENTE,"GEIH 2023 (DANE, catalogo ANDA 782)",14 registro(s) excluidos por valor extremo
Barranquilla A.M.,08,2023,Ene-Dic (12 meses),vivienda_propia_credito,Cuota hipotecaria mensual - P25,300000.0,,,,,256,,ACEPTABLE,"GEIH 2023 (DANE, catalogo ANDA 782)",
Barranquilla A.M.,08,2023,Ene-Dic (12 meses),vivienda_propia_credito,Cuota hipotecaria mensual - P75,1300000.0,,,,,256,,ACEPTABLE,"GEIH 2023 (DANE, catalogo ANDA 782)",
Barranquilla A.M.,08,2023,Ene-Dic (12 meses),vivienda_propia_credito,Cuota hipotecaria mensual - mediana,500000.0,42319.4789,453580.3839,624966.0877,0.4364,256,8.4639,ACEPTABLE,"GEIH 2023 (DANE, catalogo ANDA 782)",
Barranquilla A.M.,08,2023,Ene-Dic (12 meses),vivienda_propia_credito,Cuota hipotecaria mensual - promedio,957401.19,66171.5679,837953.1943,1093257.6481,1.0669,256,6.9116,ACEPTABLE,"GEIH 2023 (DANE, catalogo ANDA 782)",
Barranquilla A.M.,08,2023,Ene-Dic (12 meses),vivienda_propia_credito,Valor estimado de venta de la vivienda - P25,60000000.0,,,,,3258,,ACEPTABLE,"GEIH 2023 (DANE, catalogo ANDA 782)",5 registro(s) excluidos por valor extremo
Barranquilla A.M.,08,2023,Ene-Dic (12 meses),vivienda_propia_credito,Valor estimado de venta de la vivienda - P75,200000000.0,,,,,3258,,ACEPTABLE,"GEIH 2023 (DANE, catalogo ANDA 782)",5 registro(s) excluidos por valor extremo
Barranquilla A.M.,08,2023,Ene-Dic (12 meses),vivienda_propia_credito,Valor estimado de venta de la vivienda - mediana,100000000.0,1414159.7376,100000000.0000,100000000.0000,0.1054,3258,1.4142,EXCELENTE,"GEIH 2023 (DANE, catalogo ANDA 782)",5 registro(s) excluidos por valor extremo
Barranquilla A.M.,08,2023,Ene-Dic (12 meses),vivienda_propia_credito,Valor estimado de venta de la vivienda - promedio,173448238.45,4631255.6926,165088778.2812,182759538.7718,1.1308,3258,2.6701,EXCELENTE,"GEIH 2023 (DANE, catalogo ANDA 782)",5 registro(s) excluidos por valor extremo
Barranquilla A.M.,08,2024,Ene-Dic (12 meses),arriendo,Canon de arriendo mensual - P25,450000.0,,,,,2720,,ACEPTABLE,"GEIH 2024 (DANE, catalogo ANDA 819)",11 registro(s) excluidos por valor extremo
Barranquilla A.M.,08,2024,Ene-Dic (12 meses),arriendo,Canon de arriendo mensual - P75,750000.0,,,,,2720,,ACEPTABLE,"GEIH 2024 (DANE, catalogo ANDA 819)",11 registro(s) excluidos por valor extremo
Barranquilla A.M.,08,2024,Ene-Dic (12 meses),arriendo,Canon de arriendo mensual - mediana,550000.0,20740.0526,550000.0000,600000.0000,4.8899,2720,3.7709,EXCELENTE,"GEIH 2024 (DANE, catalogo ANDA 819)",11 registro(s) excluidos por valor extremo
Barranquilla A.M.,08,2024,Ene-Dic (12 meses),arriendo,Canon de arriendo mensual - promedio,702171.01,9826.3842,681606.0575,719127.4988,1.0977,2720,1.3994,EXCELENTE,"GEIH 2024 (DANE, catalogo ANDA 819)",11 registro(s) excluidos por valor extremo
Barranquilla A.M.,08,2024,Ene-Dic (12 meses),deficit_habitacional,Deficit habitacional cualitativo,ND - pendiente Fase 2 (ECV),,,,,0,,ND,ECV (fuera de alcance Fase 1),ND - pendiente Fase 2 (ECV): fuente fuera de alcance de Fase 1
Barranquilla A.M.,08,2024,Ene-Dic (12 meses),deficit_habitacional,Deficit habitacional cuantitativo,ND - pendiente Fase 2 (ECV),,,,,0,,ND,ECV (fuera de alcance Fase 1),ND - pendiente Fase 2 (ECV): fuente fuera de alcance de Fase 1
Barranquilla A.M.,08,2024,Ene-Dic (12 meses),deficit_habitacional,Distribucion por estrato socioeconomico,ND - pendiente Fase 2 (ECV),,,,,0,,ND,ECV (fuera de alcance Fase 1),ND - pendiente Fase 2 (ECV): fuente fuera de alcance de Fase 1
Barranquilla A.M.,08,2024,Ene-Dic (12 meses),esfuerzo_financiero,Arrendatarios que destinan >30% del ingreso al arriendo,40.93,,,,,2709,,ACEPTABLE,"Pobreza Monetaria 2024 (DANE, catalogo ANDA 874)",sobrecarga (>30%)
Barranquilla A.M.,08,2024,Ene-Dic (12 meses),esfuerzo_financiero,Arrendatarios que destinan >50% del ingreso al arriendo,16.14,,,,,2709,,ACEPTABLE,"Pobreza Monetaria 2024 (DANE, catalogo ANDA 874)",sobrecarga severa (>50%)
Barranquilla A.M.,08,2024,Ene-Dic (12 meses),esfuerzo_financiero,Arriendo/ingreso del hogar (mediana),25.92,,,,,2709,,ACEPTABLE,"Pobreza Monetaria 2024 (DANE, catalogo ANDA 874)",Merge con 99.5% de coincidencia
Barranquilla A.M.,08,2024,Ene-Dic (12 meses),hacinamiento,Hogares con hacinamiento (>3 personas/cuarto para dormir),4.82,0.2734,4.2176,5.3123,1.2667,7772,5.6732,ACEPTABLE,"GEIH 2024 (DANE, catalogo ANDA 819)","Umbral >3 sobre CUARTOS PARA DORMIR (P5010), no cuartos totales"
Barranquilla A.M.,08,2024,Ene-Dic (12 meses),hacinamiento,Hogares con hacinamiento critico NBI (>3 personas/cuarto TOTAL),1.06,,,,,7772,,PRECAUCION,"GEIH 2024 (DANE, catalogo ANDA 819)",Definicion oficial DANE-NBI (cuartos totales incl. sala-comedor)
Barranquilla A.M.,08,2024,Ene-Dic (12 meses),hacinamiento,Personas por cuarto para dormir - mediana,1.5,,,,,7772,,ACEPTABLE,"GEIH 2024 (DANE, catalogo ANDA 819)",
Barranquilla A.M.,08,2024,Ene-Dic (12 meses),hacinamiento,Personas por cuarto para dormir - promedio,1.79,0.0104,1.7715,1.8116,1.2295,7772,0.5801,EXCELENTE,"GEIH 2024 (DANE, catalogo ANDA 819)",
Barranquilla A.M.,08,2024,Ene-Dic (12 meses),ingreso_pobreza,% arrendatarios en pobreza monetaria,32.37,,,,,2735,,ACEPTABLE,"Pobreza Monetaria 2024 (DANE, catalogo ANDA 874)",
Barranquilla A.M.,08,2024,Ene-Dic (12 meses),ingreso_pobreza,% hogares no pobres que viven en arriendo,33.34,,,,,5896,,ACEPTABLE,"Pobreza Monetaria 2024 (DANE, catalogo ANDA 874)",
Barranquilla A.M.,08,2024,Ene-Dic (12 meses),ingreso_pobreza,% hogares pobres que viven en arriendo,49.06,,,,,1876,,ACEPTABLE,"Pobreza Monetaria 2024 (DANE, catalogo ANDA 874)",
Barranquilla A.M.,08,2024,Ene-Dic (12 meses),ingreso_pobreza,% propietarios en pobreza monetaria,16.11,,,,,3021,,ACEPTABLE,"Pobreza Monetaria 2024 (DANE, catalogo ANDA 874)",
Barranquilla A.M.,08,2024,Ene-Dic (12 meses),ingreso_pobreza,Brecha de ingreso propietarios vs arrendatarios,39.25,,,,,0,,NO_APLICA,"Pobreza Monetaria 2024 (DANE, catalogo ANDA 874)",(+) = propietarios ganan mas; calculado sobre medianas ponderadas
Barranquilla A.M.,08,2024,Ene-Dic (12 meses),ingreso_pobreza,Ingreso mediano hogares arrendatarios,2100000.0,,,,,2723,,ACEPTABLE,"Pobreza Monetaria 2024 (DANE, catalogo ANDA 874)",ingtotug = ingreso total unidad de gasto SIN imputar arriendo
Barranquilla A.M.,08,2024,Ene-Dic (12 meses),ingreso_pobreza,Ingreso mediano hogares propietarios,2924171.78,,,,,2995,,ACEPTABLE,"Pobreza Monetaria 2024 (DANE, catalogo ANDA 874)",ingtotug = ingreso total unidad de gasto SIN imputar arriendo
Barranquilla A.M.,08,2024,Ene-Dic (12 meses),servicios_publicos,Hogares sin acueducto,0.33,0.0732,0.1865,0.4876,1.2701,7772,22.2392,PRECAUCION,"GEIH 2024 (DANE, catalogo ANDA 819)",
Barranquilla A.M.,08,2024,Ene-Dic (12 meses),servicios_publicos,Hogares sin alcantarillado,4.63,0.3222,4.0026,5.2223,1.8281,7772,6.9632,ACEPTABLE,"GEIH 2024 (DANE, catalogo ANDA 819)",
Barranquilla A.M.,08,2024,Ene-Dic (12 meses),servicios_publicos,Hogares sin energia electrica,0.01,0.0147,0.0000,0.0445,1.1381,7772,99.6773,NO PUBLICAR,"GEIH 2024 (DANE, catalogo ANDA 819)",
Barranquilla A.M.,08,2024,Ene-Dic (12 meses),servicios_publicos,Hogares sin gas natural conectado a red,4.26,0.2748,3.6985,4.8162,1.4386,7772,6.4497,ACEPTABLE,"GEIH 2024 (DANE, catalogo ANDA 819)",
Barranquilla A.M.,08,2024,Ene-Dic (12 meses),servicios_publicos,Hogares sin recoleccion de basuras,0.56,0.1110,0.3519,0.7798,1.7137,7772,19.7550,PRECAUCION,"GEIH 2024 (DANE, catalogo ANDA 819)",
Barranquilla A.M.,08,2024,Ene-Dic (12 meses),tenencia,Tenencia: En arriendo o subarriendo,37.2,0.6555,35.7938,38.3992,1.4296,2735,1.7623,EXCELENTE,"GEIH 2024 (DANE, catalogo ANDA 819)",
Barranquilla A.M.,08,2024,Ene-Dic (12 meses),tenencia,Tenencia: En usufructo,21.49,0.5300,20.4768,22.4633,1.2941,1731,2.4663,EXCELENTE,"GEIH 2024 (DANE, catalogo ANDA 819)",
Barranquilla A.M.,08,2024,Ene-Dic (12 meses),tenencia,Tenencia: Otra,0.0,0.0000,0.0000,0.0000,,0,,ACEPTABLE,"GEIH 2024 (DANE, catalogo ANDA 819)",
Barranquilla A.M.,08,2024,Ene-Dic (12 meses),tenencia,Tenencia: Posesion sin titulo,0.78,0.1030,0.5831,0.9817,1.0599,67,13.1338,ACEPTABLE,"GEIH 2024 (DANE, catalogo ANDA 819)",
Barranquilla A.M.,08,2024,Ene-Dic (12 meses),tenencia,"Tenencia: Propia, la estan pagando",4.08,0.3261,3.4496,4.6523,2.1136,233,7.9987,ACEPTABLE,"GEIH 2024 (DANE, catalogo ANDA 819)",
Barranquilla A.M.,08,2024,Ene-Dic (12 meses),tenencia,"Tenencia: Propia, totalmente pagada",33.79,0.5948,32.7302,35.0149,1.2291,2788,1.7603,EXCELENTE,"GEIH 2024 (DANE, catalogo ANDA 819)",
Barranquilla A.M.,08,2024,Ene-Dic (12 meses),tenencia,Tenencia: Propiedad colectiva,2.66,0.2089,2.1875,3.0469,1.3110,218,7.8601,ACEPTABLE,"GEIH 2024 (DANE, catalogo ANDA 819)",
Barranquilla A.M.,08,2024,Ene-Dic (12 meses),tenencia,Tenencia: suma de categorias (control),100.0,,,,,7772,,NO_APLICA,"GEIH 2024 (DANE, catalogo ANDA 819)",Control de auditoria: debe ser 100% +/-0.1pp
Barranquilla A.M.,08,2024,Ene-Dic (12 meses),vivienda_propia_credito,Arriendo imputado (estimado) - P25,500000.0,,,,,5000,,ACEPTABLE,"GEIH 2024 (DANE, catalogo ANDA 819)",18 registro(s) excluidos por valor extremo
Barranquilla A.M.,08,2024,Ene-Dic (12 meses),vivienda_propia_credito,Arriendo imputado (estimado) - P75,800000.0,,,,,5000,,ACEPTABLE,"GEIH 2024 (DANE, catalogo ANDA 819)",18 registro(s) excluidos por valor extremo
Barranquilla A.M.,08,2024,Ene-Dic (12 meses),vivienda_propia_credito,Arriendo imputado (estimado) - mediana,600000.0,0.0000,600000.0000,600000.0000,0.0000,5000,0.0000,EXCELENTE,"GEIH 2024 (DANE, catalogo ANDA 819)",18 registro(s) excluidos por valor extremo
Barranquilla A.M.,08,2024,Ene-Dic (12 meses),vivienda_propia_credito,Arriendo imputado (estimado) - promedio,832429.43,10823.8194,811770.8885,853051.5833,1.0762,5000,1.3003,EXCELENTE,"GEIH 2024 (DANE, catalogo ANDA 819)",18 registro(s) excluidos por valor extremo
Barranquilla A.M.,08,2024,Ene-Dic (12 meses),vivienda_propia_credito,Cuota hipotecaria mensual - P25,319947.51,,,,,226,,ACEPTABLE,"GEIH 2024 (DANE, catalogo ANDA 819)",
Barranquilla A.M.,08,2024,Ene-Dic (12 meses),vivienda_propia_credito,Cuota hipotecaria mensual - P75,1100000.0,,,,,226,,ACEPTABLE,"GEIH 2024 (DANE, catalogo ANDA 819)",
Barranquilla A.M.,08,2024,Ene-Dic (12 meses),vivienda_propia_credito,Cuota hipotecaria mensual - mediana,550000.0,49412.3376,450000.0000,620000.0000,0.7294,226,8.9841,ACEPTABLE,"GEIH 2024 (DANE, catalogo ANDA 819)",
Barranquilla A.M.,08,2024,Ene-Dic (12 meses),vivienda_propia_credito,Cuota hipotecaria mensual - promedio,860419.3,60518.7082,756635.9026,971963.8452,1.0941,226,7.0336,ACEPTABLE,"GEIH 2024 (DANE, catalogo ANDA 819)",
Barranquilla A.M.,08,2024,Ene-Dic (12 meses),vivienda_propia_credito,Valor estimado de venta de la vivienda - P25,70000000.0,,,,,2914,,ACEPTABLE,"GEIH 2024 (DANE, catalogo ANDA 819)",14 registro(s) excluidos por valor extremo
Barranquilla A.M.,08,2024,Ene-Dic (12 meses),vivienda_propia_credito,Valor estimado de venta de la vivienda - P75,200000000.0,,,,,2914,,ACEPTABLE,"GEIH 2024 (DANE, catalogo ANDA 819)",14 registro(s) excluidos por valor extremo
Barranquilla A.M.,08,2024,Ene-Dic (12 meses),vivienda_propia_credito,Valor estimado de venta de la vivienda - mediana,100000000.0,6049423.6488,100000000.0000,120000000.0000,4.8597,2914,6.0494,ACEPTABLE,"GEIH 2024 (DANE, catalogo ANDA 819)",14 registro(s) excluidos por valor extremo
Barranquilla A.M.,08,2024,Ene-Dic (12 meses),vivienda_propia_credito,Valor estimado de venta de la vivienda - promedio,158256152.06,2641548.1741,153396597.0452,163700983.6137,0.9266,2914,1.6692,EXCELENTE,"GEIH 2024 (DANE, catalogo ANDA 819)",14 registro(s) excluidos por valor extremo
Barranquilla A.M.,08,2025,Ene-Dic (12 meses),arriendo,Canon de arriendo mensual - P25,450000.0,,,,,2706,,ACEPTABLE,"GEIH 2025 (DANE, catalogo ANDA 853)",16 registro(s) excluidos por valor extremo
Barranquilla A.M.,08,2025,Ene-Dic (12 meses),arriendo,Canon de arriendo mensual - P75,780000.0,,,,,2706,,ACEPTABLE,"GEIH 2025 (DANE, catalogo ANDA 853)",16 registro(s) excluidos por valor extremo
Barranquilla A.M.,08,2025,Ene-Dic (12 meses),arriendo,Canon de arriendo mensual - mediana,600000.0,15309.3522,550000.0000,600000.0000,2.7736,2706,2.5516,EXCELENTE,"GEIH 2025 (DANE, catalogo ANDA 853)",16 registro(s) excluidos por valor extremo
Barranquilla A.M.,08,2025,Ene-Dic (12 meses),arriendo,Canon de arriendo mensual - promedio,699302.91,9416.3411,680104.1707,716451.7979,1.0493,2706,1.3465,EXCELENTE,"GEIH 2025 (DANE, catalogo ANDA 853)",16 registro(s) excluidos por valor extremo
Barranquilla A.M.,08,2025,Ene-Dic (12 meses),deficit_habitacional,Deficit habitacional cualitativo,ND - pendiente Fase 2 (ECV),,,,,0,,ND,ECV (fuera de alcance Fase 1),ND - pendiente Fase 2 (ECV): fuente fuera de alcance de Fase 1
Barranquilla A.M.,08,2025,Ene-Dic (12 meses),deficit_habitacional,Deficit habitacional cuantitativo,ND - pendiente Fase 2 (ECV),,,,,0,,ND,ECV (fuera de alcance Fase 1),ND - pendiente Fase 2 (ECV): fuente fuera de alcance de Fase 1
Barranquilla A.M.,08,2025,Ene-Dic (12 meses),deficit_habitacional,Distribucion por estrato socioeconomico,ND - pendiente Fase 2 (ECV),,,,,0,,ND,ECV (fuera de alcance Fase 1),ND - pendiente Fase 2 (ECV): fuente fuera de alcance de Fase 1
Barranquilla A.M.,08,2025,Ene-Dic (12 meses),esfuerzo_financiero,Arrendatarios que destinan >30% del ingreso al arriendo,36.11,,,,,2701,,ACEPTABLE,"Pobreza Monetaria 2025 (DANE, catalogo ANDA 908)",sobrecarga (>30%)
Barranquilla A.M.,08,2025,Ene-Dic (12 meses),esfuerzo_financiero,Arrendatarios que destinan >50% del ingreso al arriendo,12.38,,,,,2701,,ACEPTABLE,"Pobreza Monetaria 2025 (DANE, catalogo ANDA 908)",sobrecarga severa (>50%)
Barranquilla A.M.,08,2025,Ene-Dic (12 meses),esfuerzo_financiero,Arriendo/ingreso del hogar (mediana),24.42,,,,,2701,,ACEPTABLE,"Pobreza Monetaria 2025 (DANE, catalogo ANDA 908)",Merge con 99.3% de coincidencia
Barranquilla A.M.,08,2025,Ene-Dic (12 meses),hacinamiento,Hogares con hacinamiento (>3 personas/cuarto para dormir),4.2,0.2827,3.7181,4.7601,1.5764,7939,6.7292,ACEPTABLE,"GEIH 2025 (DANE, catalogo ANDA 853)","Umbral >3 sobre CUARTOS PARA DORMIR (P5010), no cuartos totales"
Barranquilla A.M.,08,2025,Ene-Dic (12 meses),hacinamiento,Hogares con hacinamiento critico NBI (>3 personas/cuarto TOTAL),0.74,,,,,7939,,PRECAUCION,"GEIH 2025 (DANE, catalogo ANDA 853)",Definicion oficial DANE-NBI (cuartos totales incl. sala-comedor)
Barranquilla A.M.,08,2025,Ene-Dic (12 meses),hacinamiento,Personas por cuarto para dormir - mediana,1.5,,,,,7939,,ACEPTABLE,"GEIH 2025 (DANE, catalogo ANDA 853)",
Barranquilla A.M.,08,2025,Ene-Dic (12 meses),hacinamiento,Personas por cuarto para dormir - promedio,1.76,0.0115,1.7426,1.7877,1.7013,7939,0.6502,EXCELENTE,"GEIH 2025 (DANE, catalogo ANDA 853)",
Barranquilla A.M.,08,2025,Ene-Dic (12 meses),ingreso_pobreza,% arrendatarios en pobreza monetaria,27.96,,,,,2726,,ACEPTABLE,"Pobreza Monetaria 2025 (DANE, catalogo ANDA 908)",
Barranquilla A.M.,08,2025,Ene-Dic (12 meses),ingreso_pobreza,% hogares no pobres que viven en arriendo,33.75,,,,,6434,,ACEPTABLE,"Pobreza Monetaria 2025 (DANE, catalogo ANDA 908)",
Barranquilla A.M.,08,2025,Ene-Dic (12 meses),ingreso_pobreza,% hogares pobres que viven en arriendo,50.61,,,,,1505,,ACEPTABLE,"Pobreza Monetaria 2025 (DANE, catalogo ANDA 908)",
Barranquilla A.M.,08,2025,Ene-Dic (12 meses),ingreso_pobreza,% propietarios en pobreza monetaria,12.49,,,,,3096,,ACEPTABLE,"Pobreza Monetaria 2025 (DANE, catalogo ANDA 908)",
Barranquilla A.M.,08,2025,Ene-Dic (12 meses),ingreso_pobreza,Brecha de ingreso propietarios vs arrendatarios,36.36,,,,,0,,NO_APLICA,"Pobreza Monetaria 2025 (DANE, catalogo ANDA 908)",(+) = propietarios ganan mas; calculado sobre medianas ponderadas
Barranquilla A.M.,08,2025,Ene-Dic (12 meses),ingreso_pobreza,Ingreso mediano hogares arrendatarios,2408069.36,,,,,2721,,ACEPTABLE,"Pobreza Monetaria 2025 (DANE, catalogo ANDA 908)",ingtotug = ingreso total unidad de gasto SIN imputar arriendo
Barranquilla A.M.,08,2025,Ene-Dic (12 meses),ingreso_pobreza,Ingreso mediano hogares propietarios,3283761.86,,,,,3079,,ACEPTABLE,"Pobreza Monetaria 2025 (DANE, catalogo ANDA 908)",ingtotug = ingreso total unidad de gasto SIN imputar arriendo
Barranquilla A.M.,08,2025,Ene-Dic (12 meses),servicios_publicos,Hogares sin acueducto,0.01,0.0120,0.0000,0.0399,0.8519,7939,89.7738,NO PUBLICAR,"GEIH 2025 (DANE, catalogo ANDA 853)",
Barranquilla A.M.,08,2025,Ene-Dic (12 meses),servicios_publicos,Hogares sin alcantarillado,3.67,0.3035,3.0952,4.1964,2.0709,7939,8.2797,ACEPTABLE,"GEIH 2025 (DANE, catalogo ANDA 853)",
Barranquilla A.M.,08,2025,Ene-Dic (12 meses),servicios_publicos,Hogares sin energia electrica,0.01,0.0089,0.0000,0.0319,0.7941,7939,111.8679,NO PUBLICAR,"GEIH 2025 (DANE, catalogo ANDA 853)",
Barranquilla A.M.,08,2025,Ene-Dic (12 meses),servicios_publicos,Hogares sin gas natural conectado a red,5.91,0.3445,5.2239,6.6030,1.6951,7939,5.8326,ACEPTABLE,"GEIH 2025 (DANE, catalogo ANDA 853)",
Barranquilla A.M.,08,2025,Ene-Dic (12 meses),servicios_publicos,Hogares sin recoleccion de basuras,1.47,0.2115,1.0624,1.8810,2.4574,7939,14.4171,ACEPTABLE,"GEIH 2025 (DANE, catalogo ANDA 853)",
Barranquilla A.M.,08,2025,Ene-Dic (12 meses),tenencia,Tenencia: En arriendo o subarriendo,37.22,0.6105,36.0466,38.3172,1.2663,2726,1.6404,EXCELENTE,"GEIH 2025 (DANE, catalogo ANDA 853)",
Barranquilla A.M.,08,2025,Ene-Dic (12 meses),tenencia,Tenencia: En usufructo,21.23,0.5466,20.2073,22.2449,1.4186,1797,2.5752,EXCELENTE,"GEIH 2025 (DANE, catalogo ANDA 853)",
Barranquilla A.M.,08,2025,Ene-Dic (12 meses),tenencia,Tenencia: Otra,0.0,0.0000,0.0000,0.0000,,0,,ACEPTABLE,"GEIH 2025 (DANE, catalogo ANDA 853)",
Barranquilla A.M.,08,2025,Ene-Dic (12 meses),tenencia,Tenencia: Posesion sin titulo,2.29,0.2198,1.8767,2.7602,1.7127,156,9.5896,ACEPTABLE,"GEIH 2025 (DANE, catalogo ANDA 853)",
Barranquilla A.M.,08,2025,Ene-Dic (12 meses),tenencia,"Tenencia: Propia, la estan pagando",4.48,0.3072,3.9315,5.1344,1.7496,261,6.8528,ACEPTABLE,"GEIH 2025 (DANE, catalogo ANDA 853)",
Barranquilla A.M.,08,2025,Ene-Dic (12 meses),tenencia,"Tenencia: Propia, totalmente pagada",32.78,0.5906,31.6859,33.8264,1.2565,2835,1.8015,EXCELENTE,"GEIH 2025 (DANE, catalogo ANDA 853)",
Barranquilla A.M.,08,2025,Ene-Dic (12 meses),tenencia,Tenencia: Propiedad colectiva,2.0,0.2021,1.6568,2.4160,1.6524,164,10.0947,ACEPTABLE,"GEIH 2025 (DANE, catalogo ANDA 853)",
Barranquilla A.M.,08,2025,Ene-Dic (12 meses),tenencia,Tenencia: suma de categorias (control),100.0,,,,,7939,,NO_APLICA,"GEIH 2025 (DANE, catalogo ANDA 853)",Control de auditoria: debe ser 100% +/-0.1pp
Barranquilla A.M.,08,2025,Ene-Dic (12 meses),vivienda_propia_credito,Arriendo imputado (estimado) - P25,500000.0,,,,,5165,,ACEPTABLE,"GEIH 2025 (DANE, catalogo ANDA 853)",35 registro(s) excluidos por valor extremo
Barranquilla A.M.,08,2025,Ene-Dic (12 meses),vivienda_propia_credito,Arriendo imputado (estimado) - P75,900000.0,,,,,5165,,ACEPTABLE,"GEIH 2025 (DANE, catalogo ANDA 853)",35 registro(s) excluidos por valor extremo
Barranquilla A.M.,08,2025,Ene-Dic (12 meses),vivienda_propia_credito,Arriendo imputado (estimado) - mediana,600000.0,10915.4550,600000.0000,650000.0000,0.9160,5165,1.8192,EXCELENTE,"GEIH 2025 (DANE, catalogo ANDA 853)",35 registro(s) excluidos por valor extremo
Barranquilla A.M.,08,2025,Ene-Dic (12 meses),vivienda_propia_credito,Arriendo imputado (estimado) - promedio,872768.06,12394.9590,847234.9475,894756.9761,1.1811,5165,1.4202,EXCELENTE,"GEIH 2025 (DANE, catalogo ANDA 853)",35 registro(s) excluidos por valor extremo
Barranquilla A.M.,08,2025,Ene-Dic (12 meses),vivienda_propia_credito,Cuota hipotecaria mensual - P25,400000.0,,,,,258,,ACEPTABLE,"GEIH 2025 (DANE, catalogo ANDA 853)",1 registro(s) excluidos por valor extremo
Barranquilla A.M.,08,2025,Ene-Dic (12 meses),vivienda_propia_credito,Cuota hipotecaria mensual - P75,900000.0,,,,,258,,ACEPTABLE,"GEIH 2025 (DANE, catalogo ANDA 853)",1 registro(s) excluidos por valor extremo
Barranquilla A.M.,08,2025,Ene-Dic (12 meses),vivienda_propia_credito,Cuota hipotecaria mensual - mediana,600000.0,23365.5107,541295.7252,602938.6099,0.1083,258,3.8943,EXCELENTE,"GEIH 2025 (DANE, catalogo ANDA 853)",1 registro(s) excluidos por valor extremo
Barranquilla A.M.,08,2025,Ene-Dic (12 meses),vivienda_propia_credito,Cuota hipotecaria mensual - promedio,900722.07,72681.7780,780045.6928,1062601.9357,1.0476,258,8.0693,ACEPTABLE,"GEIH 2025 (DANE, catalogo ANDA 853)",1 registro(s) excluidos por valor extremo
Barranquilla A.M.,08,2025,Ene-Dic (12 meses),vivienda_propia_credito,Valor estimado de venta de la vivienda - P25,70000000.0,,,,,3009,,ACEPTABLE,"GEIH 2025 (DANE, catalogo ANDA 853)",3 registro(s) excluidos por valor extremo
Barranquilla A.M.,08,2025,Ene-Dic (12 meses),vivienda_propia_credito,Valor estimado de venta de la vivienda - P75,210000000.0,,,,,3009,,ACEPTABLE,"GEIH 2025 (DANE, catalogo ANDA 853)",3 registro(s) excluidos por valor extremo
Barranquilla A.M.,08,2025,Ene-Dic (12 meses),vivienda_propia_credito,Valor estimado de venta de la vivienda - mediana,120000000.0,2228014.0984,120000000.0000,130000000.0000,0.5578,3009,1.8567,EXCELENTE,"GEIH 2025 (DANE, catalogo ANDA 853)",3 registro(s) excluidos por valor extremo
Barranquilla A.M.,08,2025,Ene-Dic (12 meses),vivienda_propia_credito,Valor estimado de venta de la vivienda - promedio,174388268.87,3362486.6039,168015068.9412,181020533.2091,1.2704,3009,1.9282,EXCELENTE,"GEIH 2025 (DANE, catalogo ANDA 853)",3 registro(s) excluidos por valor extremo
Barranquilla A.M.,08,2026*,Ene-Jun (parcial),arriendo,Canon de arriendo mensual - P25,500000.0,,,,,1430,,ACEPTABLE,"GEIH 2026 Ene-Jun (DANE, catalogo ANDA 900)",12 registro(s) excluidos por valor extremo
Barranquilla A.M.,08,2026*,Ene-Jun (parcial),arriendo,Canon de arriendo mensual - P75,800000.0,,,,,1430,,ACEPTABLE,"GEIH 2026 Ene-Jun (DANE, catalogo ANDA 900)",12 registro(s) excluidos por valor extremo
Barranquilla A.M.,08,2026*,Ene-Jun (parcial),arriendo,Canon de arriendo mensual - mediana,600000.0,0.0000,600000.0000,600000.0000,0.0000,1430,0.0000,EXCELENTE,"GEIH 2026 Ene-Jun (DANE, catalogo ANDA 900)",12 registro(s) excluidos por valor extremo
Barranquilla A.M.,08,2026*,Ene-Jun (parcial),arriendo,Canon de arriendo mensual - promedio,726456.85,12181.2098,704273.5593,751790.8443,1.0121,1430,1.6768,EXCELENTE,"GEIH 2026 Ene-Jun (DANE, catalogo ANDA 900)",12 registro(s) excluidos por valor extremo
Barranquilla A.M.,08,2026*,Ene-Jun (parcial),deficit_habitacional,Deficit habitacional cualitativo,ND - pendiente Fase 2 (ECV),,,,,0,,ND,ECV (fuera de alcance Fase 1),ND - pendiente Fase 2 (ECV): fuente fuera de alcance de Fase 1
Barranquilla A.M.,08,2026*,Ene-Jun (parcial),deficit_habitacional,Deficit habitacional cuantitativo,ND - pendiente Fase 2 (ECV),,,,,0,,ND,ECV (fuera de alcance Fase 1),ND - pendiente Fase 2 (ECV): fuente fuera de alcance de Fase 1
Barranquilla A.M.,08,2026*,Ene-Jun (parcial),deficit_habitacional,Distribucion por estrato socioeconomico,ND - pendiente Fase 2 (ECV),,,,,0,,ND,ECV (fuera de alcance Fase 1),ND - pendiente Fase 2 (ECV): fuente fuera de alcance de Fase 1
Barranquilla A.M.,08,2026*,Ene-Jun (parcial),esfuerzo_financiero,Arrendatarios que destinan >30% del ingreso al arriendo,ND,,,,,0,,ND,ND - DANE no publica Pobreza Monetaria 2026,DANE no publica Medicion de Pobreza Monetaria y Desigualdad 2026 (requiere año calendario completo); no se calcula ni se extrapola
Barranquilla A.M.,08,2026*,Ene-Jun (parcial),esfuerzo_financiero,Arrendatarios que destinan >50% del ingreso al arriendo,ND,,,,,0,,ND,ND - DANE no publica Pobreza Monetaria 2026,DANE no publica Medicion de Pobreza Monetaria y Desigualdad 2026 (requiere año calendario completo); no se calcula ni se extrapola
Barranquilla A.M.,08,2026*,Ene-Jun (parcial),esfuerzo_financiero,Arriendo/ingreso del hogar (mediana),ND,,,,,0,,ND,ND - DANE no publica Pobreza Monetaria 2026,DANE no publica Medicion de Pobreza Monetaria y Desigualdad 2026 (requiere año calendario completo); no se calcula ni se extrapola
Barranquilla A.M.,08,2026*,Ene-Jun (parcial),hacinamiento,Hogares con hacinamiento (>3 personas/cuarto para dormir),2.98,0.3144,2.3835,3.5827,1.3396,3918,10.5510,ACEPTABLE,"GEIH 2026 Ene-Jun (DANE, catalogo ANDA 900)","Umbral >3 sobre CUARTOS PARA DORMIR (P5010), no cuartos totales"
Barranquilla A.M.,08,2026*,Ene-Jun (parcial),hacinamiento,Hogares con hacinamiento critico NBI (>3 personas/cuarto TOTAL),0.57,,,,,3918,,NO PUBLICAR,"GEIH 2026 Ene-Jun (DANE, catalogo ANDA 900)",Definicion oficial DANE-NBI (cuartos totales incl. sala-comedor)
Barranquilla A.M.,08,2026*,Ene-Jun (parcial),hacinamiento,Personas por cuarto para dormir - mediana,1.5,,,,,3918,,ACEPTABLE,"GEIH 2026 Ene-Jun (DANE, catalogo ANDA 900)",
Barranquilla A.M.,08,2026*,Ene-Jun (parcial),hacinamiento,Personas por cuarto para dormir - promedio,1.7,0.0123,1.6729,1.7199,1.1831,3918,0.7224,EXCELENTE,"GEIH 2026 Ene-Jun (DANE, catalogo ANDA 900)",
Barranquilla A.M.,08,2026*,Ene-Jun (parcial),ingreso_pobreza,% arrendatarios en pobreza monetaria,ND,,,,,0,,ND,ND - DANE no publica Pobreza Monetaria 2026,DANE no publica Medicion de Pobreza Monetaria y Desigualdad 2026 (requiere año calendario completo); no se calcula ni se extrapola
Barranquilla A.M.,08,2026*,Ene-Jun (parcial),ingreso_pobreza,% hogares no pobres que viven en arriendo,ND,,,,,0,,ND,ND - DANE no publica Pobreza Monetaria 2026,DANE no publica Medicion de Pobreza Monetaria y Desigualdad 2026 (requiere año calendario completo); no se calcula ni se extrapola
Barranquilla A.M.,08,2026*,Ene-Jun (parcial),ingreso_pobreza,% hogares pobres que viven en arriendo,ND,,,,,0,,ND,ND - DANE no publica Pobreza Monetaria 2026,DANE no publica Medicion de Pobreza Monetaria y Desigualdad 2026 (requiere año calendario completo); no se calcula ni se extrapola
Barranquilla A.M.,08,2026*,Ene-Jun (parcial),ingreso_pobreza,% propietarios en pobreza monetaria,ND,,,,,0,,ND,ND - DANE no publica Pobreza Monetaria 2026,DANE no publica Medicion de Pobreza Monetaria y Desigualdad 2026 (requiere año calendario completo); no se calcula ni se extrapola
Barranquilla A.M.,08,2026*,Ene-Jun (parcial),ingreso_pobreza,Brecha de ingreso propietarios vs arrendatarios,ND,,,,,0,,ND,ND - DANE no publica Pobreza Monetaria 2026,DANE no publica Medicion de Pobreza Monetaria y Desigualdad 2026 (requiere año calendario completo); no se calcula ni se extrapola
Barranquilla A.M.,08,2026*,Ene-Jun (parcial),ingreso_pobreza,Ingreso mediano hogares arrendatarios,ND,,,,,0,,ND,ND - DANE no publica Pobreza Monetaria 2026,DANE no publica Medicion de Pobreza Monetaria y Desigualdad 2026 (requiere año calendario completo); no se calcula ni se extrapola
Barranquilla A.M.,08,2026*,Ene-Jun (parcial),ingreso_pobreza,Ingreso mediano hogares propietarios,ND,,,,,0,,ND,ND - DANE no publica Pobreza Monetaria 2026,DANE no publica Medicion de Pobreza Monetaria y Desigualdad 2026 (requiere año calendario completo); no se calcula ni se extrapola
Barranquilla A.M.,08,2026*,Ene-Jun (parcial),servicios_publicos,Hogares sin acueducto,0.19,0.0512,0.1041,0.2915,0.5510,3918,27.4084,NO PUBLICAR,"GEIH 2026 Ene-Jun (DANE, catalogo ANDA 900)",
Barranquilla A.M.,08,2026*,Ene-Jun (parcial),servicios_publicos,Hogares sin alcantarillado,2.0,0.3295,1.3901,2.7059,2.1694,3918,16.4662,PRECAUCION,"GEIH 2026 Ene-Jun (DANE, catalogo ANDA 900)",
Barranquilla A.M.,08,2026*,Ene-Jun (parcial),servicios_publicos,Hogares sin energia electrica,0.0,0.0000,0.0000,0.0000,,3918,,ACEPTABLE,"GEIH 2026 Ene-Jun (DANE, catalogo ANDA 900)",
Barranquilla A.M.,08,2026*,Ene-Jun (parcial),servicios_publicos,Hogares sin gas natural conectado a red,3.25,0.2856,2.6896,3.8334,1.0175,3918,8.7993,ACEPTABLE,"GEIH 2026 Ene-Jun (DANE, catalogo ANDA 900)",
Barranquilla A.M.,08,2026*,Ene-Jun (parcial),servicios_publicos,Hogares sin recoleccion de basuras,0.59,0.1358,0.3480,0.8706,1.2325,3918,23.0220,PRECAUCION,"GEIH 2026 Ene-Jun (DANE, catalogo ANDA 900)",
Barranquilla A.M.,08,2026*,Ene-Jun (parcial),tenencia,Tenencia: En arriendo o subarriendo,38.43,0.9260,36.9517,40.3079,1.4199,1444,2.4095,EXCELENTE,"GEIH 2026 Ene-Jun (DANE, catalogo ANDA 900)",
Barranquilla A.M.,08,2026*,Ene-Jun (parcial),tenencia,Tenencia: En usufructo,21.07,0.6849,19.8123,22.4458,1.1052,873,3.2506,EXCELENTE,"GEIH 2026 Ene-Jun (DANE, catalogo ANDA 900)",
Barranquilla A.M.,08,2026*,Ene-Jun (parcial),tenencia,Tenencia: Otra,0.0,0.0000,0.0000,0.0000,,0,,ACEPTABLE,"GEIH 2026 Ene-Jun (DANE, catalogo ANDA 900)",
Barranquilla A.M.,08,2026*,Ene-Jun (parcial),tenencia,Tenencia: Posesion sin titulo,0.79,0.1806,0.4873,1.1912,1.6300,27,22.8588,PRECAUCION,"GEIH 2026 Ene-Jun (DANE, catalogo ANDA 900)",
Barranquilla A.M.,08,2026*,Ene-Jun (parcial),tenencia,"Tenencia: Propia, la estan pagando",6.5,0.5190,5.4500,7.4974,1.7353,215,7.9788,ACEPTABLE,"GEIH 2026 Ene-Jun (DANE, catalogo ANDA 900)",
Barranquilla A.M.,08,2026*,Ene-Jun (parcial),tenencia,"Tenencia: Propia, totalmente pagada",33.11,0.8623,31.2573,34.8277,1.3152,1356,2.6040,EXCELENTE,"GEIH 2026 Ene-Jun (DANE, catalogo ANDA 900)",
Barranquilla A.M.,08,2026*,Ene-Jun (parcial),tenencia,Tenencia: Propiedad colectiva,0.09,0.0598,0.0000,0.2314,1.5811,3,67.4504,NO PUBLICAR,"GEIH 2026 Ene-Jun (DANE, catalogo ANDA 900)",
Barranquilla A.M.,08,2026*,Ene-Jun (parcial),tenencia,Tenencia: suma de categorias (control),100.0,,,,,3918,,NO_APLICA,"GEIH 2026 Ene-Jun (DANE, catalogo ANDA 900)",Control de auditoria: debe ser 100% +/-0.1pp
Barranquilla A.M.,08,2026*,Ene-Jun (parcial),vivienda_propia_credito,Arriendo imputado (estimado) - P25,500000.0,,,,,2441,,ACEPTABLE,"GEIH 2026 Ene-Jun (DANE, catalogo ANDA 900)",30 registro(s) excluidos por valor extremo
Barranquilla A.M.,08,2026*,Ene-Jun (parcial),vivienda_propia_credito,Arriendo imputado (estimado) - P75,1000000.0,,,,,2441,,ACEPTABLE,"GEIH 2026 Ene-Jun (DANE, catalogo ANDA 900)",30 registro(s) excluidos por valor extremo
Barranquilla A.M.,08,2026*,Ene-Jun (parcial),vivienda_propia_credito,Arriendo imputado (estimado) - mediana,700000.0,0.0000,700000.0000,700000.0000,0.0000,2441,0.0000,EXCELENTE,"GEIH 2026 Ene-Jun (DANE, catalogo ANDA 900)",30 registro(s) excluidos por valor extremo
Barranquilla A.M.,08,2026*,Ene-Jun (parcial),vivienda_propia_credito,Arriendo imputado (estimado) - promedio,949332.98,19535.8593,913501.5685,989797.4534,1.1456,2441,2.0579,EXCELENTE,"GEIH 2026 Ene-Jun (DANE, catalogo ANDA 900)",30 registro(s) excluidos por valor extremo
Barranquilla A.M.,08,2026*,Ene-Jun (parcial),vivienda_propia_credito,Cuota hipotecaria mensual - P25,358809.69,,,,,214,,ACEPTABLE,"GEIH 2026 Ene-Jun (DANE, catalogo ANDA 900)",1 registro(s) excluidos por valor extremo
Barranquilla A.M.,08,2026*,Ene-Jun (parcial),vivienda_propia_credito,Cuota hipotecaria mensual - P75,1000000.0,,,,,214,,ACEPTABLE,"GEIH 2026 Ene-Jun (DANE, catalogo ANDA 900)",1 registro(s) excluidos por valor extremo
Barranquilla A.M.,08,2026*,Ene-Jun (parcial),vivienda_propia_credito,Cuota hipotecaria mensual - mediana,610156.39,42831.5548,500000.0000,700000.0000,0.4176,214,7.0198,ACEPTABLE,"GEIH 2026 Ene-Jun (DANE, catalogo ANDA 900)",1 registro(s) excluidos por valor extremo
Barranquilla A.M.,08,2026*,Ene-Jun (parcial),vivienda_propia_credito,Cuota hipotecaria mensual - promedio,894588.96,67380.5624,787461.4750,1032496.7455,1.0336,214,7.5320,ACEPTABLE,"GEIH 2026 Ene-Jun (DANE, catalogo ANDA 900)",1 registro(s) excluidos por valor extremo
Barranquilla A.M.,08,2026*,Ene-Jun (parcial),vivienda_propia_credito,Valor estimado de venta de la vivienda - P25,80000000.0,,,,,1559,,ACEPTABLE,"GEIH 2026 Ene-Jun (DANE, catalogo ANDA 900)",5 registro(s) excluidos por valor extremo
Barranquilla A.M.,08,2026*,Ene-Jun (parcial),vivienda_propia_credito,Valor estimado de venta de la vivienda - P75,242794399.31,,,,,1559,,ACEPTABLE,"GEIH 2026 Ene-Jun (DANE, catalogo ANDA 900)",5 registro(s) excluidos por valor extremo
Barranquilla A.M.,08,2026*,Ene-Jun (parcial),vivienda_propia_credito,Valor estimado de venta de la vivienda - mediana,150000000.0,6099610.7351,130000000.0000,150000000.0000,0.9120,1559,4.0664,EXCELENTE,"GEIH 2026 Ene-Jun (DANE, catalogo ANDA 900)",5 registro(s) excluidos por valor extremo
Barranquilla A.M.,08,2026*,Ene-Jun (parcial),vivienda_propia_credito,Valor estimado de venta de la vivienda - promedio,212257064.89,7422219.9255,198961910.3319,226587677.1585,1.3503,1559,3.4968,EXCELENTE,"GEIH 2026 Ene-Jun (DANE, catalogo ANDA 900)",5 registro(s) excluidos por valor extremo
Bogotá D.C.,11,2023,Ene-Dic (12 meses),arriendo,Canon de arriendo mensual - P25,500000.0,,,,,4638,,ACEPTABLE,"GEIH 2023 (DANE, catalogo ANDA 782)",15 registro(s) excluidos por valor extremo
Bogotá D.C.,11,2023,Ene-Dic (12 meses),arriendo,Canon de arriendo mensual - P75,1000000.0,,,,,4638,,ACEPTABLE,"GEIH 2023 (DANE, catalogo ANDA 782)",15 registro(s) excluidos por valor extremo
Bogotá D.C.,11,2023,Ene-Dic (12 meses),arriendo,Canon de arriendo mensual - mediana,690000.0,16380.6429,650000.0000,700000.0000,2.4223,4638,2.3740,EXCELENTE,"GEIH 2023 (DANE, catalogo ANDA 782)",15 registro(s) excluidos por valor extremo
Bogotá D.C.,11,2023,Ene-Dic (12 meses),arriendo,Canon de arriendo mensual - promedio,876513.23,11825.0009,854387.6157,898721.9987,1.2623,4638,1.3491,EXCELENTE,"GEIH 2023 (DANE, catalogo ANDA 782)",15 registro(s) excluidos por valor extremo
Bogotá D.C.,11,2023,Ene-Dic (12 meses),deficit_habitacional,Deficit habitacional cualitativo,ND - pendiente Fase 2 (ECV),,,,,0,,ND,ECV (fuera de alcance Fase 1),ND - pendiente Fase 2 (ECV): fuente fuera de alcance de Fase 1
Bogotá D.C.,11,2023,Ene-Dic (12 meses),deficit_habitacional,Deficit habitacional cuantitativo,ND - pendiente Fase 2 (ECV),,,,,0,,ND,ECV (fuera de alcance Fase 1),ND - pendiente Fase 2 (ECV): fuente fuera de alcance de Fase 1
Bogotá D.C.,11,2023,Ene-Dic (12 meses),deficit_habitacional,Distribucion por estrato socioeconomico,ND - pendiente Fase 2 (ECV),,,,,0,,ND,ECV (fuera de alcance Fase 1),ND - pendiente Fase 2 (ECV): fuente fuera de alcance de Fase 1
Bogotá D.C.,11,2023,Ene-Dic (12 meses),esfuerzo_financiero,Arrendatarios que destinan >30% del ingreso al arriendo,43.82,,,,,4576,,ACEPTABLE,"Pobreza Monetaria 2023 (DANE, catalogo ANDA 835)",sobrecarga (>30%)
Bogotá D.C.,11,2023,Ene-Dic (12 meses),esfuerzo_financiero,Arrendatarios que destinan >50% del ingreso al arriendo,19.11,,,,,4576,,ACEPTABLE,"Pobreza Monetaria 2023 (DANE, catalogo ANDA 835)",sobrecarga severa (>50%)
Bogotá D.C.,11,2023,Ene-Dic (12 meses),esfuerzo_financiero,Arriendo/ingreso del hogar (mediana),27.29,,,,,4576,,ACEPTABLE,"Pobreza Monetaria 2023 (DANE, catalogo ANDA 835)",Merge con 98.8% de coincidencia
Bogotá D.C.,11,2023,Ene-Dic (12 meses),hacinamiento,Hogares con hacinamiento (>3 personas/cuarto para dormir),1.25,0.1176,1.0556,1.4891,1.0429,9322,9.3960,ACEPTABLE,"GEIH 2023 (DANE, catalogo ANDA 782)","Umbral >3 sobre CUARTOS PARA DORMIR (P5010), no cuartos totales"
Bogotá D.C.,11,2023,Ene-Dic (12 meses),hacinamiento,Hogares con hacinamiento critico NBI (>3 personas/cuarto TOTAL),0.48,,,,,9322,,PRECAUCION,"GEIH 2023 (DANE, catalogo ANDA 782)",Definicion oficial DANE-NBI (cuartos totales incl. sala-comedor)
Bogotá D.C.,11,2023,Ene-Dic (12 meses),hacinamiento,Personas por cuarto para dormir - mediana,1.33,,,,,9322,,ACEPTABLE,"GEIH 2023 (DANE, catalogo ANDA 782)",
Bogotá D.C.,11,2023,Ene-Dic (12 meses),hacinamiento,Personas por cuarto para dormir - promedio,1.49,0.0066,1.4721,1.4975,1.0584,9322,0.4448,EXCELENTE,"GEIH 2023 (DANE, catalogo ANDA 782)",
Bogotá D.C.,11,2023,Ene-Dic (12 meses),ingreso_pobreza,% arrendatarios en pobreza monetaria,29.5,,,,,4698,,ACEPTABLE,"Pobreza Monetaria 2023 (DANE, catalogo ANDA 835)",
Bogotá D.C.,11,2023,Ene-Dic (12 meses),ingreso_pobreza,% hogares no pobres que viven en arriendo,45.23,,,,,7340,,ACEPTABLE,"Pobreza Monetaria 2023 (DANE, catalogo ANDA 835)",
Bogotá D.C.,11,2023,Ene-Dic (12 meses),ingreso_pobreza,% hogares pobres que viven en arriendo,73.85,,,,,1982,,ACEPTABLE,"Pobreza Monetaria 2023 (DANE, catalogo ANDA 835)",
Bogotá D.C.,11,2023,Ene-Dic (12 meses),ingreso_pobreza,% propietarios en pobreza monetaria,8.43,,,,,3691,,ACEPTABLE,"Pobreza Monetaria 2023 (DANE, catalogo ANDA 835)",
Bogotá D.C.,11,2023,Ene-Dic (12 meses),ingreso_pobreza,Brecha de ingreso propietarios vs arrendatarios,62.03,,,,,0,,NO_APLICA,"Pobreza Monetaria 2023 (DANE, catalogo ANDA 835)",(+) = propietarios ganan mas; calculado sobre medianas ponderadas
Bogotá D.C.,11,2023,Ene-Dic (12 meses),ingreso_pobreza,Ingreso mediano hogares arrendatarios,2497475.16,,,,,4633,,ACEPTABLE,"Pobreza Monetaria 2023 (DANE, catalogo ANDA 835)",ingtotug = ingreso total unidad de gasto SIN imputar arriendo
Bogotá D.C.,11,2023,Ene-Dic (12 meses),ingreso_pobreza,Ingreso mediano hogares propietarios,4046699.27,,,,,3650,,ACEPTABLE,"Pobreza Monetaria 2023 (DANE, catalogo ANDA 835)",ingtotug = ingreso total unidad de gasto SIN imputar arriendo
Bogotá D.C.,11,2023,Ene-Dic (12 meses),servicios_publicos,Hogares sin acueducto,0.27,0.0651,0.1633,0.4078,1.4896,9322,24.4626,PRECAUCION,"GEIH 2023 (DANE, catalogo ANDA 782)",
Bogotá D.C.,11,2023,Ene-Dic (12 meses),servicios_publicos,Hogares sin alcantarillado,0.57,0.0923,0.4095,0.7612,1.4039,9322,16.2250,PRECAUCION,"GEIH 2023 (DANE, catalogo ANDA 782)",
Bogotá D.C.,11,2023,Ene-Dic (12 meses),servicios_publicos,Hogares sin energia electrica,0.02,0.0135,0.0000,0.0515,0.7206,9322,57.4607,NO PUBLICAR,"GEIH 2023 (DANE, catalogo ANDA 782)",
Bogotá D.C.,11,2023,Ene-Dic (12 meses),servicios_publicos,Hogares sin gas natural conectado a red,4.92,0.2328,4.5102,5.3573,1.0795,9322,4.7283,EXCELENTE,"GEIH 2023 (DANE, catalogo ANDA 782)",
Bogotá D.C.,11,2023,Ene-Dic (12 meses),servicios_publicos,Hogares sin recoleccion de basuras,0.24,0.0613,0.1342,0.3603,1.4853,9322,25.9506,NO PUBLICAR,"GEIH 2023 (DANE, catalogo ANDA 782)",
Bogotá D.C.,11,2023,Ene-Dic (12 meses),tenencia,Tenencia: En arriendo o subarriendo,51.07,0.5661,49.9679,52.1987,1.1956,4698,1.1085,EXCELENTE,"GEIH 2023 (DANE, catalogo ANDA 782)",
Bogotá D.C.,11,2023,Ene-Dic (12 meses),tenencia,Tenencia: En usufructo,8.0,0.2848,7.4644,8.5552,1.0277,780,3.5618,EXCELENTE,"GEIH 2023 (DANE, catalogo ANDA 782)",
Bogotá D.C.,11,2023,Ene-Dic (12 meses),tenencia,Tenencia: Otra,0.22,0.0494,0.1300,0.3162,1.0511,20,22.7689,PRECAUCION,"GEIH 2023 (DANE, catalogo ANDA 782)",
Bogotá D.C.,11,2023,Ene-Dic (12 meses),tenencia,Tenencia: Posesion sin titulo,0.59,0.0764,0.4484,0.7531,0.9197,57,12.8434,ACEPTABLE,"GEIH 2023 (DANE, catalogo ANDA 782)",
Bogotá D.C.,11,2023,Ene-Dic (12 meses),tenencia,"Tenencia: Propia, la estan pagando",9.83,0.3409,9.1632,10.4659,1.2222,833,3.4684,EXCELENTE,"GEIH 2023 (DANE, catalogo ANDA 782)",
Bogotá D.C.,11,2023,Ene-Dic (12 meses),tenencia,"Tenencia: Propia, totalmente pagada",29.52,0.4829,28.5578,30.4133,1.0448,2858,1.6356,EXCELENTE,"GEIH 2023 (DANE, catalogo ANDA 782)",
Bogotá D.C.,11,2023,Ene-Dic (12 meses),tenencia,Tenencia: Propiedad colectiva,0.77,0.0926,0.5674,0.9467,1.0460,76,12.0202,ACEPTABLE,"GEIH 2023 (DANE, catalogo ANDA 782)",
Bogotá D.C.,11,2023,Ene-Dic (12 meses),tenencia,Tenencia: suma de categorias (control),100.0,,,,,9322,,NO_APLICA,"GEIH 2023 (DANE, catalogo ANDA 782)",Control de auditoria: debe ser 100% +/-0.1pp
Bogotá D.C.,11,2023,Ene-Dic (12 meses),vivienda_propia_credito,Arriendo imputado (estimado) - P25,600000.0,,,,,4181,,ACEPTABLE,"GEIH 2023 (DANE, catalogo ANDA 782)",23 registro(s) excluidos por valor extremo
Bogotá D.C.,11,2023,Ene-Dic (12 meses),vivienda_propia_credito,Arriendo imputado (estimado) - P75,1500000.0,,,,,4181,,ACEPTABLE,"GEIH 2023 (DANE, catalogo ANDA 782)",23 registro(s) excluidos por valor extremo
Bogotá D.C.,11,2023,Ene-Dic (12 meses),vivienda_propia_credito,Arriendo imputado (estimado) - mediana,900000.0,9927.2718,900000.0000,900000.0000,0.3144,4181,1.1030,EXCELENTE,"GEIH 2023 (DANE, catalogo ANDA 782)",23 registro(s) excluidos por valor extremo
Bogotá D.C.,11,2023,Ene-Dic (12 meses),vivienda_propia_credito,Arriendo imputado (estimado) - promedio,1259242.81,19318.2395,1221835.4280,1296013.4205,1.1905,4181,1.5341,EXCELENTE,"GEIH 2023 (DANE, catalogo ANDA 782)",23 registro(s) excluidos por valor extremo
Bogotá D.C.,11,2023,Ene-Dic (12 meses),vivienda_propia_credito,Cuota hipotecaria mensual - P25,501941.45,,,,,792,,ACEPTABLE,"GEIH 2023 (DANE, catalogo ANDA 782)",3 registro(s) excluidos por valor extremo
Bogotá D.C.,11,2023,Ene-Dic (12 meses),vivienda_propia_credito,Cuota hipotecaria mensual - P75,1800000.0,,,,,792,,ACEPTABLE,"GEIH 2023 (DANE, catalogo ANDA 782)",3 registro(s) excluidos por valor extremo
Bogotá D.C.,11,2023,Ene-Dic (12 meses),vivienda_propia_credito,Cuota hipotecaria mensual - mediana,1000000.0,30693.4115,954598.8968,1100000.0000,0.3465,792,3.0693,EXCELENTE,"GEIH 2023 (DANE, catalogo ANDA 782)",3 registro(s) excluidos por valor extremo
Bogotá D.C.,11,2023,Ene-Dic (12 meses),vivienda_propia_credito,Cuota hipotecaria mensual - promedio,1411417.32,50269.0382,1312154.0030,1513411.3981,0.9295,792,3.5616,EXCELENTE,"GEIH 2023 (DANE, catalogo ANDA 782)",3 registro(s) excluidos por valor extremo
Bogotá D.C.,11,2023,Ene-Dic (12 meses),vivienda_propia_credito,Valor estimado de venta de la vivienda - P25,150000000.0,,,,,2555,,ACEPTABLE,"GEIH 2023 (DANE, catalogo ANDA 782)",36 registro(s) excluidos por valor extremo
Bogotá D.C.,11,2023,Ene-Dic (12 meses),vivienda_propia_credito,Valor estimado de venta de la vivienda - P75,400000000.0,,,,,2555,,ACEPTABLE,"GEIH 2023 (DANE, catalogo ANDA 782)",36 registro(s) excluidos por valor extremo
Bogotá D.C.,11,2023,Ene-Dic (12 meses),vivienda_propia_credito,Valor estimado de venta de la vivienda - mediana,250000000.0,2510542.9517,240000000.0000,250000000.0000,0.1349,2555,1.0042,EXCELENTE,"GEIH 2023 (DANE, catalogo ANDA 782)",36 registro(s) excluidos por valor extremo
Bogotá D.C.,11,2023,Ene-Dic (12 meses),vivienda_propia_credito,Valor estimado de venta de la vivienda - promedio,342196497.71,7592750.3179,328261820.8294,358609343.4628,1.2342,2555,2.2188,EXCELENTE,"GEIH 2023 (DANE, catalogo ANDA 782)",36 registro(s) excluidos por valor extremo
Bogotá D.C.,11,2024,Ene-Dic (12 meses),arriendo,Canon de arriendo mensual - P25,500000.0,,,,,4903,,ACEPTABLE,"GEIH 2024 (DANE, catalogo ANDA 819)",11 registro(s) excluidos por valor extremo
Bogotá D.C.,11,2024,Ene-Dic (12 meses),arriendo,Canon de arriendo mensual - P75,1100000.0,,,,,4903,,ACEPTABLE,"GEIH 2024 (DANE, catalogo ANDA 819)",11 registro(s) excluidos por valor extremo
Bogotá D.C.,11,2024,Ene-Dic (12 meses),arriendo,Canon de arriendo mensual - mediana,700000.0,15661.4649,700000.0000,750000.0000,1.8336,4903,2.2374,EXCELENTE,"GEIH 2024 (DANE, catalogo ANDA 819)",11 registro(s) excluidos por valor extremo
Bogotá D.C.,11,2024,Ene-Dic (12 meses),arriendo,Canon de arriendo mensual - promedio,958940.01,11767.5682,936778.4327,980731.8987,1.0352,4903,1.2271,EXCELENTE,"GEIH 2024 (DANE, catalogo ANDA 819)",11 registro(s) excluidos por valor extremo
Bogotá D.C.,11,2024,Ene-Dic (12 meses),deficit_habitacional,Deficit habitacional cualitativo,ND - pendiente Fase 2 (ECV),,,,,0,,ND,ECV (fuera de alcance Fase 1),ND - pendiente Fase 2 (ECV): fuente fuera de alcance de Fase 1
Bogotá D.C.,11,2024,Ene-Dic (12 meses),deficit_habitacional,Deficit habitacional cuantitativo,ND - pendiente Fase 2 (ECV),,,,,0,,ND,ECV (fuera de alcance Fase 1),ND - pendiente Fase 2 (ECV): fuente fuera de alcance de Fase 1
Bogotá D.C.,11,2024,Ene-Dic (12 meses),deficit_habitacional,Distribucion por estrato socioeconomico,ND - pendiente Fase 2 (ECV),,,,,0,,ND,ECV (fuera de alcance Fase 1),ND - pendiente Fase 2 (ECV): fuente fuera de alcance de Fase 1
Bogotá D.C.,11,2024,Ene-Dic (12 meses),esfuerzo_financiero,Arrendatarios que destinan >30% del ingreso al arriendo,40.03,,,,,4861,,ACEPTABLE,"Pobreza Monetaria 2024 (DANE, catalogo ANDA 874)",sobrecarga (>30%)
Bogotá D.C.,11,2024,Ene-Dic (12 meses),esfuerzo_financiero,Arrendatarios que destinan >50% del ingreso al arriendo,15.6,,,,,4861,,ACEPTABLE,"Pobreza Monetaria 2024 (DANE, catalogo ANDA 874)",sobrecarga severa (>50%)
Bogotá D.C.,11,2024,Ene-Dic (12 meses),esfuerzo_financiero,Arriendo/ingreso del hogar (mediana),25.42,,,,,4861,,ACEPTABLE,"Pobreza Monetaria 2024 (DANE, catalogo ANDA 874)",Merge con 99.0% de coincidencia
Bogotá D.C.,11,2024,Ene-Dic (12 meses),hacinamiento,Hogares con hacinamiento (>3 personas/cuarto para dormir),0.98,0.1061,0.7924,1.2016,1.1294,9781,10.7809,ACEPTABLE,"GEIH 2024 (DANE, catalogo ANDA 819)","Umbral >3 sobre CUARTOS PARA DORMIR (P5010), no cuartos totales"
Bogotá D.C.,11,2024,Ene-Dic (12 meses),hacinamiento,Hogares con hacinamiento critico NBI (>3 personas/cuarto TOTAL),0.33,,,,,9780,,PRECAUCION,"GEIH 2024 (DANE, catalogo ANDA 819)",Definicion oficial DANE-NBI (cuartos totales incl. sala-comedor)
Bogotá D.C.,11,2024,Ene-Dic (12 meses),hacinamiento,Personas por cuarto para dormir - mediana,1.33,,,,,9781,,ACEPTABLE,"GEIH 2024 (DANE, catalogo ANDA 819)",
Bogotá D.C.,11,2024,Ene-Dic (12 meses),hacinamiento,Personas por cuarto para dormir - promedio,1.47,0.0064,1.4590,1.4828,1.2085,9781,0.4320,EXCELENTE,"GEIH 2024 (DANE, catalogo ANDA 819)",
Bogotá D.C.,11,2024,Ene-Dic (12 meses),ingreso_pobreza,% arrendatarios en pobreza monetaria,23.26,,,,,4955,,ACEPTABLE,"Pobreza Monetaria 2024 (DANE, catalogo ANDA 874)",
Bogotá D.C.,11,2024,Ene-Dic (12 meses),ingreso_pobreza,% hogares no pobres que viven en arriendo,47.57,,,,,8208,,ACEPTABLE,"Pobreza Monetaria 2024 (DANE, catalogo ANDA 874)",
Bogotá D.C.,11,2024,Ene-Dic (12 meses),ingreso_pobreza,% hogares pobres que viven en arriendo,75.81,,,,,1573,,ACEPTABLE,"Pobreza Monetaria 2024 (DANE, catalogo ANDA 874)",
Bogotá D.C.,11,2024,Ene-Dic (12 meses),ingreso_pobreza,% propietarios en pobreza monetaria,6.18,,,,,3907,,ACEPTABLE,"Pobreza Monetaria 2024 (DANE, catalogo ANDA 874)",
Bogotá D.C.,11,2024,Ene-Dic (12 meses),ingreso_pobreza,Brecha de ingreso propietarios vs arrendatarios,55.35,,,,,0,,NO_APLICA,"Pobreza Monetaria 2024 (DANE, catalogo ANDA 874)",(+) = propietarios ganan mas; calculado sobre medianas ponderadas
Bogotá D.C.,11,2024,Ene-Dic (12 meses),ingreso_pobreza,Ingreso mediano hogares arrendatarios,2842728.56,,,,,4908,,ACEPTABLE,"Pobreza Monetaria 2024 (DANE, catalogo ANDA 874)",ingtotug = ingreso total unidad de gasto SIN imputar arriendo
Bogotá D.C.,11,2024,Ene-Dic (12 meses),ingreso_pobreza,Ingreso mediano hogares propietarios,4416081.35,,,,,3860,,ACEPTABLE,"Pobreza Monetaria 2024 (DANE, catalogo ANDA 874)",ingtotug = ingreso total unidad de gasto SIN imputar arriendo
Bogotá D.C.,11,2024,Ene-Dic (12 meses),servicios_publicos,Hogares sin acueducto,0.19,0.0421,0.1076,0.2652,0.9386,9781,22.7376,PRECAUCION,"GEIH 2024 (DANE, catalogo ANDA 819)",
Bogotá D.C.,11,2024,Ene-Dic (12 meses),servicios_publicos,Hogares sin alcantarillado,0.43,0.0672,0.3046,0.5649,1.0419,9781,15.7793,PRECAUCION,"GEIH 2024 (DANE, catalogo ANDA 819)",
Bogotá D.C.,11,2024,Ene-Dic (12 meses),servicios_publicos,Hogares sin energia electrica,0.0,0.0000,0.0000,0.0000,,9781,,ACEPTABLE,"GEIH 2024 (DANE, catalogo ANDA 819)",
Bogotá D.C.,11,2024,Ene-Dic (12 meses),servicios_publicos,Hogares sin gas natural conectado a red,4.19,0.2138,3.7993,4.6461,1.1138,9781,5.1027,ACEPTABLE,"GEIH 2024 (DANE, catalogo ANDA 819)",
Bogotá D.C.,11,2024,Ene-Dic (12 meses),servicios_publicos,Hogares sin recoleccion de basuras,0.09,0.0232,0.0463,0.1318,0.5973,9781,26.3284,NO PUBLICAR,"GEIH 2024 (DANE, catalogo ANDA 819)",
Bogotá D.C.,11,2024,Ene-Dic (12 meses),tenencia,Tenencia: En arriendo o subarriendo,52.08,0.5504,51.0932,53.0971,1.1875,4955,1.0569,EXCELENTE,"GEIH 2024 (DANE, catalogo ANDA 819)",
Bogotá D.C.,11,2024,Ene-Dic (12 meses),tenencia,Tenencia: En usufructo,7.77,0.2797,7.2268,8.2960,1.0680,783,3.6009,EXCELENTE,"GEIH 2024 (DANE, catalogo ANDA 819)",
Bogotá D.C.,11,2024,Ene-Dic (12 meses),tenencia,Tenencia: Otra,0.0,0.0000,0.0000,0.0000,,0,,ACEPTABLE,"GEIH 2024 (DANE, catalogo ANDA 819)",
Bogotá D.C.,11,2024,Ene-Dic (12 meses),tenencia,Tenencia: Posesion sin titulo,0.35,0.0650,0.2233,0.4732,1.1941,35,18.7196,PRECAUCION,"GEIH 2024 (DANE, catalogo ANDA 819)",
Bogotá D.C.,11,2024,Ene-Dic (12 meses),tenencia,"Tenencia: Propia, la estan pagando",9.29,0.2991,8.8007,9.9369,1.0386,842,3.2201,EXCELENTE,"GEIH 2024 (DANE, catalogo ANDA 819)",
Bogotá D.C.,11,2024,Ene-Dic (12 meses),tenencia,"Tenencia: Propia, totalmente pagada",29.51,0.4750,28.6498,30.4568,1.0610,3065,1.6099,EXCELENTE,"GEIH 2024 (DANE, catalogo ANDA 819)",
Bogotá D.C.,11,2024,Ene-Dic (12 meses),tenencia,Tenencia: Propiedad colectiva,1.01,0.1104,0.8158,1.2292,1.1907,101,10.9144,ACEPTABLE,"GEIH 2024 (DANE, catalogo ANDA 819)",
Bogotá D.C.,11,2024,Ene-Dic (12 meses),tenencia,Tenencia: suma de categorias (control),100.0,,,,,9781,,NO_APLICA,"GEIH 2024 (DANE, catalogo ANDA 819)",Control de auditoria: debe ser 100% +/-0.1pp
Bogotá D.C.,11,2024,Ene-Dic (12 meses),vivienda_propia_credito,Arriendo imputado (estimado) - P25,700000.0,,,,,4406,,ACEPTABLE,"GEIH 2024 (DANE, catalogo ANDA 819)",21 registro(s) excluidos por valor extremo
Bogotá D.C.,11,2024,Ene-Dic (12 meses),vivienda_propia_credito,Arriendo imputado (estimado) - P75,1500000.0,,,,,4406,,ACEPTABLE,"GEIH 2024 (DANE, catalogo ANDA 819)",21 registro(s) excluidos por valor extremo
Bogotá D.C.,11,2024,Ene-Dic (12 meses),vivienda_propia_credito,Arriendo imputado (estimado) - mediana,1000000.0,0.0000,1000000.0000,1000000.0000,0.0000,4406,0.0000,EXCELENTE,"GEIH 2024 (DANE, catalogo ANDA 819)",21 registro(s) excluidos por valor extremo
Bogotá D.C.,11,2024,Ene-Dic (12 meses),vivienda_propia_credito,Arriendo imputado (estimado) - promedio,1385638.22,22698.0339,1340048.4703,1431002.9744,1.3832,4406,1.6381,EXCELENTE,"GEIH 2024 (DANE, catalogo ANDA 819)",21 registro(s) excluidos por valor extremo
Bogotá D.C.,11,2024,Ene-Dic (12 meses),vivienda_propia_credito,Cuota hipotecaria mensual - P25,600000.0,,,,,810,,ACEPTABLE,"GEIH 2024 (DANE, catalogo ANDA 819)",2 registro(s) excluidos por valor extremo
Bogotá D.C.,11,2024,Ene-Dic (12 meses),vivienda_propia_credito,Cuota hipotecaria mensual - P75,2000000.0,,,,,810,,ACEPTABLE,"GEIH 2024 (DANE, catalogo ANDA 819)",2 registro(s) excluidos por valor extremo
Bogotá D.C.,11,2024,Ene-Dic (12 meses),vivienda_propia_credito,Cuota hipotecaria mensual - mediana,1000000.0,66288.7058,950000.0000,1200000.0000,0.5252,810,6.6289,ACEPTABLE,"GEIH 2024 (DANE, catalogo ANDA 819)",2 registro(s) excluidos por valor extremo
Bogotá D.C.,11,2024,Ene-Dic (12 meses),vivienda_propia_credito,Cuota hipotecaria mensual - promedio,1563227.14,98398.2855,1408874.5283,1792442.1775,1.1573,810,6.2946,ACEPTABLE,"GEIH 2024 (DANE, catalogo ANDA 819)",2 registro(s) excluidos por valor extremo
Bogotá D.C.,11,2024,Ene-Dic (12 meses),vivienda_propia_credito,Valor estimado de venta de la vivienda - P25,150000000.0,,,,,3007,,ACEPTABLE,"GEIH 2024 (DANE, catalogo ANDA 819)",21 registro(s) excluidos por valor extremo
Bogotá D.C.,11,2024,Ene-Dic (12 meses),vivienda_propia_credito,Valor estimado de venta de la vivienda - P75,400000000.0,,,,,3007,,ACEPTABLE,"GEIH 2024 (DANE, catalogo ANDA 819)",21 registro(s) excluidos por valor extremo
Bogotá D.C.,11,2024,Ene-Dic (12 meses),vivienda_propia_credito,Valor estimado de venta de la vivienda - mediana,250000000.0,766267.6692,250000000.0000,250000000.0000,0.0427,3007,0.3065,EXCELENTE,"GEIH 2024 (DANE, catalogo ANDA 819)",21 registro(s) excluidos por valor extremo
Bogotá D.C.,11,2024,Ene-Dic (12 meses),vivienda_propia_credito,Valor estimado de venta de la vivienda - promedio,303880936.57,3871503.2605,296395599.2575,311934004.5717,1.0891,3007,1.2740,EXCELENTE,"GEIH 2024 (DANE, catalogo ANDA 819)",21 registro(s) excluidos por valor extremo
Bogotá D.C.,11,2025,Ene-Dic (12 meses),arriendo,Canon de arriendo mensual - P25,570000.0,,,,,4936,,ACEPTABLE,"GEIH 2025 (DANE, catalogo ANDA 853)",7 registro(s) excluidos por valor extremo
Bogotá D.C.,11,2025,Ene-Dic (12 meses),arriendo,Canon de arriendo mensual - P75,1170559.44,,,,,4936,,ACEPTABLE,"GEIH 2025 (DANE, catalogo ANDA 853)",7 registro(s) excluidos por valor extremo
Bogotá D.C.,11,2025,Ene-Dic (12 meses),arriendo,Canon de arriendo mensual - mediana,760000.0,20155.1581,750000.0000,800000.0000,2.7206,4936,2.6520,EXCELENTE,"GEIH 2025 (DANE, catalogo ANDA 853)",7 registro(s) excluidos por valor extremo
Bogotá D.C.,11,2025,Ene-Dic (12 meses),arriendo,Canon de arriendo mensual - promedio,1018752.74,12959.2330,991852.3857,1042491.5549,1.1248,4936,1.2721,EXCELENTE,"GEIH 2025 (DANE, catalogo ANDA 853)",7 registro(s) excluidos por valor extremo
Bogotá D.C.,11,2025,Ene-Dic (12 meses),deficit_habitacional,Deficit habitacional cualitativo,ND - pendiente Fase 2 (ECV),,,,,0,,ND,ECV (fuera de alcance Fase 1),ND - pendiente Fase 2 (ECV): fuente fuera de alcance de Fase 1
Bogotá D.C.,11,2025,Ene-Dic (12 meses),deficit_habitacional,Deficit habitacional cuantitativo,ND - pendiente Fase 2 (ECV),,,,,0,,ND,ECV (fuera de alcance Fase 1),ND - pendiente Fase 2 (ECV): fuente fuera de alcance de Fase 1
Bogotá D.C.,11,2025,Ene-Dic (12 meses),deficit_habitacional,Distribucion por estrato socioeconomico,ND - pendiente Fase 2 (ECV),,,,,0,,ND,ECV (fuera de alcance Fase 1),ND - pendiente Fase 2 (ECV): fuente fuera de alcance de Fase 1
Bogotá D.C.,11,2025,Ene-Dic (12 meses),esfuerzo_financiero,Arrendatarios que destinan >30% del ingreso al arriendo,39.38,,,,,4905,,ACEPTABLE,"Pobreza Monetaria 2025 (DANE, catalogo ANDA 908)",sobrecarga (>30%)
Bogotá D.C.,11,2025,Ene-Dic (12 meses),esfuerzo_financiero,Arrendatarios que destinan >50% del ingreso al arriendo,13.75,,,,,4905,,ACEPTABLE,"Pobreza Monetaria 2025 (DANE, catalogo ANDA 908)",sobrecarga severa (>50%)
Bogotá D.C.,11,2025,Ene-Dic (12 meses),esfuerzo_financiero,Arriendo/ingreso del hogar (mediana),25.33,,,,,4905,,ACEPTABLE,"Pobreza Monetaria 2025 (DANE, catalogo ANDA 908)",Merge con 99.4% de coincidencia
Bogotá D.C.,11,2025,Ene-Dic (12 meses),hacinamiento,Hogares con hacinamiento (>3 personas/cuarto para dormir),0.88,0.1000,0.7173,1.0974,1.1109,9733,11.3082,ACEPTABLE,"GEIH 2025 (DANE, catalogo ANDA 853)","Umbral >3 sobre CUARTOS PARA DORMIR (P5010), no cuartos totales"
Bogotá D.C.,11,2025,Ene-Dic (12 meses),hacinamiento,Hogares con hacinamiento critico NBI (>3 personas/cuarto TOTAL),0.3,,,,,9733,,PRECAUCION,"GEIH 2025 (DANE, catalogo ANDA 853)",Definicion oficial DANE-NBI (cuartos totales incl. sala-comedor)
Bogotá D.C.,11,2025,Ene-Dic (12 meses),hacinamiento,Personas por cuarto para dormir - mediana,1.33,,,,,9733,,ACEPTABLE,"GEIH 2025 (DANE, catalogo ANDA 853)",
Bogotá D.C.,11,2025,Ene-Dic (12 meses),hacinamiento,Personas por cuarto para dormir - promedio,1.47,0.0060,1.4601,1.4851,1.0656,9733,0.4073,EXCELENTE,"GEIH 2025 (DANE, catalogo ANDA 853)",
Bogotá D.C.,11,2025,Ene-Dic (12 meses),ingreso_pobreza,% arrendatarios en pobreza monetaria,21.04,,,,,4968,,ACEPTABLE,"Pobreza Monetaria 2025 (DANE, catalogo ANDA 908)",
Bogotá D.C.,11,2025,Ene-Dic (12 meses),ingreso_pobreza,% hogares no pobres que viven en arriendo,48.81,,,,,8355,,ACEPTABLE,"Pobreza Monetaria 2025 (DANE, catalogo ANDA 908)",
Bogotá D.C.,11,2025,Ene-Dic (12 meses),ingreso_pobreza,% hogares pobres que viven en arriendo,78.35,,,,,1378,,ACEPTABLE,"Pobreza Monetaria 2025 (DANE, catalogo ANDA 908)",
Bogotá D.C.,11,2025,Ene-Dic (12 meses),ingreso_pobreza,% propietarios en pobreza monetaria,4.46,,,,,3749,,ACEPTABLE,"Pobreza Monetaria 2025 (DANE, catalogo ANDA 908)",
Bogotá D.C.,11,2025,Ene-Dic (12 meses),ingreso_pobreza,Brecha de ingreso propietarios vs arrendatarios,59.56,,,,,0,,NO_APLICA,"Pobreza Monetaria 2025 (DANE, catalogo ANDA 908)",(+) = propietarios ganan mas; calculado sobre medianas ponderadas
Bogotá D.C.,11,2025,Ene-Dic (12 meses),ingreso_pobreza,Ingreso mediano hogares arrendatarios,3133562.78,,,,,4936,,ACEPTABLE,"Pobreza Monetaria 2025 (DANE, catalogo ANDA 908)",ingtotug = ingreso total unidad de gasto SIN imputar arriendo
Bogotá D.C.,11,2025,Ene-Dic (12 meses),ingreso_pobreza,Ingreso mediano hogares propietarios,5000000.0,,,,,3717,,ACEPTABLE,"Pobreza Monetaria 2025 (DANE, catalogo ANDA 908)",ingtotug = ingreso total unidad de gasto SIN imputar arriendo
Bogotá D.C.,11,2025,Ene-Dic (12 meses),servicios_publicos,Hogares sin acueducto,0.3,0.0618,0.1794,0.4082,1.2603,9733,20.8779,PRECAUCION,"GEIH 2025 (DANE, catalogo ANDA 853)",
Bogotá D.C.,11,2025,Ene-Dic (12 meses),servicios_publicos,Hogares sin alcantarillado,0.7,0.0986,0.4978,0.8770,1.3592,9733,14.0642,ACEPTABLE,"GEIH 2025 (DANE, catalogo ANDA 853)",
Bogotá D.C.,11,2025,Ene-Dic (12 meses),servicios_publicos,Hogares sin energia electrica,0.0,0.0000,0.0000,0.0000,,9733,,ACEPTABLE,"GEIH 2025 (DANE, catalogo ANDA 853)",
Bogotá D.C.,11,2025,Ene-Dic (12 meses),servicios_publicos,Hogares sin gas natural conectado a red,4.01,0.2163,3.6250,4.4078,1.1815,9733,5.3875,ACEPTABLE,"GEIH 2025 (DANE, catalogo ANDA 853)",
Bogotá D.C.,11,2025,Ene-Dic (12 meses),servicios_publicos,Hogares sin recoleccion de basuras,0.14,0.0491,0.0561,0.2447,1.6423,9733,34.2869,NO PUBLICAR,"GEIH 2025 (DANE, catalogo ANDA 853)",
Bogotá D.C.,11,2025,Ene-Dic (12 meses),tenencia,Tenencia: En arriendo o subarriendo,53.02,0.5152,52.0200,53.9989,1.0371,4968,0.9718,EXCELENTE,"GEIH 2025 (DANE, catalogo ANDA 853)",
Bogotá D.C.,11,2025,Ene-Dic (12 meses),tenencia,Tenencia: En usufructo,9.04,0.2982,8.4580,9.5552,1.0527,876,3.2987,EXCELENTE,"GEIH 2025 (DANE, catalogo ANDA 853)",
Bogotá D.C.,11,2025,Ene-Dic (12 meses),tenencia,Tenencia: Otra,0.0,0.0000,0.0000,0.0000,,0,,ACEPTABLE,"GEIH 2025 (DANE, catalogo ANDA 853)",
Bogotá D.C.,11,2025,Ene-Dic (12 meses),tenencia,Tenencia: Posesion sin titulo,0.36,0.0558,0.2616,0.4764,0.8338,39,15.2961,PRECAUCION,"GEIH 2025 (DANE, catalogo ANDA 853)",
Bogotá D.C.,11,2025,Ene-Dic (12 meses),tenencia,"Tenencia: Propia, la estan pagando",7.8,0.2864,7.2279,8.3486,1.1097,724,3.6700,EXCELENTE,"GEIH 2025 (DANE, catalogo ANDA 853)",
Bogotá D.C.,11,2025,Ene-Dic (12 meses),tenencia,"Tenencia: Propia, totalmente pagada",28.81,0.4569,27.9945,29.7312,0.9904,3025,1.5855,EXCELENTE,"GEIH 2025 (DANE, catalogo ANDA 853)",
Bogotá D.C.,11,2025,Ene-Dic (12 meses),tenencia,Tenencia: Propiedad colectiva,0.96,0.0940,0.8087,1.1602,0.9036,101,9.7851,ACEPTABLE,"GEIH 2025 (DANE, catalogo ANDA 853)",
Bogotá D.C.,11,2025,Ene-Dic (12 meses),tenencia,Tenencia: suma de categorias (control),100.0,,,,,9733,,NO_APLICA,"GEIH 2025 (DANE, catalogo ANDA 853)",Control de auditoria: debe ser 100% +/-0.1pp
Bogotá D.C.,11,2025,Ene-Dic (12 meses),vivienda_propia_credito,Arriendo imputado (estimado) - P25,700000.0,,,,,4634,,ACEPTABLE,"GEIH 2025 (DANE, catalogo ANDA 853)",21 registro(s) excluidos por valor extremo
Bogotá D.C.,11,2025,Ene-Dic (12 meses),vivienda_propia_credito,Arriendo imputado (estimado) - P75,1601268.2,,,,,4634,,ACEPTABLE,"GEIH 2025 (DANE, catalogo ANDA 853)",21 registro(s) excluidos por valor extremo
Bogotá D.C.,11,2025,Ene-Dic (12 meses),vivienda_propia_credito,Arriendo imputado (estimado) - mediana,1000000.0,0.0000,1000000.0000,1000000.0000,0.0000,4634,0.0000,EXCELENTE,"GEIH 2025 (DANE, catalogo ANDA 853)",21 registro(s) excluidos por valor extremo
Bogotá D.C.,11,2025,Ene-Dic (12 meses),vivienda_propia_credito,Arriendo imputado (estimado) - promedio,1450774.56,22103.9553,1409348.6074,1499460.7442,1.2314,4634,1.5236,EXCELENTE,"GEIH 2025 (DANE, catalogo ANDA 853)",21 registro(s) excluidos por valor extremo
Bogotá D.C.,11,2025,Ene-Dic (12 meses),vivienda_propia_credito,Cuota hipotecaria mensual - P25,700000.0,,,,,713,,ACEPTABLE,"GEIH 2025 (DANE, catalogo ANDA 853)",1 registro(s) excluidos por valor extremo
Bogotá D.C.,11,2025,Ene-Dic (12 meses),vivienda_propia_credito,Cuota hipotecaria mensual - P75,2200000.0,,,,,713,,ACEPTABLE,"GEIH 2025 (DANE, catalogo ANDA 853)",1 registro(s) excluidos por valor extremo
Bogotá D.C.,11,2025,Ene-Dic (12 meses),vivienda_propia_credito,Cuota hipotecaria mensual - mediana,1200000.0,61713.0308,1150000.0000,1400000.0000,1.1056,713,5.1428,ACEPTABLE,"GEIH 2025 (DANE, catalogo ANDA 853)",1 registro(s) excluidos por valor extremo
Bogotá D.C.,11,2025,Ene-Dic (12 meses),vivienda_propia_credito,Cuota hipotecaria mensual - promedio,1650246.23,63623.9047,1529601.6945,1784339.6888,1.1752,713,3.8554,EXCELENTE,"GEIH 2025 (DANE, catalogo ANDA 853)",1 registro(s) excluidos por valor extremo
Bogotá D.C.,11,2025,Ene-Dic (12 meses),vivienda_propia_credito,Valor estimado de venta de la vivienda - P25,180000000.0,,,,,3488,,ACEPTABLE,"GEIH 2025 (DANE, catalogo ANDA 853)",14 registro(s) excluidos por valor extremo
Bogotá D.C.,11,2025,Ene-Dic (12 meses),vivienda_propia_credito,Valor estimado de venta de la vivienda - P75,420000000.0,,,,,3488,,ACEPTABLE,"GEIH 2025 (DANE, catalogo ANDA 853)",14 registro(s) excluidos por valor extremo
Bogotá D.C.,11,2025,Ene-Dic (12 meses),vivienda_propia_credito,Valor estimado de venta de la vivienda - mediana,270000000.0,12000289.4230,250000000.0000,280000000.0000,12.0211,3488,4.4446,EXCELENTE,"GEIH 2025 (DANE, catalogo ANDA 853)",14 registro(s) excluidos por valor extremo
Bogotá D.C.,11,2025,Ene-Dic (12 meses),vivienda_propia_credito,Valor estimado de venta de la vivienda - promedio,325491935.33,3460411.7636,318773113.3119,331409624.4017,0.9996,3488,1.0631,EXCELENTE,"GEIH 2025 (DANE, catalogo ANDA 853)",14 registro(s) excluidos por valor extremo
Bogotá D.C.,11,2026*,Ene-Jun (parcial),arriendo,Canon de arriendo mensual - P25,600000.0,,,,,2378,,ACEPTABLE,"GEIH 2026 Ene-Jun (DANE, catalogo ANDA 900)",6 registro(s) excluidos por valor extremo
Bogotá D.C.,11,2026*,Ene-Jun (parcial),arriendo,Canon de arriendo mensual - P75,1264289.9,,,,,2378,,ACEPTABLE,"GEIH 2026 Ene-Jun (DANE, catalogo ANDA 900)",6 registro(s) excluidos por valor extremo
Bogotá D.C.,11,2026*,Ene-Jun (parcial),arriendo,Canon de arriendo mensual - mediana,800000.0,18212.6007,800000.0000,850000.0000,1.0825,2378,2.2766,EXCELENTE,"GEIH 2026 Ene-Jun (DANE, catalogo ANDA 900)",6 registro(s) excluidos por valor extremo
Bogotá D.C.,11,2026*,Ene-Jun (parcial),arriendo,Canon de arriendo mensual - promedio,1090080.55,18141.0772,1056914.8148,1130549.8012,1.0740,2378,1.6642,EXCELENTE,"GEIH 2026 Ene-Jun (DANE, catalogo ANDA 900)",6 registro(s) excluidos por valor extremo
Bogotá D.C.,11,2026*,Ene-Jun (parcial),deficit_habitacional,Deficit habitacional cualitativo,ND - pendiente Fase 2 (ECV),,,,,0,,ND,ECV (fuera de alcance Fase 1),ND - pendiente Fase 2 (ECV): fuente fuera de alcance de Fase 1
Bogotá D.C.,11,2026*,Ene-Jun (parcial),deficit_habitacional,Deficit habitacional cuantitativo,ND - pendiente Fase 2 (ECV),,,,,0,,ND,ECV (fuera de alcance Fase 1),ND - pendiente Fase 2 (ECV): fuente fuera de alcance de Fase 1
Bogotá D.C.,11,2026*,Ene-Jun (parcial),deficit_habitacional,Distribucion por estrato socioeconomico,ND - pendiente Fase 2 (ECV),,,,,0,,ND,ECV (fuera de alcance Fase 1),ND - pendiente Fase 2 (ECV): fuente fuera de alcance de Fase 1
Bogotá D.C.,11,2026*,Ene-Jun (parcial),esfuerzo_financiero,Arrendatarios que destinan >30% del ingreso al arriendo,ND,,,,,0,,ND,ND - DANE no publica Pobreza Monetaria 2026,DANE no publica Medicion de Pobreza Monetaria y Desigualdad 2026 (requiere año calendario completo); no se calcula ni se extrapola
Bogotá D.C.,11,2026*,Ene-Jun (parcial),esfuerzo_financiero,Arrendatarios que destinan >50% del ingreso al arriendo,ND,,,,,0,,ND,ND - DANE no publica Pobreza Monetaria 2026,DANE no publica Medicion de Pobreza Monetaria y Desigualdad 2026 (requiere año calendario completo); no se calcula ni se extrapola
Bogotá D.C.,11,2026*,Ene-Jun (parcial),esfuerzo_financiero,Arriendo/ingreso del hogar (mediana),ND,,,,,0,,ND,ND - DANE no publica Pobreza Monetaria 2026,DANE no publica Medicion de Pobreza Monetaria y Desigualdad 2026 (requiere año calendario completo); no se calcula ni se extrapola
Bogotá D.C.,11,2026*,Ene-Jun (parcial),hacinamiento,Hogares con hacinamiento (>3 personas/cuarto para dormir),1.08,0.1702,0.7988,1.4530,1.3154,4864,15.7185,PRECAUCION,"GEIH 2026 Ene-Jun (DANE, catalogo ANDA 900)","Umbral >3 sobre CUARTOS PARA DORMIR (P5010), no cuartos totales"
Bogotá D.C.,11,2026*,Ene-Jun (parcial),hacinamiento,Hogares con hacinamiento critico NBI (>3 personas/cuarto TOTAL),0.31,,,,,4864,,NO PUBLICAR,"GEIH 2026 Ene-Jun (DANE, catalogo ANDA 900)",Definicion oficial DANE-NBI (cuartos totales incl. sala-comedor)
Bogotá D.C.,11,2026*,Ene-Jun (parcial),hacinamiento,Personas por cuarto para dormir - mediana,1.33,,,,,4864,,ACEPTABLE,"GEIH 2026 Ene-Jun (DANE, catalogo ANDA 900)",
Bogotá D.C.,11,2026*,Ene-Jun (parcial),hacinamiento,Personas por cuarto para dormir - promedio,1.46,0.0086,1.4428,1.4753,1.0883,4864,0.5874,EXCELENTE,"GEIH 2026 Ene-Jun (DANE, catalogo ANDA 900)",
Bogotá D.C.,11,2026*,Ene-Jun (parcial),ingreso_pobreza,% arrendatarios en pobreza monetaria,ND,,,,,0,,ND,ND - DANE no publica Pobreza Monetaria 2026,DANE no publica Medicion de Pobreza Monetaria y Desigualdad 2026 (requiere año calendario completo); no se calcula ni se extrapola
Bogotá D.C.,11,2026*,Ene-Jun (parcial),ingreso_pobreza,% hogares no pobres que viven en arriendo,ND,,,,,0,,ND,ND - DANE no publica Pobreza Monetaria 2026,DANE no publica Medicion de Pobreza Monetaria y Desigualdad 2026 (requiere año calendario completo); no se calcula ni se extrapola
Bogotá D.C.,11,2026*,Ene-Jun (parcial),ingreso_pobreza,% hogares pobres que viven en arriendo,ND,,,,,0,,ND,ND - DANE no publica Pobreza Monetaria 2026,DANE no publica Medicion de Pobreza Monetaria y Desigualdad 2026 (requiere año calendario completo); no se calcula ni se extrapola
Bogotá D.C.,11,2026*,Ene-Jun (parcial),ingreso_pobreza,% propietarios en pobreza monetaria,ND,,,,,0,,ND,ND - DANE no publica Pobreza Monetaria 2026,DANE no publica Medicion de Pobreza Monetaria y Desigualdad 2026 (requiere año calendario completo); no se calcula ni se extrapola
Bogotá D.C.,11,2026*,Ene-Jun (parcial),ingreso_pobreza,Brecha de ingreso propietarios vs arrendatarios,ND,,,,,0,,ND,ND - DANE no publica Pobreza Monetaria 2026,DANE no publica Medicion de Pobreza Monetaria y Desigualdad 2026 (requiere año calendario completo); no se calcula ni se extrapola
Bogotá D.C.,11,2026*,Ene-Jun (parcial),ingreso_pobreza,Ingreso mediano hogares arrendatarios,ND,,,,,0,,ND,ND - DANE no publica Pobreza Monetaria 2026,DANE no publica Medicion de Pobreza Monetaria y Desigualdad 2026 (requiere año calendario completo); no se calcula ni se extrapola
Bogotá D.C.,11,2026*,Ene-Jun (parcial),ingreso_pobreza,Ingreso mediano hogares propietarios,ND,,,,,0,,ND,ND - DANE no publica Pobreza Monetaria 2026,DANE no publica Medicion de Pobreza Monetaria y Desigualdad 2026 (requiere año calendario completo); no se calcula ni se extrapola
Bogotá D.C.,11,2026*,Ene-Jun (parcial),servicios_publicos,Hogares sin acueducto,0.28,0.0835,0.1270,0.4552,1.2233,4864,30.0468,NO PUBLICAR,"GEIH 2026 Ene-Jun (DANE, catalogo ANDA 900)",
Bogotá D.C.,11,2026*,Ene-Jun (parcial),servicios_publicos,Hogares sin alcantarillado,0.32,0.0909,0.1325,0.4940,1.2656,4864,28.5445,NO PUBLICAR,"GEIH 2026 Ene-Jun (DANE, catalogo ANDA 900)",
Bogotá D.C.,11,2026*,Ene-Jun (parcial),servicios_publicos,Hogares sin energia electrica,0.0,0.0000,0.0000,0.0000,,4864,,ACEPTABLE,"GEIH 2026 Ene-Jun (DANE, catalogo ANDA 900)",
Bogotá D.C.,11,2026*,Ene-Jun (parcial),servicios_publicos,Hogares sin gas natural conectado a red,4.45,0.3123,3.8708,5.0819,1.1162,4864,7.0222,ACEPTABLE,"GEIH 2026 Ene-Jun (DANE, catalogo ANDA 900)",
Bogotá D.C.,11,2026*,Ene-Jun (parcial),servicios_publicos,Hogares sin recoleccion de basuras,0.18,0.0729,0.0524,0.3315,1.4546,4864,40.9760,NO PUBLICAR,"GEIH 2026 Ene-Jun (DANE, catalogo ANDA 900)",
Bogotá D.C.,11,2026*,Ene-Jun (parcial),tenencia,Tenencia: En arriendo o subarriendo,50.62,0.7584,49.2641,51.9527,1.1192,2386,1.4984,EXCELENTE,"GEIH 2026 Ene-Jun (DANE, catalogo ANDA 900)",
Bogotá D.C.,11,2026*,Ene-Jun (parcial),tenencia,Tenencia: En usufructo,8.4,0.3844,7.6552,9.1953,0.9348,416,4.5793,EXCELENTE,"GEIH 2026 Ene-Jun (DANE, catalogo ANDA 900)",
Bogotá D.C.,11,2026*,Ene-Jun (parcial),tenencia,Tenencia: Otra,0.19,0.0724,0.0693,0.3417,1.3566,7,38.4612,NO PUBLICAR,"GEIH 2026 Ene-Jun (DANE, catalogo ANDA 900)",
Bogotá D.C.,11,2026*,Ene-Jun (parcial),tenencia,Tenencia: Posesion sin titulo,0.5,0.1154,0.2682,0.7173,1.2904,22,22.8781,PRECAUCION,"GEIH 2026 Ene-Jun (DANE, catalogo ANDA 900)",
Bogotá D.C.,11,2026*,Ene-Jun (parcial),tenencia,"Tenencia: Propia, la estan pagando",9.11,0.4671,8.2618,10.0499,1.2816,426,5.1263,ACEPTABLE,"GEIH 2026 Ene-Jun (DANE, catalogo ANDA 900)",
Bogotá D.C.,11,2026*,Ene-Jun (parcial),tenencia,"Tenencia: Propia, totalmente pagada",30.43,0.6952,29.1285,31.8590,1.1104,1568,2.2843,EXCELENTE,"GEIH 2026 Ene-Jun (DANE, catalogo ANDA 900)",
Bogotá D.C.,11,2026*,Ene-Jun (parcial),tenencia,Tenencia: Propiedad colectiva,0.75,0.1223,0.5257,0.9931,0.9781,39,16.3139,PRECAUCION,"GEIH 2026 Ene-Jun (DANE, catalogo ANDA 900)",
Bogotá D.C.,11,2026*,Ene-Jun (parcial),tenencia,Tenencia: suma de categorias (control),100.0,,,,,4864,,NO_APLICA,"GEIH 2026 Ene-Jun (DANE, catalogo ANDA 900)",Control de auditoria: debe ser 100% +/-0.1pp
Bogotá D.C.,11,2026*,Ene-Jun (parcial),vivienda_propia_credito,Arriendo imputado (estimado) - P25,800000.0,,,,,2443,,ACEPTABLE,"GEIH 2026 Ene-Jun (DANE, catalogo ANDA 900)",15 registro(s) excluidos por valor extremo
Bogotá D.C.,11,2026*,Ene-Jun (parcial),vivienda_propia_credito,Arriendo imputado (estimado) - P75,2000000.0,,,,,2443,,ACEPTABLE,"GEIH 2026 Ene-Jun (DANE, catalogo ANDA 900)",15 registro(s) excluidos por valor extremo
Bogotá D.C.,11,2026*,Ene-Jun (parcial),vivienda_propia_credito,Arriendo imputado (estimado) - mediana,1200000.0,42553.8619,1100000.0000,1200000.0000,2.0882,2443,3.5462,EXCELENTE,"GEIH 2026 Ene-Jun (DANE, catalogo ANDA 900)",15 registro(s) excluidos por valor extremo
Bogotá D.C.,11,2026*,Ene-Jun (parcial),vivienda_propia_credito,Arriendo imputado (estimado) - promedio,1590979.2,30848.0129,1534639.6142,1651736.5702,1.0973,2443,1.9389,EXCELENTE,"GEIH 2026 Ene-Jun (DANE, catalogo ANDA 900)",15 registro(s) excluidos por valor extremo
Bogotá D.C.,11,2026*,Ene-Jun (parcial),vivienda_propia_credito,Cuota hipotecaria mensual - P25,743791.71,,,,,423,,ACEPTABLE,"GEIH 2026 Ene-Jun (DANE, catalogo ANDA 900)",
Bogotá D.C.,11,2026*,Ene-Jun (parcial),vivienda_propia_credito,Cuota hipotecaria mensual - P75,2200000.0,,,,,423,,ACEPTABLE,"GEIH 2026 Ene-Jun (DANE, catalogo ANDA 900)",
Bogotá D.C.,11,2026*,Ene-Jun (parcial),vivienda_propia_credito,Cuota hipotecaria mensual - mediana,1217017.77,77255.2253,1133427.4245,1445204.3435,1.2365,423,6.3479,ACEPTABLE,"GEIH 2026 Ene-Jun (DANE, catalogo ANDA 900)",
Bogotá D.C.,11,2026*,Ene-Jun (parcial),vivienda_propia_credito,Cuota hipotecaria mensual - promedio,1661872.14,71029.9712,1534476.5331,1796641.6820,1.0453,423,4.2741,EXCELENTE,"GEIH 2026 Ene-Jun (DANE, catalogo ANDA 900)",
Bogotá D.C.,11,2026*,Ene-Jun (parcial),vivienda_propia_credito,Valor estimado de venta de la vivienda - P25,180000000.0,,,,,1953,,ACEPTABLE,"GEIH 2026 Ene-Jun (DANE, catalogo ANDA 900)",8 registro(s) excluidos por valor extremo
Bogotá D.C.,11,2026*,Ene-Jun (parcial),vivienda_propia_credito,Valor estimado de venta de la vivienda - P75,450000000.0,,,,,1953,,ACEPTABLE,"GEIH 2026 Ene-Jun (DANE, catalogo ANDA 900)",8 registro(s) excluidos por valor extremo
Bogotá D.C.,11,2026*,Ene-Jun (parcial),vivienda_propia_credito,Valor estimado de venta de la vivienda - mediana,300000000.0,7671378.7484,280000000.0000,300000000.0000,1.2641,1953,2.5571,EXCELENTE,"GEIH 2026 Ene-Jun (DANE, catalogo ANDA 900)",8 registro(s) excluidos por valor extremo
Bogotá D.C.,11,2026*,Ene-Jun (parcial),vivienda_propia_credito,Valor estimado de venta de la vivienda - promedio,372729370.62,7186861.2446,359936637.4074,387067332.9087,1.1095,1953,1.9282,EXCELENTE,"GEIH 2026 Ene-Jun (DANE, catalogo ANDA 900)",8 registro(s) excluidos por valor extremo
Bucaramanga A.M.,68,2023,Ene-Dic (12 meses),arriendo,Canon de arriendo mensual - P25,450000.0,,,,,4890,,ACEPTABLE,"GEIH 2023 (DANE, catalogo ANDA 782)",10 registro(s) excluidos por valor extremo
Bucaramanga A.M.,68,2023,Ene-Dic (12 meses),arriendo,Canon de arriendo mensual - P75,800000.0,,,,,4890,,ACEPTABLE,"GEIH 2023 (DANE, catalogo ANDA 782)",10 registro(s) excluidos por valor extremo
Bucaramanga A.M.,68,2023,Ene-Dic (12 meses),arriendo,Canon de arriendo mensual - mediana,600000.0,2324.6148,600000.0000,600000.0000,0.1817,4890,0.3874,EXCELENTE,"GEIH 2023 (DANE, catalogo ANDA 782)",10 registro(s) excluidos por valor extremo
Bucaramanga A.M.,68,2023,Ene-Dic (12 meses),arriendo,Canon de arriendo mensual - promedio,655556.81,6601.8663,642900.1532,668231.4335,1.4653,4890,1.0071,EXCELENTE,"GEIH 2023 (DANE, catalogo ANDA 782)",10 registro(s) excluidos por valor extremo
Bucaramanga A.M.,68,2023,Ene-Dic (12 meses),deficit_habitacional,Deficit habitacional cualitativo,ND - pendiente Fase 2 (ECV),,,,,0,,ND,ECV (fuera de alcance Fase 1),ND - pendiente Fase 2 (ECV): fuente fuera de alcance de Fase 1
Bucaramanga A.M.,68,2023,Ene-Dic (12 meses),deficit_habitacional,Deficit habitacional cuantitativo,ND - pendiente Fase 2 (ECV),,,,,0,,ND,ECV (fuera de alcance Fase 1),ND - pendiente Fase 2 (ECV): fuente fuera de alcance de Fase 1
Bucaramanga A.M.,68,2023,Ene-Dic (12 meses),deficit_habitacional,Distribucion por estrato socioeconomico,ND - pendiente Fase 2 (ECV),,,,,0,,ND,ECV (fuera de alcance Fase 1),ND - pendiente Fase 2 (ECV): fuente fuera de alcance de Fase 1
Bucaramanga A.M.,68,2023,Ene-Dic (12 meses),esfuerzo_financiero,Arrendatarios que destinan >30% del ingreso al arriendo,38.71,,,,,4842,,ACEPTABLE,"Pobreza Monetaria 2023 (DANE, catalogo ANDA 835)",sobrecarga (>30%)
Bucaramanga A.M.,68,2023,Ene-Dic (12 meses),esfuerzo_financiero,Arrendatarios que destinan >50% del ingreso al arriendo,13.6,,,,,4842,,ACEPTABLE,"Pobreza Monetaria 2023 (DANE, catalogo ANDA 835)",sobrecarga severa (>50%)
Bucaramanga A.M.,68,2023,Ene-Dic (12 meses),esfuerzo_financiero,Arriendo/ingreso del hogar (mediana),25.5,,,,,4842,,ACEPTABLE,"Pobreza Monetaria 2023 (DANE, catalogo ANDA 835)",Merge con 99.3% de coincidencia
Bucaramanga A.M.,68,2023,Ene-Dic (12 meses),hacinamiento,Hogares con hacinamiento (>3 personas/cuarto para dormir),2.07,0.2043,1.7116,2.5106,1.8573,9016,9.8771,ACEPTABLE,"GEIH 2023 (DANE, catalogo ANDA 782)","Umbral >3 sobre CUARTOS PARA DORMIR (P5010), no cuartos totales"
Bucaramanga A.M.,68,2023,Ene-Dic (12 meses),hacinamiento,Hogares con hacinamiento critico NBI (>3 personas/cuarto TOTAL),0.45,,,,,9016,,PRECAUCION,"GEIH 2023 (DANE, catalogo ANDA 782)",Definicion oficial DANE-NBI (cuartos totales incl. sala-comedor)
Bucaramanga A.M.,68,2023,Ene-Dic (12 meses),hacinamiento,Personas por cuarto para dormir - mediana,1.5,,,,,9016,,ACEPTABLE,"GEIH 2023 (DANE, catalogo ANDA 782)",
Bucaramanga A.M.,68,2023,Ene-Dic (12 meses),hacinamiento,Personas por cuarto para dormir - promedio,1.54,0.0095,1.5246,1.5636,1.8897,9016,0.6165,EXCELENTE,"GEIH 2023 (DANE, catalogo ANDA 782)",
Bucaramanga A.M.,68,2023,Ene-Dic (12 meses),ingreso_pobreza,% arrendatarios en pobreza monetaria,33.92,,,,,4927,,ACEPTABLE,"Pobreza Monetaria 2023 (DANE, catalogo ANDA 835)",
Bucaramanga A.M.,68,2023,Ene-Dic (12 meses),ingreso_pobreza,% hogares no pobres que viven en arriendo,50.01,,,,,6650,,ACEPTABLE,"Pobreza Monetaria 2023 (DANE, catalogo ANDA 835)",
Bucaramanga A.M.,68,2023,Ene-Dic (12 meses),ingreso_pobreza,% hogares pobres que viven en arriendo,70.55,,,,,2366,,ACEPTABLE,"Pobreza Monetaria 2023 (DANE, catalogo ANDA 835)",
Bucaramanga A.M.,68,2023,Ene-Dic (12 meses),ingreso_pobreza,% propietarios en pobreza monetaria,11.69,,,,,2865,,ACEPTABLE,"Pobreza Monetaria 2023 (DANE, catalogo ANDA 835)",
Bucaramanga A.M.,68,2023,Ene-Dic (12 meses),ingreso_pobreza,Brecha de ingreso propietarios vs arrendatarios,56.63,,,,,0,,NO_APLICA,"Pobreza Monetaria 2023 (DANE, catalogo ANDA 835)",(+) = propietarios ganan mas; calculado sobre medianas ponderadas
Bucaramanga A.M.,68,2023,Ene-Dic (12 meses),ingreso_pobreza,Ingreso mediano hogares arrendatarios,2200000.0,,,,,4875,,ACEPTABLE,"Pobreza Monetaria 2023 (DANE, catalogo ANDA 835)",ingtotug = ingreso total unidad de gasto SIN imputar arriendo
Bucaramanga A.M.,68,2023,Ene-Dic (12 meses),ingreso_pobreza,Ingreso mediano hogares propietarios,3445842.28,,,,,2824,,ACEPTABLE,"Pobreza Monetaria 2023 (DANE, catalogo ANDA 835)",ingtotug = ingreso total unidad de gasto SIN imputar arriendo
Bucaramanga A.M.,68,2023,Ene-Dic (12 meses),servicios_publicos,Hogares sin acueducto,1.14,0.2229,0.6882,1.5940,3.9621,9016,19.4851,PRECAUCION,"GEIH 2023 (DANE, catalogo ANDA 782)",
Bucaramanga A.M.,68,2023,Ene-Dic (12 meses),servicios_publicos,Hogares sin alcantarillado,1.65,0.2440,1.1953,2.1349,3.3136,9016,14.8137,ACEPTABLE,"GEIH 2023 (DANE, catalogo ANDA 782)",
Bucaramanga A.M.,68,2023,Ene-Dic (12 meses),servicios_publicos,Hogares sin energia electrica,0.03,0.0175,0.0055,0.0766,0.8596,9016,54.3152,NO PUBLICAR,"GEIH 2023 (DANE, catalogo ANDA 782)",
Bucaramanga A.M.,68,2023,Ene-Dic (12 meses),servicios_publicos,Hogares sin gas natural conectado a red,7.03,0.3785,6.3355,7.7841,1.9767,9016,5.3848,ACEPTABLE,"GEIH 2023 (DANE, catalogo ANDA 782)",
Bucaramanga A.M.,68,2023,Ene-Dic (12 meses),servicios_publicos,Hogares sin recoleccion de basuras,1.0,0.2377,0.5383,1.4717,5.1517,9016,23.7963,PRECAUCION,"GEIH 2023 (DANE, catalogo ANDA 782)",
Bucaramanga A.M.,68,2023,Ene-Dic (12 meses),tenencia,Tenencia: En arriendo o subarriendo,55.49,0.7859,53.9773,57.0578,2.2545,4927,1.4162,EXCELENTE,"GEIH 2023 (DANE, catalogo ANDA 782)",
Bucaramanga A.M.,68,2023,Ene-Dic (12 meses),tenencia,Tenencia: En usufructo,8.12,0.3657,7.4617,8.8589,1.6157,795,4.5020,EXCELENTE,"GEIH 2023 (DANE, catalogo ANDA 782)",
Bucaramanga A.M.,68,2023,Ene-Dic (12 meses),tenencia,Tenencia: Otra,0.38,0.0864,0.2188,0.5614,1.7642,36,22.5529,PRECAUCION,"GEIH 2023 (DANE, catalogo ANDA 782)",
Bucaramanga A.M.,68,2023,Ene-Dic (12 meses),tenencia,Tenencia: Posesion sin titulo,1.92,0.2094,1.5515,2.3264,2.0965,167,10.8912,ACEPTABLE,"GEIH 2023 (DANE, catalogo ANDA 782)",
Bucaramanga A.M.,68,2023,Ene-Dic (12 meses),tenencia,"Tenencia: Propia, la estan pagando",6.11,0.4077,5.4594,7.0393,2.6135,478,6.6760,ACEPTABLE,"GEIH 2023 (DANE, catalogo ANDA 782)",
Bucaramanga A.M.,68,2023,Ene-Dic (12 meses),tenencia,"Tenencia: Propia, totalmente pagada",25.24,0.6211,23.9990,26.5296,1.8432,2387,2.4605,EXCELENTE,"GEIH 2023 (DANE, catalogo ANDA 782)",
Bucaramanga A.M.,68,2023,Ene-Dic (12 meses),tenencia,Tenencia: Propiedad colectiva,2.73,0.3183,2.1325,3.3482,3.4403,226,11.6619,ACEPTABLE,"GEIH 2023 (DANE, catalogo ANDA 782)",
Bucaramanga A.M.,68,2023,Ene-Dic (12 meses),tenencia,Tenencia: suma de categorias (control),100.0,,,,,9016,,NO_APLICA,"GEIH 2023 (DANE, catalogo ANDA 782)",Control de auditoria: debe ser 100% +/-0.1pp
Bucaramanga A.M.,68,2023,Ene-Dic (12 meses),vivienda_propia_credito,Arriendo imputado (estimado) - P25,500000.0,,,,,3727,,ACEPTABLE,"GEIH 2023 (DANE, catalogo ANDA 782)",37 registro(s) excluidos por valor extremo
Bucaramanga A.M.,68,2023,Ene-Dic (12 meses),vivienda_propia_credito,Arriendo imputado (estimado) - P75,1000000.0,,,,,3727,,ACEPTABLE,"GEIH 2023 (DANE, catalogo ANDA 782)",37 registro(s) excluidos por valor extremo
Bucaramanga A.M.,68,2023,Ene-Dic (12 meses),vivienda_propia_credito,Arriendo imputado (estimado) - mediana,800000.0,27331.9487,700000.0000,800000.0000,6.7955,3727,3.4165,EXCELENTE,"GEIH 2023 (DANE, catalogo ANDA 782)",37 registro(s) excluidos por valor extremo
Bucaramanga A.M.,68,2023,Ene-Dic (12 meses),vivienda_propia_credito,Arriendo imputado (estimado) - promedio,896007.74,15618.4690,868058.8644,926442.8716,2.2190,3727,1.7431,EXCELENTE,"GEIH 2023 (DANE, catalogo ANDA 782)",37 registro(s) excluidos por valor extremo
Bucaramanga A.M.,68,2023,Ene-Dic (12 meses),vivienda_propia_credito,Cuota hipotecaria mensual - P25,592314.68,,,,,461,,ACEPTABLE,"GEIH 2023 (DANE, catalogo ANDA 782)",1 registro(s) excluidos por valor extremo
Bucaramanga A.M.,68,2023,Ene-Dic (12 meses),vivienda_propia_credito,Cuota hipotecaria mensual - P75,1500000.0,,,,,461,,ACEPTABLE,"GEIH 2023 (DANE, catalogo ANDA 782)",1 registro(s) excluidos por valor extremo
Bucaramanga A.M.,68,2023,Ene-Dic (12 meses),vivienda_propia_credito,Cuota hipotecaria mensual - mediana,1000000.0,52626.0148,821933.1055,1000000.0000,0.3126,461,5.2626,ACEPTABLE,"GEIH 2023 (DANE, catalogo ANDA 782)",1 registro(s) excluidos por valor extremo
Bucaramanga A.M.,68,2023,Ene-Dic (12 meses),vivienda_propia_credito,Cuota hipotecaria mensual - promedio,1350901.26,117728.8675,1148106.5716,1584689.2524,1.5644,461,8.7148,ACEPTABLE,"GEIH 2023 (DANE, catalogo ANDA 782)",1 registro(s) excluidos por valor extremo
Bucaramanga A.M.,68,2023,Ene-Dic (12 meses),vivienda_propia_credito,Valor estimado de venta de la vivienda - P25,120000000.0,,,,,1866,,ACEPTABLE,"GEIH 2023 (DANE, catalogo ANDA 782)",14 registro(s) excluidos por valor extremo
Bucaramanga A.M.,68,2023,Ene-Dic (12 meses),vivienda_propia_credito,Valor estimado de venta de la vivienda - P75,300000000.0,,,,,1866,,ACEPTABLE,"GEIH 2023 (DANE, catalogo ANDA 782)",14 registro(s) excluidos por valor extremo
Bucaramanga A.M.,68,2023,Ene-Dic (12 meses),vivienda_propia_credito,Valor estimado de venta de la vivienda - mediana,180000000.0,5208819.2539,162662928.3729,190000000.0000,0.5481,1866,2.8938,EXCELENTE,"GEIH 2023 (DANE, catalogo ANDA 782)",14 registro(s) excluidos por valor extremo
Bucaramanga A.M.,68,2023,Ene-Dic (12 meses),vivienda_propia_credito,Valor estimado de venta de la vivienda - promedio,245472982.95,8927390.8370,230193579.5661,264365926.1275,1.6101,1866,3.6368,EXCELENTE,"GEIH 2023 (DANE, catalogo ANDA 782)",14 registro(s) excluidos por valor extremo
Bucaramanga A.M.,68,2024,Ene-Dic (12 meses),arriendo,Canon de arriendo mensual - P25,500000.0,,,,,4773,,ACEPTABLE,"GEIH 2024 (DANE, catalogo ANDA 819)",12 registro(s) excluidos por valor extremo
Bucaramanga A.M.,68,2024,Ene-Dic (12 meses),arriendo,Canon de arriendo mensual - P75,850000.0,,,,,4773,,ACEPTABLE,"GEIH 2024 (DANE, catalogo ANDA 819)",12 registro(s) excluidos por valor extremo
Bucaramanga A.M.,68,2024,Ene-Dic (12 meses),arriendo,Canon de arriendo mensual - mediana,630000.0,20248.1722,600000.0000,650000.0000,10.7646,4773,3.2140,EXCELENTE,"GEIH 2024 (DANE, catalogo ANDA 819)",12 registro(s) excluidos por valor extremo
Bucaramanga A.M.,68,2024,Ene-Dic (12 meses),arriendo,Canon de arriendo mensual - promedio,726311.95,8678.0945,709089.9988,744712.2458,1.9773,4773,1.1948,EXCELENTE,"GEIH 2024 (DANE, catalogo ANDA 819)",12 registro(s) excluidos por valor extremo
Bucaramanga A.M.,68,2024,Ene-Dic (12 meses),deficit_habitacional,Deficit habitacional cualitativo,ND - pendiente Fase 2 (ECV),,,,,0,,ND,ECV (fuera de alcance Fase 1),ND - pendiente Fase 2 (ECV): fuente fuera de alcance de Fase 1
Bucaramanga A.M.,68,2024,Ene-Dic (12 meses),deficit_habitacional,Deficit habitacional cuantitativo,ND - pendiente Fase 2 (ECV),,,,,0,,ND,ECV (fuera de alcance Fase 1),ND - pendiente Fase 2 (ECV): fuente fuera de alcance de Fase 1
Bucaramanga A.M.,68,2024,Ene-Dic (12 meses),deficit_habitacional,Distribucion por estrato socioeconomico,ND - pendiente Fase 2 (ECV),,,,,0,,ND,ECV (fuera de alcance Fase 1),ND - pendiente Fase 2 (ECV): fuente fuera de alcance de Fase 1
Bucaramanga A.M.,68,2024,Ene-Dic (12 meses),esfuerzo_financiero,Arrendatarios que destinan >30% del ingreso al arriendo,38.18,,,,,4722,,ACEPTABLE,"Pobreza Monetaria 2024 (DANE, catalogo ANDA 874)",sobrecarga (>30%)
Bucaramanga A.M.,68,2024,Ene-Dic (12 meses),esfuerzo_financiero,Arrendatarios que destinan >50% del ingreso al arriendo,12.32,,,,,4722,,ACEPTABLE,"Pobreza Monetaria 2024 (DANE, catalogo ANDA 874)",sobrecarga severa (>50%)
Bucaramanga A.M.,68,2024,Ene-Dic (12 meses),esfuerzo_financiero,Arriendo/ingreso del hogar (mediana),25.0,,,,,4722,,ACEPTABLE,"Pobreza Monetaria 2024 (DANE, catalogo ANDA 874)",Merge con 99.4% de coincidencia
Bucaramanga A.M.,68,2024,Ene-Dic (12 meses),hacinamiento,Hogares con hacinamiento (>3 personas/cuarto para dormir),1.56,0.1927,1.2161,1.9675,2.1162,8769,12.3254,ACEPTABLE,"GEIH 2024 (DANE, catalogo ANDA 819)","Umbral >3 sobre CUARTOS PARA DORMIR (P5010), no cuartos totales"
Bucaramanga A.M.,68,2024,Ene-Dic (12 meses),hacinamiento,Hogares con hacinamiento critico NBI (>3 personas/cuarto TOTAL),0.24,,,,,8769,,NO PUBLICAR,"GEIH 2024 (DANE, catalogo ANDA 819)",Definicion oficial DANE-NBI (cuartos totales incl. sala-comedor)
Bucaramanga A.M.,68,2024,Ene-Dic (12 meses),hacinamiento,Personas por cuarto para dormir - mediana,1.5,,,,,8769,,ACEPTABLE,"GEIH 2024 (DANE, catalogo ANDA 819)",
Bucaramanga A.M.,68,2024,Ene-Dic (12 meses),hacinamiento,Personas por cuarto para dormir - promedio,1.51,0.0090,1.4921,1.5247,1.8526,8769,0.5956,EXCELENTE,"GEIH 2024 (DANE, catalogo ANDA 819)",
Bucaramanga A.M.,68,2024,Ene-Dic (12 meses),ingreso_pobreza,% arrendatarios en pobreza monetaria,30.25,,,,,4802,,ACEPTABLE,"Pobreza Monetaria 2024 (DANE, catalogo ANDA 874)",
Bucaramanga A.M.,68,2024,Ene-Dic (12 meses),ingreso_pobreza,% hogares no pobres que viven en arriendo,50.93,,,,,6604,,ACEPTABLE,"Pobreza Monetaria 2024 (DANE, catalogo ANDA 874)",
Bucaramanga A.M.,68,2024,Ene-Dic (12 meses),ingreso_pobreza,% hogares pobres que viven en arriendo,68.14,,,,,2165,,ACEPTABLE,"Pobreza Monetaria 2024 (DANE, catalogo ANDA 874)",
Bucaramanga A.M.,68,2024,Ene-Dic (12 meses),ingreso_pobreza,% propietarios en pobreza monetaria,12.32,,,,,2745,,ACEPTABLE,"Pobreza Monetaria 2024 (DANE, catalogo ANDA 874)",
Bucaramanga A.M.,68,2024,Ene-Dic (12 meses),ingreso_pobreza,Brecha de ingreso propietarios vs arrendatarios,42.45,,,,,0,,NO_APLICA,"Pobreza Monetaria 2024 (DANE, catalogo ANDA 874)",(+) = propietarios ganan mas; calculado sobre medianas ponderadas
Bucaramanga A.M.,68,2024,Ene-Dic (12 meses),ingreso_pobreza,Ingreso mediano hogares arrendatarios,2500000.0,,,,,4749,,ACEPTABLE,"Pobreza Monetaria 2024 (DANE, catalogo ANDA 874)",ingtotug = ingreso total unidad de gasto SIN imputar arriendo
Bucaramanga A.M.,68,2024,Ene-Dic (12 meses),ingreso_pobreza,Ingreso mediano hogares propietarios,3561144.83,,,,,2695,,ACEPTABLE,"Pobreza Monetaria 2024 (DANE, catalogo ANDA 874)",ingtotug = ingreso total unidad de gasto SIN imputar arriendo
Bucaramanga A.M.,68,2024,Ene-Dic (12 meses),servicios_publicos,Hogares sin acueducto,0.24,0.0406,0.1525,0.3139,0.6122,8769,17.1614,PRECAUCION,"GEIH 2024 (DANE, catalogo ANDA 819)",
Bucaramanga A.M.,68,2024,Ene-Dic (12 meses),servicios_publicos,Hogares sin alcantarillado,1.67,0.2031,1.2496,2.0507,2.2043,8769,12.1691,ACEPTABLE,"GEIH 2024 (DANE, catalogo ANDA 819)",
Bucaramanga A.M.,68,2024,Ene-Dic (12 meses),servicios_publicos,Hogares sin energia electrica,0.02,0.0119,0.0000,0.0413,0.7319,8769,70.0844,NO PUBLICAR,"GEIH 2024 (DANE, catalogo ANDA 819)",
Bucaramanga A.M.,68,2024,Ene-Dic (12 meses),servicios_publicos,Hogares sin gas natural conectado a red,6.12,0.3567,5.3997,6.8400,1.9426,8769,5.8298,ACEPTABLE,"GEIH 2024 (DANE, catalogo ANDA 819)",
Bucaramanga A.M.,68,2024,Ene-Dic (12 meses),servicios_publicos,Hogares sin recoleccion de basuras,0.08,0.0299,0.0336,0.1490,0.9756,8769,37.2043,NO PUBLICAR,"GEIH 2024 (DANE, catalogo ANDA 819)",
Bucaramanga A.M.,68,2024,Ene-Dic (12 meses),tenencia,Tenencia: En arriendo o subarriendo,55.14,0.7844,53.5560,56.6362,2.1813,4802,1.4225,EXCELENTE,"GEIH 2024 (DANE, catalogo ANDA 819)",
Bucaramanga A.M.,68,2024,Ene-Dic (12 meses),tenencia,Tenencia: En usufructo,9.3,0.4176,8.5191,10.1378,1.8118,813,4.4877,EXCELENTE,"GEIH 2024 (DANE, catalogo ANDA 819)",
Bucaramanga A.M.,68,2024,Ene-Dic (12 meses),tenencia,Tenencia: Otra,0.27,0.0538,0.1749,0.3740,0.9292,35,19.6398,PRECAUCION,"GEIH 2024 (DANE, catalogo ANDA 819)",
Bucaramanga A.M.,68,2024,Ene-Dic (12 meses),tenencia,Tenencia: Posesion sin titulo,1.95,0.2480,1.4700,2.4562,2.8225,116,12.7253,ACEPTABLE,"GEIH 2024 (DANE, catalogo ANDA 819)",
Bucaramanga A.M.,68,2024,Ene-Dic (12 meses),tenencia,"Tenencia: Propia, la estan pagando",5.59,0.3853,4.9129,6.3952,2.4644,431,6.8868,ACEPTABLE,"GEIH 2024 (DANE, catalogo ANDA 819)",
Bucaramanga A.M.,68,2024,Ene-Dic (12 meses),tenencia,"Tenencia: Propia, totalmente pagada",25.05,0.6932,23.7244,26.4703,2.2444,2314,2.7674,EXCELENTE,"GEIH 2024 (DANE, catalogo ANDA 819)",
Bucaramanga A.M.,68,2024,Ene-Dic (12 meses),tenencia,Tenencia: Propiedad colectiva,2.69,0.2277,2.2959,3.1469,1.7389,258,8.4766,ACEPTABLE,"GEIH 2024 (DANE, catalogo ANDA 819)",
Bucaramanga A.M.,68,2024,Ene-Dic (12 meses),tenencia,Tenencia: suma de categorias (control),100.0,,,,,8769,,NO_APLICA,"GEIH 2024 (DANE, catalogo ANDA 819)",Control de auditoria: debe ser 100% +/-0.1pp
Bucaramanga A.M.,68,2024,Ene-Dic (12 meses),vivienda_propia_credito,Arriendo imputado (estimado) - P25,550000.0,,,,,3694,,ACEPTABLE,"GEIH 2024 (DANE, catalogo ANDA 819)",41 registro(s) excluidos por valor extremo
Bucaramanga A.M.,68,2024,Ene-Dic (12 meses),vivienda_propia_credito,Arriendo imputado (estimado) - P75,1100000.0,,,,,3694,,ACEPTABLE,"GEIH 2024 (DANE, catalogo ANDA 819)",41 registro(s) excluidos por valor extremo
Bucaramanga A.M.,68,2024,Ene-Dic (12 meses),vivienda_propia_credito,Arriendo imputado (estimado) - mediana,800000.0,11052.7397,750000.0000,800000.0000,1.4366,3694,1.3816,EXCELENTE,"GEIH 2024 (DANE, catalogo ANDA 819)",41 registro(s) excluidos por valor extremo
Bucaramanga A.M.,68,2024,Ene-Dic (12 meses),vivienda_propia_credito,Arriendo imputado (estimado) - promedio,907729.06,11829.9810,886188.3980,931404.4862,1.6457,3694,1.3033,EXCELENTE,"GEIH 2024 (DANE, catalogo ANDA 819)",41 registro(s) excluidos por valor extremo
Bucaramanga A.M.,68,2024,Ene-Dic (12 meses),vivienda_propia_credito,Cuota hipotecaria mensual - P25,600000.0,,,,,415,,ACEPTABLE,"GEIH 2024 (DANE, catalogo ANDA 819)",1 registro(s) excluidos por valor extremo
Bucaramanga A.M.,68,2024,Ene-Dic (12 meses),vivienda_propia_credito,Cuota hipotecaria mensual - P75,1459458.41,,,,,415,,ACEPTABLE,"GEIH 2024 (DANE, catalogo ANDA 819)",1 registro(s) excluidos por valor extremo
Bucaramanga A.M.,68,2024,Ene-Dic (12 meses),vivienda_propia_credito,Cuota hipotecaria mensual - mediana,1000000.0,77674.2611,850000.0000,1200000.0000,1.4076,415,7.7674,ACEPTABLE,"GEIH 2024 (DANE, catalogo ANDA 819)",1 registro(s) excluidos por valor extremo
Bucaramanga A.M.,68,2024,Ene-Dic (12 meses),vivienda_propia_credito,Cuota hipotecaria mensual - promedio,1207740.19,94662.5309,1061435.6587,1427345.9717,2.0906,415,7.8380,ACEPTABLE,"GEIH 2024 (DANE, catalogo ANDA 819)",1 registro(s) excluidos por valor extremo
Bucaramanga A.M.,68,2024,Ene-Dic (12 meses),vivienda_propia_credito,Valor estimado de venta de la vivienda - P25,100000000.0,,,,,1804,,ACEPTABLE,"GEIH 2024 (DANE, catalogo ANDA 819)",17 registro(s) excluidos por valor extremo
Bucaramanga A.M.,68,2024,Ene-Dic (12 meses),vivienda_propia_credito,Valor estimado de venta de la vivienda - P75,280000000.0,,,,,1804,,ACEPTABLE,"GEIH 2024 (DANE, catalogo ANDA 819)",17 registro(s) excluidos por valor extremo
Bucaramanga A.M.,68,2024,Ene-Dic (12 meses),vivienda_propia_credito,Valor estimado de venta de la vivienda - mediana,180000000.0,6862463.7252,160000000.0000,180000000.0000,4.1181,1804,3.8125,EXCELENTE,"GEIH 2024 (DANE, catalogo ANDA 819)",17 registro(s) excluidos por valor extremo
Bucaramanga A.M.,68,2024,Ene-Dic (12 meses),vivienda_propia_credito,Valor estimado de venta de la vivienda - promedio,204325228.72,4326837.0411,196214504.6654,212889169.1062,1.6371,1804,2.1176,EXCELENTE,"GEIH 2024 (DANE, catalogo ANDA 819)",17 registro(s) excluidos por valor extremo
Bucaramanga A.M.,68,2025,Ene-Dic (12 meses),arriendo,Canon de arriendo mensual - P25,500000.0,,,,,4982,,ACEPTABLE,"GEIH 2025 (DANE, catalogo ANDA 853)",13 registro(s) excluidos por valor extremo
Bucaramanga A.M.,68,2025,Ene-Dic (12 meses),arriendo,Canon de arriendo mensual - P75,900000.0,,,,,4982,,ACEPTABLE,"GEIH 2025 (DANE, catalogo ANDA 853)",13 registro(s) excluidos por valor extremo
Bucaramanga A.M.,68,2025,Ene-Dic (12 meses),arriendo,Canon de arriendo mensual - mediana,650000.0,4318.9274,650000.0000,650000.0000,0.4954,4982,0.6645,EXCELENTE,"GEIH 2025 (DANE, catalogo ANDA 853)",13 registro(s) excluidos por valor extremo
Bucaramanga A.M.,68,2025,Ene-Dic (12 meses),arriendo,Canon de arriendo mensual - promedio,762870.7,8924.8020,747768.9573,781701.0299,2.1152,4982,1.1699,EXCELENTE,"GEIH 2025 (DANE, catalogo ANDA 853)",13 registro(s) excluidos por valor extremo
Bucaramanga A.M.,68,2025,Ene-Dic (12 meses),deficit_habitacional,Deficit habitacional cualitativo,ND - pendiente Fase 2 (ECV),,,,,0,,ND,ECV (fuera de alcance Fase 1),ND - pendiente Fase 2 (ECV): fuente fuera de alcance de Fase 1
Bucaramanga A.M.,68,2025,Ene-Dic (12 meses),deficit_habitacional,Deficit habitacional cuantitativo,ND - pendiente Fase 2 (ECV),,,,,0,,ND,ECV (fuera de alcance Fase 1),ND - pendiente Fase 2 (ECV): fuente fuera de alcance de Fase 1
Bucaramanga A.M.,68,2025,Ene-Dic (12 meses),deficit_habitacional,Distribucion por estrato socioeconomico,ND - pendiente Fase 2 (ECV),,,,,0,,ND,ECV (fuera de alcance Fase 1),ND - pendiente Fase 2 (ECV): fuente fuera de alcance de Fase 1
Bucaramanga A.M.,68,2025,Ene-Dic (12 meses),esfuerzo_financiero,Arrendatarios que destinan >30% del ingreso al arriendo,33.62,,,,,4936,,ACEPTABLE,"Pobreza Monetaria 2025 (DANE, catalogo ANDA 908)",sobrecarga (>30%)
Bucaramanga A.M.,68,2025,Ene-Dic (12 meses),esfuerzo_financiero,Arrendatarios que destinan >50% del ingreso al arriendo,11.0,,,,,4936,,ACEPTABLE,"Pobreza Monetaria 2025 (DANE, catalogo ANDA 908)",sobrecarga severa (>50%)
Bucaramanga A.M.,68,2025,Ene-Dic (12 meses),esfuerzo_financiero,Arriendo/ingreso del hogar (mediana),24.0,,,,,4936,,ACEPTABLE,"Pobreza Monetaria 2025 (DANE, catalogo ANDA 908)",Merge con 99.7% de coincidencia
Bucaramanga A.M.,68,2025,Ene-Dic (12 meses),hacinamiento,Hogares con hacinamiento (>3 personas/cuarto para dormir),1.22,0.1416,0.9310,1.4735,1.4847,8900,11.6412,ACEPTABLE,"GEIH 2025 (DANE, catalogo ANDA 853)","Umbral >3 sobre CUARTOS PARA DORMIR (P5010), no cuartos totales"
Bucaramanga A.M.,68,2025,Ene-Dic (12 meses),hacinamiento,Hogares con hacinamiento critico NBI (>3 personas/cuarto TOTAL),0.2,,,,,8900,,NO PUBLICAR,"GEIH 2025 (DANE, catalogo ANDA 853)",Definicion oficial DANE-NBI (cuartos totales incl. sala-comedor)
Bucaramanga A.M.,68,2025,Ene-Dic (12 meses),hacinamiento,Personas por cuarto para dormir - mediana,1.33,,,,,8900,,ACEPTABLE,"GEIH 2025 (DANE, catalogo ANDA 853)",
Bucaramanga A.M.,68,2025,Ene-Dic (12 meses),hacinamiento,Personas por cuarto para dormir - promedio,1.5,0.0082,1.4821,1.5151,1.7179,8900,0.5498,EXCELENTE,"GEIH 2025 (DANE, catalogo ANDA 853)",
Bucaramanga A.M.,68,2025,Ene-Dic (12 meses),ingreso_pobreza,% arrendatarios en pobreza monetaria,27.01,,,,,4996,,ACEPTABLE,"Pobreza Monetaria 2025 (DANE, catalogo ANDA 908)",
Bucaramanga A.M.,68,2025,Ene-Dic (12 meses),ingreso_pobreza,% hogares no pobres que viven en arriendo,51.97,,,,,6806,,ACEPTABLE,"Pobreza Monetaria 2025 (DANE, catalogo ANDA 908)",
Bucaramanga A.M.,68,2025,Ene-Dic (12 meses),ingreso_pobreza,% hogares pobres que viven en arriendo,70.19,,,,,2094,,ACEPTABLE,"Pobreza Monetaria 2025 (DANE, catalogo ANDA 908)",
Bucaramanga A.M.,68,2025,Ene-Dic (12 meses),ingreso_pobreza,% propietarios en pobreza monetaria,10.56,,,,,2558,,ACEPTABLE,"Pobreza Monetaria 2025 (DANE, catalogo ANDA 908)",
Bucaramanga A.M.,68,2025,Ene-Dic (12 meses),ingreso_pobreza,Brecha de ingreso propietarios vs arrendatarios,35.71,,,,,0,,NO_APLICA,"Pobreza Monetaria 2025 (DANE, catalogo ANDA 908)",(+) = propietarios ganan mas; calculado sobre medianas ponderadas
Bucaramanga A.M.,68,2025,Ene-Dic (12 meses),ingreso_pobreza,Ingreso mediano hogares arrendatarios,2800000.0,,,,,4950,,ACEPTABLE,"Pobreza Monetaria 2025 (DANE, catalogo ANDA 908)",ingtotug = ingreso total unidad de gasto SIN imputar arriendo
Bucaramanga A.M.,68,2025,Ene-Dic (12 meses),ingreso_pobreza,Ingreso mediano hogares propietarios,3800000.0,,,,,2535,,ACEPTABLE,"Pobreza Monetaria 2025 (DANE, catalogo ANDA 908)",ingtotug = ingreso total unidad de gasto SIN imputar arriendo
Bucaramanga A.M.,68,2025,Ene-Dic (12 meses),servicios_publicos,Hogares sin acueducto,0.62,0.0715,0.4948,0.7732,0.7371,8900,11.5032,ACEPTABLE,"GEIH 2025 (DANE, catalogo ANDA 853)",
Bucaramanga A.M.,68,2025,Ene-Dic (12 meses),servicios_publicos,Hogares sin alcantarillado,1.7,0.1937,1.3400,2.0916,2.0018,8900,11.4151,ACEPTABLE,"GEIH 2025 (DANE, catalogo ANDA 853)",
Bucaramanga A.M.,68,2025,Ene-Dic (12 meses),servicios_publicos,Hogares sin energia electrica,0.03,0.0135,0.0060,0.0569,0.5906,8900,49.2437,NO PUBLICAR,"GEIH 2025 (DANE, catalogo ANDA 853)",
Bucaramanga A.M.,68,2025,Ene-Dic (12 meses),servicios_publicos,Hogares sin gas natural conectado a red,6.35,0.3138,5.8051,6.9990,1.4732,8900,4.9401,EXCELENTE,"GEIH 2025 (DANE, catalogo ANDA 853)",
Bucaramanga A.M.,68,2025,Ene-Dic (12 meses),servicios_publicos,Hogares sin recoleccion de basuras,0.28,0.1022,0.1332,0.5199,3.2774,8900,35.9425,NO PUBLICAR,"GEIH 2025 (DANE, catalogo ANDA 853)",
Bucaramanga A.M.,68,2025,Ene-Dic (12 meses),tenencia,Tenencia: En arriendo o subarriendo,55.89,0.7461,54.4099,57.2939,2.0098,4996,1.3349,EXCELENTE,"GEIH 2025 (DANE, catalogo ANDA 853)",
Bucaramanga A.M.,68,2025,Ene-Dic (12 meses),tenencia,Tenencia: En usufructo,11.01,0.4590,10.2389,11.9521,1.9134,966,4.1682,EXCELENTE,"GEIH 2025 (DANE, catalogo ANDA 853)",
Bucaramanga A.M.,68,2025,Ene-Dic (12 meses),tenencia,Tenencia: Otra,0.01,0.0086,0.0000,0.0304,0.5380,2,69.9254,NO PUBLICAR,"GEIH 2025 (DANE, catalogo ANDA 853)",
Bucaramanga A.M.,68,2025,Ene-Dic (12 meses),tenencia,Tenencia: Posesion sin titulo,1.65,0.1604,1.3538,1.9488,1.4072,190,9.6955,ACEPTABLE,"GEIH 2025 (DANE, catalogo ANDA 853)",
Bucaramanga A.M.,68,2025,Ene-Dic (12 meses),tenencia,"Tenencia: Propia, la estan pagando",5.28,0.4157,4.4668,6.1372,3.0780,347,7.8797,ACEPTABLE,"GEIH 2025 (DANE, catalogo ANDA 853)",
Bucaramanga A.M.,68,2025,Ene-Dic (12 meses),tenencia,"Tenencia: Propia, totalmente pagada",24.16,0.6425,22.9318,25.5813,2.0056,2211,2.6600,EXCELENTE,"GEIH 2025 (DANE, catalogo ANDA 853)",
Bucaramanga A.M.,68,2025,Ene-Dic (12 meses),tenencia,Tenencia: Propiedad colectiva,2.0,0.2058,1.6621,2.4053,1.9255,188,10.3049,ACEPTABLE,"GEIH 2025 (DANE, catalogo ANDA 853)",
Bucaramanga A.M.,68,2025,Ene-Dic (12 meses),tenencia,Tenencia: suma de categorias (control),100.0,,,,,8900,,NO_APLICA,"GEIH 2025 (DANE, catalogo ANDA 853)",Control de auditoria: debe ser 100% +/-0.1pp
Bucaramanga A.M.,68,2025,Ene-Dic (12 meses),vivienda_propia_credito,Arriendo imputado (estimado) - P25,600000.0,,,,,3854,,ACEPTABLE,"GEIH 2025 (DANE, catalogo ANDA 853)",33 registro(s) excluidos por valor extremo
Bucaramanga A.M.,68,2025,Ene-Dic (12 meses),vivienda_propia_credito,Arriendo imputado (estimado) - P75,1200000.0,,,,,3854,,ACEPTABLE,"GEIH 2025 (DANE, catalogo ANDA 853)",33 registro(s) excluidos por valor extremo
Bucaramanga A.M.,68,2025,Ene-Dic (12 meses),vivienda_propia_credito,Arriendo imputado (estimado) - mediana,800000.0,4983.2495,800000.0000,800000.0000,0.1861,3854,0.6229,EXCELENTE,"GEIH 2025 (DANE, catalogo ANDA 853)",33 registro(s) excluidos por valor extremo
Bucaramanga A.M.,68,2025,Ene-Dic (12 meses),vivienda_propia_credito,Arriendo imputado (estimado) - promedio,1001903.46,15416.4723,973721.9547,1033583.7993,1.7814,3854,1.5387,EXCELENTE,"GEIH 2025 (DANE, catalogo ANDA 853)",33 registro(s) excluidos por valor extremo
Bucaramanga A.M.,68,2025,Ene-Dic (12 meses),vivienda_propia_credito,Cuota hipotecaria mensual - P25,644497.5,,,,,346,,ACEPTABLE,"GEIH 2025 (DANE, catalogo ANDA 853)",1 registro(s) excluidos por valor extremo
Bucaramanga A.M.,68,2025,Ene-Dic (12 meses),vivienda_propia_credito,Cuota hipotecaria mensual - P75,1500000.0,,,,,346,,ACEPTABLE,"GEIH 2025 (DANE, catalogo ANDA 853)",1 registro(s) excluidos por valor extremo
Bucaramanga A.M.,68,2025,Ene-Dic (12 meses),vivienda_propia_credito,Cuota hipotecaria mensual - mediana,1000000.0,50552.0559,850000.0000,1000000.0000,0.2481,346,5.0552,ACEPTABLE,"GEIH 2025 (DANE, catalogo ANDA 853)",1 registro(s) excluidos por valor extremo
Bucaramanga A.M.,68,2025,Ene-Dic (12 meses),vivienda_propia_credito,Cuota hipotecaria mensual - promedio,1338297.46,96934.3312,1150833.6283,1512026.7540,0.9122,346,7.2431,ACEPTABLE,"GEIH 2025 (DANE, catalogo ANDA 853)",1 registro(s) excluidos por valor extremo
Bucaramanga A.M.,68,2025,Ene-Dic (12 meses),vivienda_propia_credito,Valor estimado de venta de la vivienda - P25,120000000.0,,,,,2506,,ACEPTABLE,"GEIH 2025 (DANE, catalogo ANDA 853)",19 registro(s) excluidos por valor extremo
Bucaramanga A.M.,68,2025,Ene-Dic (12 meses),vivienda_propia_credito,Valor estimado de venta de la vivienda - P75,300000000.0,,,,,2506,,ACEPTABLE,"GEIH 2025 (DANE, catalogo ANDA 853)",19 registro(s) excluidos por valor extremo
Bucaramanga A.M.,68,2025,Ene-Dic (12 meses),vivienda_propia_credito,Valor estimado de venta de la vivienda - mediana,190000000.0,6972190.5757,180000000.0000,200000000.0000,4.6908,2506,3.6696,EXCELENTE,"GEIH 2025 (DANE, catalogo ANDA 853)",19 registro(s) excluidos por valor extremo
Bucaramanga A.M.,68,2025,Ene-Dic (12 meses),vivienda_propia_credito,Valor estimado de venta de la vivienda - promedio,227130935.44,4583943.7248,218303060.5993,236279447.8967,2.0276,2506,2.0182,EXCELENTE,"GEIH 2025 (DANE, catalogo ANDA 853)",19 registro(s) excluidos por valor extremo
Bucaramanga A.M.,68,2026*,Ene-Jun (parcial),arriendo,Canon de arriendo mensual - P25,500000.0,,,,,2496,,ACEPTABLE,"GEIH 2026 Ene-Jun (DANE, catalogo ANDA 900)",7 registro(s) excluidos por valor extremo
Bucaramanga A.M.,68,2026*,Ene-Jun (parcial),arriendo,Canon de arriendo mensual - P75,1000000.0,,,,,2496,,ACEPTABLE,"GEIH 2026 Ene-Jun (DANE, catalogo ANDA 900)",7 registro(s) excluidos por valor extremo
Bucaramanga A.M.,68,2026*,Ene-Jun (parcial),arriendo,Canon de arriendo mensual - mediana,700000.0,16008.1639,700000.0000,750000.0000,2.0711,2496,2.2869,EXCELENTE,"GEIH 2026 Ene-Jun (DANE, catalogo ANDA 900)",7 registro(s) excluidos por valor extremo
Bucaramanga A.M.,68,2026*,Ene-Jun (parcial),arriendo,Canon de arriendo mensual - promedio,860669.34,14644.0003,834309.9123,890833.1166,1.7332,2496,1.7015,EXCELENTE,"GEIH 2026 Ene-Jun (DANE, catalogo ANDA 900)",7 registro(s) excluidos por valor extremo
Bucaramanga A.M.,68,2026*,Ene-Jun (parcial),deficit_habitacional,Deficit habitacional cualitativo,ND - pendiente Fase 2 (ECV),,,,,0,,ND,ECV (fuera de alcance Fase 1),ND - pendiente Fase 2 (ECV): fuente fuera de alcance de Fase 1
Bucaramanga A.M.,68,2026*,Ene-Jun (parcial),deficit_habitacional,Deficit habitacional cuantitativo,ND - pendiente Fase 2 (ECV),,,,,0,,ND,ECV (fuera de alcance Fase 1),ND - pendiente Fase 2 (ECV): fuente fuera de alcance de Fase 1
Bucaramanga A.M.,68,2026*,Ene-Jun (parcial),deficit_habitacional,Distribucion por estrato socioeconomico,ND - pendiente Fase 2 (ECV),,,,,0,,ND,ECV (fuera de alcance Fase 1),ND - pendiente Fase 2 (ECV): fuente fuera de alcance de Fase 1
Bucaramanga A.M.,68,2026*,Ene-Jun (parcial),esfuerzo_financiero,Arrendatarios que destinan >30% del ingreso al arriendo,ND,,,,,0,,ND,ND - DANE no publica Pobreza Monetaria 2026,DANE no publica Medicion de Pobreza Monetaria y Desigualdad 2026 (requiere año calendario completo); no se calcula ni se extrapola
Bucaramanga A.M.,68,2026*,Ene-Jun (parcial),esfuerzo_financiero,Arrendatarios que destinan >50% del ingreso al arriendo,ND,,,,,0,,ND,ND - DANE no publica Pobreza Monetaria 2026,DANE no publica Medicion de Pobreza Monetaria y Desigualdad 2026 (requiere año calendario completo); no se calcula ni se extrapola
Bucaramanga A.M.,68,2026*,Ene-Jun (parcial),esfuerzo_financiero,Arriendo/ingreso del hogar (mediana),ND,,,,,0,,ND,ND - DANE no publica Pobreza Monetaria 2026,DANE no publica Medicion de Pobreza Monetaria y Desigualdad 2026 (requiere año calendario completo); no se calcula ni se extrapola
Bucaramanga A.M.,68,2026*,Ene-Jun (parcial),hacinamiento,Hogares con hacinamiento (>3 personas/cuarto para dormir),0.94,0.1889,0.6258,1.3569,1.6954,4449,19.9882,PRECAUCION,"GEIH 2026 Ene-Jun (DANE, catalogo ANDA 900)","Umbral >3 sobre CUARTOS PARA DORMIR (P5010), no cuartos totales"
Bucaramanga A.M.,68,2026*,Ene-Jun (parcial),hacinamiento,Hogares con hacinamiento critico NBI (>3 personas/cuarto TOTAL),0.28,,,,,4449,,NO PUBLICAR,"GEIH 2026 Ene-Jun (DANE, catalogo ANDA 900)",Definicion oficial DANE-NBI (cuartos totales incl. sala-comedor)
Bucaramanga A.M.,68,2026*,Ene-Jun (parcial),hacinamiento,Personas por cuarto para dormir - mediana,1.5,,,,,4449,,ACEPTABLE,"GEIH 2026 Ene-Jun (DANE, catalogo ANDA 900)",
Bucaramanga A.M.,68,2026*,Ene-Jun (parcial),hacinamiento,Personas por cuarto para dormir - promedio,1.5,0.0115,1.4761,1.5207,1.8136,4449,0.7645,EXCELENTE,"GEIH 2026 Ene-Jun (DANE, catalogo ANDA 900)",
Bucaramanga A.M.,68,2026*,Ene-Jun (parcial),ingreso_pobreza,% arrendatarios en pobreza monetaria,ND,,,,,0,,ND,ND - DANE no publica Pobreza Monetaria 2026,DANE no publica Medicion de Pobreza Monetaria y Desigualdad 2026 (requiere año calendario completo); no se calcula ni se extrapola
Bucaramanga A.M.,68,2026*,Ene-Jun (parcial),ingreso_pobreza,% hogares no pobres que viven en arriendo,ND,,,,,0,,ND,ND - DANE no publica Pobreza Monetaria 2026,DANE no publica Medicion de Pobreza Monetaria y Desigualdad 2026 (requiere año calendario completo); no se calcula ni se extrapola
Bucaramanga A.M.,68,2026*,Ene-Jun (parcial),ingreso_pobreza,% hogares pobres que viven en arriendo,ND,,,,,0,,ND,ND - DANE no publica Pobreza Monetaria 2026,DANE no publica Medicion de Pobreza Monetaria y Desigualdad 2026 (requiere año calendario completo); no se calcula ni se extrapola
Bucaramanga A.M.,68,2026*,Ene-Jun (parcial),ingreso_pobreza,% propietarios en pobreza monetaria,ND,,,,,0,,ND,ND - DANE no publica Pobreza Monetaria 2026,DANE no publica Medicion de Pobreza Monetaria y Desigualdad 2026 (requiere año calendario completo); no se calcula ni se extrapola
Bucaramanga A.M.,68,2026*,Ene-Jun (parcial),ingreso_pobreza,Brecha de ingreso propietarios vs arrendatarios,ND,,,,,0,,ND,ND - DANE no publica Pobreza Monetaria 2026,DANE no publica Medicion de Pobreza Monetaria y Desigualdad 2026 (requiere año calendario completo); no se calcula ni se extrapola
Bucaramanga A.M.,68,2026*,Ene-Jun (parcial),ingreso_pobreza,Ingreso mediano hogares arrendatarios,ND,,,,,0,,ND,ND - DANE no publica Pobreza Monetaria 2026,DANE no publica Medicion de Pobreza Monetaria y Desigualdad 2026 (requiere año calendario completo); no se calcula ni se extrapola
Bucaramanga A.M.,68,2026*,Ene-Jun (parcial),ingreso_pobreza,Ingreso mediano hogares propietarios,ND,,,,,0,,ND,ND - DANE no publica Pobreza Monetaria 2026,DANE no publica Medicion de Pobreza Monetaria y Desigualdad 2026 (requiere año calendario completo); no se calcula ni se extrapola
Bucaramanga A.M.,68,2026*,Ene-Jun (parcial),servicios_publicos,Hogares sin acueducto,0.22,0.0700,0.0866,0.3490,1.0100,4449,32.3390,NO PUBLICAR,"GEIH 2026 Ene-Jun (DANE, catalogo ANDA 900)",
Bucaramanga A.M.,68,2026*,Ene-Jun (parcial),servicios_publicos,Hogares sin alcantarillado,2.44,0.4064,1.7378,3.4399,3.0855,4449,16.6495,PRECAUCION,"GEIH 2026 Ene-Jun (DANE, catalogo ANDA 900)",
Bucaramanga A.M.,68,2026*,Ene-Jun (parcial),servicios_publicos,Hogares sin energia electrica,0.0,0.0000,0.0000,0.0000,,4449,,ACEPTABLE,"GEIH 2026 Ene-Jun (DANE, catalogo ANDA 900)",
Bucaramanga A.M.,68,2026*,Ene-Jun (parcial),servicios_publicos,Hogares sin gas natural conectado a red,4.98,0.4557,4.1849,6.0205,1.9527,4449,9.1520,ACEPTABLE,"GEIH 2026 Ene-Jun (DANE, catalogo ANDA 900)",
Bucaramanga A.M.,68,2026*,Ene-Jun (parcial),servicios_publicos,Hogares sin recoleccion de basuras,0.11,0.0367,0.0458,0.1927,0.5522,4449,33.7917,NO PUBLICAR,"GEIH 2026 Ene-Jun (DANE, catalogo ANDA 900)",
Bucaramanga A.M.,68,2026*,Ene-Jun (parcial),tenencia,Tenencia: En arriendo o subarriendo,57.86,1.0466,55.9178,59.8911,1.9986,2503,1.8086,EXCELENTE,"GEIH 2026 Ene-Jun (DANE, catalogo ANDA 900)",
Bucaramanga A.M.,68,2026*,Ene-Jun (parcial),tenencia,Tenencia: En usufructo,8.98,0.5977,7.8152,10.1663,1.9434,408,6.6522,ACEPTABLE,"GEIH 2026 Ene-Jun (DANE, catalogo ANDA 900)",
Bucaramanga A.M.,68,2026*,Ene-Jun (parcial),tenencia,Tenencia: Otra,0.0,0.0000,0.0000,0.0000,,0,,ACEPTABLE,"GEIH 2026 Ene-Jun (DANE, catalogo ANDA 900)",
Bucaramanga A.M.,68,2026*,Ene-Jun (parcial),tenencia,Tenencia: Posesion sin titulo,1.1,0.1988,0.7943,1.5308,1.6151,54,18.0633,PRECAUCION,"GEIH 2026 Ene-Jun (DANE, catalogo ANDA 900)",
Bucaramanga A.M.,68,2026*,Ene-Jun (parcial),tenencia,"Tenencia: Propia, la estan pagando",5.84,0.5265,4.8352,6.8627,2.2419,205,9.0116,ACEPTABLE,"GEIH 2026 Ene-Jun (DANE, catalogo ANDA 900)",
Bucaramanga A.M.,68,2026*,Ene-Jun (parcial),tenencia,"Tenencia: Propia, totalmente pagada",24.27,0.9075,22.5520,26.0594,1.9936,1192,3.7393,EXCELENTE,"GEIH 2026 Ene-Jun (DANE, catalogo ANDA 900)",
Bucaramanga A.M.,68,2026*,Ene-Jun (parcial),tenencia,Tenencia: Propiedad colectiva,1.94,0.2875,1.4191,2.5415,1.9339,87,14.8270,ACEPTABLE,"GEIH 2026 Ene-Jun (DANE, catalogo ANDA 900)",
Bucaramanga A.M.,68,2026*,Ene-Jun (parcial),tenencia,Tenencia: suma de categorias (control),100.0,,,,,4449,,NO_APLICA,"GEIH 2026 Ene-Jun (DANE, catalogo ANDA 900)",Control de auditoria: debe ser 100% +/-0.1pp
Bucaramanga A.M.,68,2026*,Ene-Jun (parcial),vivienda_propia_credito,Arriendo imputado (estimado) - P25,650000.0,,,,,1932,,ACEPTABLE,"GEIH 2026 Ene-Jun (DANE, catalogo ANDA 900)",9 registro(s) excluidos por valor extremo
Bucaramanga A.M.,68,2026*,Ene-Jun (parcial),vivienda_propia_credito,Arriendo imputado (estimado) - P75,1500000.0,,,,,1932,,ACEPTABLE,"GEIH 2026 Ene-Jun (DANE, catalogo ANDA 900)",9 registro(s) excluidos por valor extremo
Bucaramanga A.M.,68,2026*,Ene-Jun (parcial),vivienda_propia_credito,Arriendo imputado (estimado) - mediana,1000000.0,8660.2540,1000000.0000,1000000.0000,0.1662,1932,0.8660,EXCELENTE,"GEIH 2026 Ene-Jun (DANE, catalogo ANDA 900)",9 registro(s) excluidos por valor extremo
Bucaramanga A.M.,68,2026*,Ene-Jun (parcial),vivienda_propia_credito,Arriendo imputado (estimado) - promedio,1237825.79,27285.8801,1189217.6007,1296656.7421,1.6497,1932,2.2043,EXCELENTE,"GEIH 2026 Ene-Jun (DANE, catalogo ANDA 900)",9 registro(s) excluidos por valor extremo
Bucaramanga A.M.,68,2026*,Ene-Jun (parcial),vivienda_propia_credito,Cuota hipotecaria mensual - P25,900000.0,,,,,205,,ACEPTABLE,"GEIH 2026 Ene-Jun (DANE, catalogo ANDA 900)",
Bucaramanga A.M.,68,2026*,Ene-Jun (parcial),vivienda_propia_credito,Cuota hipotecaria mensual - P75,2000000.0,,,,,205,,ACEPTABLE,"GEIH 2026 Ene-Jun (DANE, catalogo ANDA 900)",
Bucaramanga A.M.,68,2026*,Ene-Jun (parcial),vivienda_propia_credito,Cuota hipotecaria mensual - mediana,1450000.0,98711.7372,1200000.0000,1500000.0000,0.7223,205,6.8077,ACEPTABLE,"GEIH 2026 Ene-Jun (DANE, catalogo ANDA 900)",
Bucaramanga A.M.,68,2026*,Ene-Jun (parcial),vivienda_propia_credito,Cuota hipotecaria mensual - promedio,1794715.11,160119.5995,1509090.3087,2122814.6107,1.9006,205,8.9217,ACEPTABLE,"GEIH 2026 Ene-Jun (DANE, catalogo ANDA 900)",
Bucaramanga A.M.,68,2026*,Ene-Jun (parcial),vivienda_propia_credito,Valor estimado de venta de la vivienda - P25,150000000.0,,,,,1390,,ACEPTABLE,"GEIH 2026 Ene-Jun (DANE, catalogo ANDA 900)",2 registro(s) excluidos por valor extremo
Bucaramanga A.M.,68,2026*,Ene-Jun (parcial),vivienda_propia_credito,Valor estimado de venta de la vivienda - P75,350000000.0,,,,,1390,,ACEPTABLE,"GEIH 2026 Ene-Jun (DANE, catalogo ANDA 900)",2 registro(s) excluidos por valor extremo
Bucaramanga A.M.,68,2026*,Ene-Jun (parcial),vivienda_propia_credito,Valor estimado de venta de la vivienda - mediana,230000000.0,10177920.0410,210000000.0000,250000000.0000,2.8362,1390,4.4252,EXCELENTE,"GEIH 2026 Ene-Jun (DANE, catalogo ANDA 900)",2 registro(s) excluidos por valor extremo
Bucaramanga A.M.,68,2026*,Ene-Jun (parcial),vivienda_propia_credito,Valor estimado de venta de la vivienda - promedio,274163805.23,7236646.2423,261047116.8532,288797865.5264,1.4338,1390,2.6395,EXCELENTE,"GEIH 2026 Ene-Jun (DANE, catalogo ANDA 900)",2 registro(s) excluidos por valor extremo
Cali A.M.,76,2023,Ene-Dic (12 meses),arriendo,Canon de arriendo mensual - P25,400000.0,,,,,5600,,ACEPTABLE,"GEIH 2023 (DANE, catalogo ANDA 782)",23 registro(s) excluidos por valor extremo
Cali A.M.,76,2023,Ene-Dic (12 meses),arriendo,Canon de arriendo mensual - P75,715000.0,,,,,5600,,ACEPTABLE,"GEIH 2023 (DANE, catalogo ANDA 782)",23 registro(s) excluidos por valor extremo
Cali A.M.,76,2023,Ene-Dic (12 meses),arriendo,Canon de arriendo mensual - mediana,530000.0,16825.5509,500000.0000,550000.0000,10.8881,5600,3.1746,EXCELENTE,"GEIH 2023 (DANE, catalogo ANDA 782)",23 registro(s) excluidos por valor extremo
Cali A.M.,76,2023,Ene-Dic (12 meses),arriendo,Canon de arriendo mensual - promedio,623973.67,5836.6082,612483.9130,635588.2177,1.3102,5600,0.9354,EXCELENTE,"GEIH 2023 (DANE, catalogo ANDA 782)",23 registro(s) excluidos por valor extremo
Cali A.M.,76,2023,Ene-Dic (12 meses),deficit_habitacional,Deficit habitacional cualitativo,ND - pendiente Fase 2 (ECV),,,,,0,,ND,ECV (fuera de alcance Fase 1),ND - pendiente Fase 2 (ECV): fuente fuera de alcance de Fase 1
Cali A.M.,76,2023,Ene-Dic (12 meses),deficit_habitacional,Deficit habitacional cuantitativo,ND - pendiente Fase 2 (ECV),,,,,0,,ND,ECV (fuera de alcance Fase 1),ND - pendiente Fase 2 (ECV): fuente fuera de alcance de Fase 1
Cali A.M.,76,2023,Ene-Dic (12 meses),deficit_habitacional,Distribucion por estrato socioeconomico,ND - pendiente Fase 2 (ECV),,,,,0,,ND,ECV (fuera de alcance Fase 1),ND - pendiente Fase 2 (ECV): fuente fuera de alcance de Fase 1
Cali A.M.,76,2023,Ene-Dic (12 meses),esfuerzo_financiero,Arrendatarios que destinan >30% del ingreso al arriendo,38.12,,,,,5543,,ACEPTABLE,"Pobreza Monetaria 2023 (DANE, catalogo ANDA 835)",sobrecarga (>30%)
Cali A.M.,76,2023,Ene-Dic (12 meses),esfuerzo_financiero,Arrendatarios que destinan >50% del ingreso al arriendo,14.06,,,,,5543,,ACEPTABLE,"Pobreza Monetaria 2023 (DANE, catalogo ANDA 835)",sobrecarga severa (>50%)
Cali A.M.,76,2023,Ene-Dic (12 meses),esfuerzo_financiero,Arriendo/ingreso del hogar (mediana),25.0,,,,,5543,,ACEPTABLE,"Pobreza Monetaria 2023 (DANE, catalogo ANDA 835)",Merge con 99.1% de coincidencia
Cali A.M.,76,2023,Ene-Dic (12 meses),hacinamiento,Hogares con hacinamiento (>3 personas/cuarto para dormir),1.9,0.1969,1.5566,2.2712,2.2558,10841,10.3664,ACEPTABLE,"GEIH 2023 (DANE, catalogo ANDA 782)","Umbral >3 sobre CUARTOS PARA DORMIR (P5010), no cuartos totales"
Cali A.M.,76,2023,Ene-Dic (12 meses),hacinamiento,Hogares con hacinamiento critico NBI (>3 personas/cuarto TOTAL),0.61,,,,,10841,,PRECAUCION,"GEIH 2023 (DANE, catalogo ANDA 782)",Definicion oficial DANE-NBI (cuartos totales incl. sala-comedor)
Cali A.M.,76,2023,Ene-Dic (12 meses),hacinamiento,Personas por cuarto para dormir - mediana,1.5,,,,,10841,,ACEPTABLE,"GEIH 2023 (DANE, catalogo ANDA 782)",
Cali A.M.,76,2023,Ene-Dic (12 meses),hacinamiento,Personas por cuarto para dormir - promedio,1.54,0.0084,1.5211,1.5538,1.7729,10841,0.5457,EXCELENTE,"GEIH 2023 (DANE, catalogo ANDA 782)",
Cali A.M.,76,2023,Ene-Dic (12 meses),ingreso_pobreza,% arrendatarios en pobreza monetaria,26.67,,,,,5651,,ACEPTABLE,"Pobreza Monetaria 2023 (DANE, catalogo ANDA 835)",
Cali A.M.,76,2023,Ene-Dic (12 meses),ingreso_pobreza,% hogares no pobres que viven en arriendo,49.26,,,,,8927,,ACEPTABLE,"Pobreza Monetaria 2023 (DANE, catalogo ANDA 835)",
Cali A.M.,76,2023,Ene-Dic (12 meses),ingreso_pobreza,% hogares pobres que viven en arriendo,73.03,,,,,1914,,ACEPTABLE,"Pobreza Monetaria 2023 (DANE, catalogo ANDA 835)",
Cali A.M.,76,2023,Ene-Dic (12 meses),ingreso_pobreza,% propietarios en pobreza monetaria,7.96,,,,,3618,,ACEPTABLE,"Pobreza Monetaria 2023 (DANE, catalogo ANDA 835)",
Cali A.M.,76,2023,Ene-Dic (12 meses),ingreso_pobreza,Brecha de ingreso propietarios vs arrendatarios,57.37,,,,,0,,NO_APLICA,"Pobreza Monetaria 2023 (DANE, catalogo ANDA 835)",(+) = propietarios ganan mas; calculado sobre medianas ponderadas
Cali A.M.,76,2023,Ene-Dic (12 meses),ingreso_pobreza,Ingreso mediano hogares arrendatarios,2100000.0,,,,,5592,,ACEPTABLE,"Pobreza Monetaria 2023 (DANE, catalogo ANDA 835)",ingtotug = ingreso total unidad de gasto SIN imputar arriendo
Cali A.M.,76,2023,Ene-Dic (12 meses),ingreso_pobreza,Ingreso mediano hogares propietarios,3304870.63,,,,,3575,,ACEPTABLE,"Pobreza Monetaria 2023 (DANE, catalogo ANDA 835)",ingtotug = ingreso total unidad de gasto SIN imputar arriendo
Cali A.M.,76,2023,Ene-Dic (12 meses),servicios_publicos,Hogares sin acueducto,0.3,0.0729,0.1679,0.4576,1.9508,10841,24.6031,PRECAUCION,"GEIH 2023 (DANE, catalogo ANDA 782)",
Cali A.M.,76,2023,Ene-Dic (12 meses),servicios_publicos,Hogares sin alcantarillado,1.07,0.1497,0.7939,1.3694,2.2881,10841,13.9500,ACEPTABLE,"GEIH 2023 (DANE, catalogo ANDA 782)",
Cali A.M.,76,2023,Ene-Dic (12 meses),servicios_publicos,Hogares sin energia electrica,0.0,0.0029,0.0000,0.0100,0.2257,10841,72.7634,NO PUBLICAR,"GEIH 2023 (DANE, catalogo ANDA 782)",
Cali A.M.,76,2023,Ene-Dic (12 meses),servicios_publicos,Hogares sin gas natural conectado a red,8.47,0.3002,7.8883,9.0714,1.2599,10841,3.5440,EXCELENTE,"GEIH 2023 (DANE, catalogo ANDA 782)",
Cali A.M.,76,2023,Ene-Dic (12 meses),servicios_publicos,Hogares sin recoleccion de basuras,0.02,0.0124,0.0000,0.0453,0.8034,10841,59.8577,NO PUBLICAR,"GEIH 2023 (DANE, catalogo ANDA 782)",
Cali A.M.,76,2023,Ene-Dic (12 meses),tenencia,Tenencia: En arriendo o subarriendo,53.94,0.5497,52.8933,54.9721,1.3185,5651,1.0190,EXCELENTE,"GEIH 2023 (DANE, catalogo ANDA 782)",
Cali A.M.,76,2023,Ene-Dic (12 meses),tenencia,Tenencia: En usufructo,12.09,0.3488,11.3766,12.7157,1.2412,1402,2.8858,EXCELENTE,"GEIH 2023 (DANE, catalogo ANDA 782)",
Cali A.M.,76,2023,Ene-Dic (12 meses),tenencia,Tenencia: Otra,0.18,0.0501,0.0936,0.2897,1.5146,21,27.8486,NO PUBLICAR,"GEIH 2023 (DANE, catalogo ANDA 782)",
Cali A.M.,76,2023,Ene-Dic (12 meses),tenencia,Tenencia: Posesion sin titulo,0.99,0.1104,0.7824,1.1929,1.3486,110,11.1595,ACEPTABLE,"GEIH 2023 (DANE, catalogo ANDA 782)",
Cali A.M.,76,2023,Ene-Dic (12 meses),tenencia,"Tenencia: Propia, la estan pagando",4.58,0.2308,4.1692,5.0476,1.3225,456,5.0431,ACEPTABLE,"GEIH 2023 (DANE, catalogo ANDA 782)",
Cali A.M.,76,2023,Ene-Dic (12 meses),tenencia,"Tenencia: Propia, totalmente pagada",27.85,0.4615,26.9539,28.7960,1.1492,3162,1.6571,EXCELENTE,"GEIH 2023 (DANE, catalogo ANDA 782)",
Cali A.M.,76,2023,Ene-Dic (12 meses),tenencia,Tenencia: Propiedad colectiva,0.37,0.0824,0.2287,0.5499,1.9747,39,22.0323,PRECAUCION,"GEIH 2023 (DANE, catalogo ANDA 782)",
Cali A.M.,76,2023,Ene-Dic (12 meses),tenencia,Tenencia: suma de categorias (control),100.0,,,,,10841,,NO_APLICA,"GEIH 2023 (DANE, catalogo ANDA 782)",Control de auditoria: debe ser 100% +/-0.1pp
Cali A.M.,76,2023,Ene-Dic (12 meses),vivienda_propia_credito,Arriendo imputado (estimado) - P25,500000.0,,,,,4935,,ACEPTABLE,"GEIH 2023 (DANE, catalogo ANDA 782)",24 registro(s) excluidos por valor extremo
Cali A.M.,76,2023,Ene-Dic (12 meses),vivienda_propia_credito,Arriendo imputado (estimado) - P75,900000.0,,,,,4935,,ACEPTABLE,"GEIH 2023 (DANE, catalogo ANDA 782)",24 registro(s) excluidos por valor extremo
Cali A.M.,76,2023,Ene-Dic (12 meses),vivienda_propia_credito,Arriendo imputado (estimado) - mediana,600000.0,6017.7210,600000.0000,600000.0000,0.3760,4935,1.0030,EXCELENTE,"GEIH 2023 (DANE, catalogo ANDA 782)",24 registro(s) excluidos por valor extremo
Cali A.M.,76,2023,Ene-Dic (12 meses),vivienda_propia_credito,Arriendo imputado (estimado) - promedio,820655.03,11029.2027,799100.1452,843462.5346,1.2629,4935,1.3440,EXCELENTE,"GEIH 2023 (DANE, catalogo ANDA 782)",24 registro(s) excluidos por valor extremo
Cali A.M.,76,2023,Ene-Dic (12 meses),vivienda_propia_credito,Cuota hipotecaria mensual - P25,400000.0,,,,,434,,ACEPTABLE,"GEIH 2023 (DANE, catalogo ANDA 782)",
Cali A.M.,76,2023,Ene-Dic (12 meses),vivienda_propia_credito,Cuota hipotecaria mensual - P75,1300000.0,,,,,434,,ACEPTABLE,"GEIH 2023 (DANE, catalogo ANDA 782)",
Cali A.M.,76,2023,Ene-Dic (12 meses),vivienda_propia_credito,Cuota hipotecaria mensual - mediana,700000.0,45794.4661,653516.0341,800000.0000,0.3841,434,6.5421,ACEPTABLE,"GEIH 2023 (DANE, catalogo ANDA 782)",
Cali A.M.,76,2023,Ene-Dic (12 meses),vivienda_propia_credito,Cuota hipotecaria mensual - promedio,1100122.51,101860.6630,943957.3718,1311201.7934,1.9005,434,9.2590,ACEPTABLE,"GEIH 2023 (DANE, catalogo ANDA 782)",
Cali A.M.,76,2023,Ene-Dic (12 meses),vivienda_propia_credito,Valor estimado de venta de la vivienda - P25,100000000.0,,,,,2501,,ACEPTABLE,"GEIH 2023 (DANE, catalogo ANDA 782)",26 registro(s) excluidos por valor extremo
Cali A.M.,76,2023,Ene-Dic (12 meses),vivienda_propia_credito,Valor estimado de venta de la vivienda - P75,250000000.0,,,,,2501,,ACEPTABLE,"GEIH 2023 (DANE, catalogo ANDA 782)",26 registro(s) excluidos por valor extremo
Cali A.M.,76,2023,Ene-Dic (12 meses),vivienda_propia_credito,Valor estimado de venta de la vivienda - mediana,170000000.0,5138876.0276,160000000.0000,180000000.0000,1.2709,2501,3.0229,EXCELENTE,"GEIH 2023 (DANE, catalogo ANDA 782)",26 registro(s) excluidos por valor extremo
Cali A.M.,76,2023,Ene-Dic (12 meses),vivienda_propia_credito,Valor estimado de venta de la vivienda - promedio,218292025.55,5085824.7574,208552460.3785,227590563.3881,1.2448,2501,2.3298,EXCELENTE,"GEIH 2023 (DANE, catalogo ANDA 782)",26 registro(s) excluidos por valor extremo
Cali A.M.,76,2024,Ene-Dic (12 meses),arriendo,Canon de arriendo mensual - P25,450000.0,,,,,5316,,ACEPTABLE,"GEIH 2024 (DANE, catalogo ANDA 819)",28 registro(s) excluidos por valor extremo
Cali A.M.,76,2024,Ene-Dic (12 meses),arriendo,Canon de arriendo mensual - P75,780000.0,,,,,5316,,ACEPTABLE,"GEIH 2024 (DANE, catalogo ANDA 819)",28 registro(s) excluidos por valor extremo
Cali A.M.,76,2024,Ene-Dic (12 meses),arriendo,Canon de arriendo mensual - mediana,600000.0,0.0000,600000.0000,600000.0000,0.0000,5316,0.0000,EXCELENTE,"GEIH 2024 (DANE, catalogo ANDA 819)",28 registro(s) excluidos por valor extremo
Cali A.M.,76,2024,Ene-Dic (12 meses),arriendo,Canon de arriendo mensual - promedio,667143.15,5835.5143,656338.1070,679113.3927,1.2568,5316,0.8747,EXCELENTE,"GEIH 2024 (DANE, catalogo ANDA 819)",28 registro(s) excluidos por valor extremo
Cali A.M.,76,2024,Ene-Dic (12 meses),deficit_habitacional,Deficit habitacional cualitativo,ND - pendiente Fase 2 (ECV),,,,,0,,ND,ECV (fuera de alcance Fase 1),ND - pendiente Fase 2 (ECV): fuente fuera de alcance de Fase 1
Cali A.M.,76,2024,Ene-Dic (12 meses),deficit_habitacional,Deficit habitacional cuantitativo,ND - pendiente Fase 2 (ECV),,,,,0,,ND,ECV (fuera de alcance Fase 1),ND - pendiente Fase 2 (ECV): fuente fuera de alcance de Fase 1
Cali A.M.,76,2024,Ene-Dic (12 meses),deficit_habitacional,Distribucion por estrato socioeconomico,ND - pendiente Fase 2 (ECV),,,,,0,,ND,ECV (fuera de alcance Fase 1),ND - pendiente Fase 2 (ECV): fuente fuera de alcance de Fase 1
Cali A.M.,76,2024,Ene-Dic (12 meses),esfuerzo_financiero,Arrendatarios que destinan >30% del ingreso al arriendo,38.9,,,,,5257,,ACEPTABLE,"Pobreza Monetaria 2024 (DANE, catalogo ANDA 874)",sobrecarga (>30%)
Cali A.M.,76,2024,Ene-Dic (12 meses),esfuerzo_financiero,Arrendatarios que destinan >50% del ingreso al arriendo,15.11,,,,,5257,,ACEPTABLE,"Pobreza Monetaria 2024 (DANE, catalogo ANDA 874)",sobrecarga severa (>50%)
Cali A.M.,76,2024,Ene-Dic (12 meses),esfuerzo_financiero,Arriendo/ingreso del hogar (mediana),25.23,,,,,5257,,ACEPTABLE,"Pobreza Monetaria 2024 (DANE, catalogo ANDA 874)",Merge con 98.7% de coincidencia
Cali A.M.,76,2024,Ene-Dic (12 meses),hacinamiento,Hogares con hacinamiento (>3 personas/cuarto para dormir),1.84,0.1886,1.4866,2.2058,2.0784,10548,10.2533,ACEPTABLE,"GEIH 2024 (DANE, catalogo ANDA 819)","Umbral >3 sobre CUARTOS PARA DORMIR (P5010), no cuartos totales"
Cali A.M.,76,2024,Ene-Dic (12 meses),hacinamiento,Hogares con hacinamiento critico NBI (>3 personas/cuarto TOTAL),0.55,,,,,10547,,PRECAUCION,"GEIH 2024 (DANE, catalogo ANDA 819)",Definicion oficial DANE-NBI (cuartos totales incl. sala-comedor)
Cali A.M.,76,2024,Ene-Dic (12 meses),hacinamiento,Personas por cuarto para dormir - mediana,1.33,,,,,10548,,ACEPTABLE,"GEIH 2024 (DANE, catalogo ANDA 819)",
Cali A.M.,76,2024,Ene-Dic (12 meses),hacinamiento,Personas por cuarto para dormir - promedio,1.52,0.0082,1.5046,1.5345,1.7579,10548,0.5414,EXCELENTE,"GEIH 2024 (DANE, catalogo ANDA 819)",
Cali A.M.,76,2024,Ene-Dic (12 meses),ingreso_pobreza,% arrendatarios en pobreza monetaria,24.54,,,,,5389,,ACEPTABLE,"Pobreza Monetaria 2024 (DANE, catalogo ANDA 874)",
Cali A.M.,76,2024,Ene-Dic (12 meses),ingreso_pobreza,% hogares no pobres que viven en arriendo,49.89,,,,,8701,,ACEPTABLE,"Pobreza Monetaria 2024 (DANE, catalogo ANDA 874)",
Cali A.M.,76,2024,Ene-Dic (12 meses),ingreso_pobreza,% hogares pobres que viven en arriendo,68.68,,,,,1847,,ACEPTABLE,"Pobreza Monetaria 2024 (DANE, catalogo ANDA 874)",
Cali A.M.,76,2024,Ene-Dic (12 meses),ingreso_pobreza,% propietarios en pobreza monetaria,8.09,,,,,3357,,ACEPTABLE,"Pobreza Monetaria 2024 (DANE, catalogo ANDA 874)",
Cali A.M.,76,2024,Ene-Dic (12 meses),ingreso_pobreza,Brecha de ingreso propietarios vs arrendatarios,64.27,,,,,0,,NO_APLICA,"Pobreza Monetaria 2024 (DANE, catalogo ANDA 874)",(+) = propietarios ganan mas; calculado sobre medianas ponderadas
Cali A.M.,76,2024,Ene-Dic (12 meses),ingreso_pobreza,Ingreso mediano hogares arrendatarios,2210598.3,,,,,5327,,ACEPTABLE,"Pobreza Monetaria 2024 (DANE, catalogo ANDA 874)",ingtotug = ingreso total unidad de gasto SIN imputar arriendo
Cali A.M.,76,2024,Ene-Dic (12 meses),ingreso_pobreza,Ingreso mediano hogares propietarios,3631341.55,,,,,3307,,ACEPTABLE,"Pobreza Monetaria 2024 (DANE, catalogo ANDA 874)",ingtotug = ingreso total unidad de gasto SIN imputar arriendo
Cali A.M.,76,2024,Ene-Dic (12 meses),servicios_publicos,Hogares sin acueducto,0.24,0.0485,0.1520,0.3442,1.0458,10548,20.3884,PRECAUCION,"GEIH 2024 (DANE, catalogo ANDA 819)",
Cali A.M.,76,2024,Ene-Dic (12 meses),servicios_publicos,Hogares sin alcantarillado,1.21,0.1229,0.9971,1.4778,1.3293,10548,10.1299,ACEPTABLE,"GEIH 2024 (DANE, catalogo ANDA 819)",
Cali A.M.,76,2024,Ene-Dic (12 meses),servicios_publicos,Hogares sin energia electrica,0.0,0.0000,0.0000,0.0000,,10548,,ACEPTABLE,"GEIH 2024 (DANE, catalogo ANDA 819)",
Cali A.M.,76,2024,Ene-Dic (12 meses),servicios_publicos,Hogares sin gas natural conectado a red,8.09,0.2839,7.5486,8.6842,1.1435,10548,3.5092,EXCELENTE,"GEIH 2024 (DANE, catalogo ANDA 819)",
Cali A.M.,76,2024,Ene-Dic (12 meses),servicios_publicos,Hogares sin recoleccion de basuras,0.02,0.0097,0.0000,0.0378,0.6463,10548,63.2186,NO PUBLICAR,"GEIH 2024 (DANE, catalogo ANDA 819)",
Cali A.M.,76,2024,Ene-Dic (12 meses),tenencia,Tenencia: En arriendo o subarriendo,53.48,0.5616,52.4101,54.5795,1.3373,5389,1.0502,EXCELENTE,"GEIH 2024 (DANE, catalogo ANDA 819)",
Cali A.M.,76,2024,Ene-Dic (12 meses),tenencia,Tenencia: En usufructo,14.82,0.3696,14.1112,15.5402,1.1417,1632,2.4944,EXCELENTE,"GEIH 2024 (DANE, catalogo ANDA 819)",
Cali A.M.,76,2024,Ene-Dic (12 meses),tenencia,Tenencia: Otra,0.12,0.0381,0.0542,0.2025,1.2430,16,30.9187,NO PUBLICAR,"GEIH 2024 (DANE, catalogo ANDA 819)",
Cali A.M.,76,2024,Ene-Dic (12 meses),tenencia,Tenencia: Posesion sin titulo,1.08,0.1101,0.8567,1.2896,1.2011,133,10.2288,ACEPTABLE,"GEIH 2024 (DANE, catalogo ANDA 819)",
Cali A.M.,76,2024,Ene-Dic (12 meses),tenencia,"Tenencia: Propia, la estan pagando",3.89,0.2111,3.5129,4.3426,1.2576,391,5.4275,ACEPTABLE,"GEIH 2024 (DANE, catalogo ANDA 819)",
Cali A.M.,76,2024,Ene-Dic (12 meses),tenencia,"Tenencia: Propia, totalmente pagada",26.43,0.4708,25.5205,27.2515,1.2024,2966,1.7814,EXCELENTE,"GEIH 2024 (DANE, catalogo ANDA 819)",
Cali A.M.,76,2024,Ene-Dic (12 meses),tenencia,Tenencia: Propiedad colectiva,0.19,0.0461,0.1001,0.2836,1.2050,21,24.7456,PRECAUCION,"GEIH 2024 (DANE, catalogo ANDA 819)",
Cali A.M.,76,2024,Ene-Dic (12 meses),tenencia,Tenencia: suma de categorias (control),100.0,,,,,10548,,NO_APLICA,"GEIH 2024 (DANE, catalogo ANDA 819)",Control de auditoria: debe ser 100% +/-0.1pp
Cali A.M.,76,2024,Ene-Dic (12 meses),vivienda_propia_credito,Arriendo imputado (estimado) - P25,500000.0,,,,,4825,,ACEPTABLE,"GEIH 2024 (DANE, catalogo ANDA 819)",29 registro(s) excluidos por valor extremo
Cali A.M.,76,2024,Ene-Dic (12 meses),vivienda_propia_credito,Arriendo imputado (estimado) - P75,1000000.0,,,,,4825,,ACEPTABLE,"GEIH 2024 (DANE, catalogo ANDA 819)",29 registro(s) excluidos por valor extremo
Cali A.M.,76,2024,Ene-Dic (12 meses),vivienda_propia_credito,Arriendo imputado (estimado) - mediana,700000.0,16786.4757,650000.0000,700000.0000,2.1151,4825,2.3981,EXCELENTE,"GEIH 2024 (DANE, catalogo ANDA 819)",29 registro(s) excluidos por valor extremo
Cali A.M.,76,2024,Ene-Dic (12 meses),vivienda_propia_credito,Arriendo imputado (estimado) - promedio,903488.27,14329.3846,873389.6853,934559.3984,1.5412,4825,1.5860,EXCELENTE,"GEIH 2024 (DANE, catalogo ANDA 819)",29 registro(s) excluidos por valor extremo
Cali A.M.,76,2024,Ene-Dic (12 meses),vivienda_propia_credito,Cuota hipotecaria mensual - P25,500000.0,,,,,369,,ACEPTABLE,"GEIH 2024 (DANE, catalogo ANDA 819)",
Cali A.M.,76,2024,Ene-Dic (12 meses),vivienda_propia_credito,Cuota hipotecaria mensual - P75,1500000.0,,,,,369,,ACEPTABLE,"GEIH 2024 (DANE, catalogo ANDA 819)",
Cali A.M.,76,2024,Ene-Dic (12 meses),vivienda_propia_credito,Cuota hipotecaria mensual - mediana,800000.0,41343.0615,700000.0000,850000.0000,0.2595,369,5.1679,ACEPTABLE,"GEIH 2024 (DANE, catalogo ANDA 819)",
Cali A.M.,76,2024,Ene-Dic (12 meses),vivienda_propia_credito,Cuota hipotecaria mensual - promedio,1290672.5,99897.0847,1120013.6398,1489056.7839,1.5153,369,7.7399,ACEPTABLE,"GEIH 2024 (DANE, catalogo ANDA 819)",
Cali A.M.,76,2024,Ene-Dic (12 meses),vivienda_propia_credito,Valor estimado de venta de la vivienda - P25,120000000.0,,,,,2105,,ACEPTABLE,"GEIH 2024 (DANE, catalogo ANDA 819)",10 registro(s) excluidos por valor extremo
Cali A.M.,76,2024,Ene-Dic (12 meses),vivienda_propia_credito,Valor estimado de venta de la vivienda - P75,300000000.0,,,,,2105,,ACEPTABLE,"GEIH 2024 (DANE, catalogo ANDA 819)",10 registro(s) excluidos por valor extremo
Cali A.M.,76,2024,Ene-Dic (12 meses),vivienda_propia_credito,Valor estimado de venta de la vivienda - mediana,200000000.0,4207485.0590,190000000.0000,200000000.0000,1.2815,2105,2.1037,EXCELENTE,"GEIH 2024 (DANE, catalogo ANDA 819)",10 registro(s) excluidos por valor extremo
Cali A.M.,76,2024,Ene-Dic (12 meses),vivienda_propia_credito,Valor estimado de venta de la vivienda - promedio,232712895.8,4303362.3669,224987438.2976,241632700.6274,1.3406,2105,1.8492,EXCELENTE,"GEIH 2024 (DANE, catalogo ANDA 819)",10 registro(s) excluidos por valor extremo
Cali A.M.,76,2025,Ene-Dic (12 meses),arriendo,Canon de arriendo mensual - P25,500000.0,,,,,5237,,ACEPTABLE,"GEIH 2025 (DANE, catalogo ANDA 853)",28 registro(s) excluidos por valor extremo
Cali A.M.,76,2025,Ene-Dic (12 meses),arriendo,Canon de arriendo mensual - P75,800000.0,,,,,5237,,ACEPTABLE,"GEIH 2025 (DANE, catalogo ANDA 853)",28 registro(s) excluidos por valor extremo
Cali A.M.,76,2025,Ene-Dic (12 meses),arriendo,Canon de arriendo mensual - mediana,600000.0,10164.9831,600000.0000,630000.0000,2.7545,5237,1.6942,EXCELENTE,"GEIH 2025 (DANE, catalogo ANDA 853)",28 registro(s) excluidos por valor extremo
Cali A.M.,76,2025,Ene-Dic (12 meses),arriendo,Canon de arriendo mensual - promedio,734998.8,7530.6616,721234.7537,750740.0040,1.5118,5237,1.0246,EXCELENTE,"GEIH 2025 (DANE, catalogo ANDA 853)",28 registro(s) excluidos por valor extremo
Cali A.M.,76,2025,Ene-Dic (12 meses),deficit_habitacional,Deficit habitacional cualitativo,ND - pendiente Fase 2 (ECV),,,,,0,,ND,ECV (fuera de alcance Fase 1),ND - pendiente Fase 2 (ECV): fuente fuera de alcance de Fase 1
Cali A.M.,76,2025,Ene-Dic (12 meses),deficit_habitacional,Deficit habitacional cuantitativo,ND - pendiente Fase 2 (ECV),,,,,0,,ND,ECV (fuera de alcance Fase 1),ND - pendiente Fase 2 (ECV): fuente fuera de alcance de Fase 1
Cali A.M.,76,2025,Ene-Dic (12 meses),deficit_habitacional,Distribucion por estrato socioeconomico,ND - pendiente Fase 2 (ECV),,,,,0,,ND,ECV (fuera de alcance Fase 1),ND - pendiente Fase 2 (ECV): fuente fuera de alcance de Fase 1
Cali A.M.,76,2025,Ene-Dic (12 meses),esfuerzo_financiero,Arrendatarios que destinan >30% del ingreso al arriendo,37.1,,,,,5195,,ACEPTABLE,"Pobreza Monetaria 2025 (DANE, catalogo ANDA 908)",sobrecarga (>30%)
Cali A.M.,76,2025,Ene-Dic (12 meses),esfuerzo_financiero,Arrendatarios que destinan >50% del ingreso al arriendo,14.54,,,,,5195,,ACEPTABLE,"Pobreza Monetaria 2025 (DANE, catalogo ANDA 908)",sobrecarga severa (>50%)
Cali A.M.,76,2025,Ene-Dic (12 meses),esfuerzo_financiero,Arriendo/ingreso del hogar (mediana),24.28,,,,,5195,,ACEPTABLE,"Pobreza Monetaria 2025 (DANE, catalogo ANDA 908)",Merge con 99.2% de coincidencia
Cali A.M.,76,2025,Ene-Dic (12 meses),hacinamiento,Hogares con hacinamiento (>3 personas/cuarto para dormir),1.08,0.1343,0.8253,1.3411,1.7094,10150,12.4046,ACEPTABLE,"GEIH 2025 (DANE, catalogo ANDA 853)","Umbral >3 sobre CUARTOS PARA DORMIR (P5010), no cuartos totales"
Cali A.M.,76,2025,Ene-Dic (12 meses),hacinamiento,Hogares con hacinamiento critico NBI (>3 personas/cuarto TOTAL),0.24,,,,,10150,,NO PUBLICAR,"GEIH 2025 (DANE, catalogo ANDA 853)",Definicion oficial DANE-NBI (cuartos totales incl. sala-comedor)
Cali A.M.,76,2025,Ene-Dic (12 meses),hacinamiento,Personas por cuarto para dormir - mediana,1.33,,,,,10150,,ACEPTABLE,"GEIH 2025 (DANE, catalogo ANDA 853)",
Cali A.M.,76,2025,Ene-Dic (12 meses),hacinamiento,Personas por cuarto para dormir - promedio,1.48,0.0071,1.4679,1.4961,1.4938,10150,0.4822,EXCELENTE,"GEIH 2025 (DANE, catalogo ANDA 853)",
Cali A.M.,76,2025,Ene-Dic (12 meses),ingreso_pobreza,% arrendatarios en pobreza monetaria,20.69,,,,,5279,,ACEPTABLE,"Pobreza Monetaria 2025 (DANE, catalogo ANDA 908)",
Cali A.M.,76,2025,Ene-Dic (12 meses),ingreso_pobreza,% hogares no pobres que viven en arriendo,51.04,,,,,8720,,ACEPTABLE,"Pobreza Monetaria 2025 (DANE, catalogo ANDA 908)",
Cali A.M.,76,2025,Ene-Dic (12 meses),ingreso_pobreza,% hogares pobres que viven en arriendo,71.01,,,,,1430,,ACEPTABLE,"Pobreza Monetaria 2025 (DANE, catalogo ANDA 908)",
Cali A.M.,76,2025,Ene-Dic (12 meses),ingreso_pobreza,% propietarios en pobreza monetaria,6.61,,,,,3266,,ACEPTABLE,"Pobreza Monetaria 2025 (DANE, catalogo ANDA 908)",
Cali A.M.,76,2025,Ene-Dic (12 meses),ingreso_pobreza,Brecha de ingreso propietarios vs arrendatarios,58.07,,,,,0,,NO_APLICA,"Pobreza Monetaria 2025 (DANE, catalogo ANDA 908)",(+) = propietarios ganan mas; calculado sobre medianas ponderadas
Cali A.M.,76,2025,Ene-Dic (12 meses),ingreso_pobreza,Ingreso mediano hogares arrendatarios,2570176.7,,,,,5237,,ACEPTABLE,"Pobreza Monetaria 2025 (DANE, catalogo ANDA 908)",ingtotug = ingreso total unidad de gasto SIN imputar arriendo
Cali A.M.,76,2025,Ene-Dic (12 meses),ingreso_pobreza,Ingreso mediano hogares propietarios,4062552.27,,,,,3233,,ACEPTABLE,"Pobreza Monetaria 2025 (DANE, catalogo ANDA 908)",ingtotug = ingreso total unidad de gasto SIN imputar arriendo
Cali A.M.,76,2025,Ene-Dic (12 meses),servicios_publicos,Hogares sin acueducto,0.32,0.0692,0.1797,0.4673,1.5166,10150,21.5361,PRECAUCION,"GEIH 2025 (DANE, catalogo ANDA 853)",
Cali A.M.,76,2025,Ene-Dic (12 meses),servicios_publicos,Hogares sin alcantarillado,1.19,0.1225,0.9450,1.4164,1.2918,10150,10.2646,ACEPTABLE,"GEIH 2025 (DANE, catalogo ANDA 853)",
Cali A.M.,76,2025,Ene-Dic (12 meses),servicios_publicos,Hogares sin energia electrica,0.05,0.0231,0.0086,0.0945,1.1022,10150,46.9771,NO PUBLICAR,"GEIH 2025 (DANE, catalogo ANDA 853)",
Cali A.M.,76,2025,Ene-Dic (12 meses),servicios_publicos,Hogares sin gas natural conectado a red,7.29,0.3192,6.6713,7.9251,1.5294,10150,4.3765,EXCELENTE,"GEIH 2025 (DANE, catalogo ANDA 853)",
Cali A.M.,76,2025,Ene-Dic (12 meses),servicios_publicos,Hogares sin recoleccion de basuras,0.19,0.0428,0.1142,0.2695,0.9815,10150,22.5385,PRECAUCION,"GEIH 2025 (DANE, catalogo ANDA 853)",
Cali A.M.,76,2025,Ene-Dic (12 meses),tenencia,Tenencia: En arriendo o subarriendo,54.19,0.5472,53.0993,55.1862,1.2243,5279,1.0097,EXCELENTE,"GEIH 2025 (DANE, catalogo ANDA 853)",
Cali A.M.,76,2025,Ene-Dic (12 meses),tenencia,Tenencia: En usufructo,13.99,0.4144,13.2362,14.8027,1.4485,1467,2.9619,EXCELENTE,"GEIH 2025 (DANE, catalogo ANDA 853)",
Cali A.M.,76,2025,Ene-Dic (12 meses),tenencia,Tenencia: Otra,0.0,0.0000,0.0000,0.0000,,0,,ACEPTABLE,"GEIH 2025 (DANE, catalogo ANDA 853)",
Cali A.M.,76,2025,Ene-Dic (12 meses),tenencia,Tenencia: Posesion sin titulo,1.18,0.1207,0.9311,1.4045,1.2711,121,10.2494,ACEPTABLE,"GEIH 2025 (DANE, catalogo ANDA 853)",
Cali A.M.,76,2025,Ene-Dic (12 meses),tenencia,"Tenencia: Propia, la estan pagando",4.62,0.2319,4.2014,5.1209,1.2397,558,5.0231,ACEPTABLE,"GEIH 2025 (DANE, catalogo ANDA 853)",
Cali A.M.,76,2025,Ene-Dic (12 meses),tenencia,"Tenencia: Propia, totalmente pagada",25.87,0.4635,24.9748,26.7692,1.1371,2708,1.7919,EXCELENTE,"GEIH 2025 (DANE, catalogo ANDA 853)",
Cali A.M.,76,2025,Ene-Dic (12 meses),tenencia,Tenencia: Propiedad colectiva,0.15,0.0419,0.0830,0.2369,1.1627,17,27.2767,NO PUBLICAR,"GEIH 2025 (DANE, catalogo ANDA 853)",
Cali A.M.,76,2025,Ene-Dic (12 meses),tenencia,Tenencia: suma de categorias (control),100.0,,,,,10150,,NO_APLICA,"GEIH 2025 (DANE, catalogo ANDA 853)",Control de auditoria: debe ser 100% +/-0.1pp
Cali A.M.,76,2025,Ene-Dic (12 meses),vivienda_propia_credito,Arriendo imputado (estimado) - P25,500000.0,,,,,4727,,ACEPTABLE,"GEIH 2025 (DANE, catalogo ANDA 853)",40 registro(s) excluidos por valor extremo
Cali A.M.,76,2025,Ene-Dic (12 meses),vivienda_propia_credito,Arriendo imputado (estimado) - P75,1100000.0,,,,,4727,,ACEPTABLE,"GEIH 2025 (DANE, catalogo ANDA 853)",40 registro(s) excluidos por valor extremo
Cali A.M.,76,2025,Ene-Dic (12 meses),vivienda_propia_credito,Arriendo imputado (estimado) - mediana,700000.0,0.0000,700000.0000,700000.0000,0.0000,4727,0.0000,EXCELENTE,"GEIH 2025 (DANE, catalogo ANDA 853)",40 registro(s) excluidos por valor extremo
Cali A.M.,76,2025,Ene-Dic (12 meses),vivienda_propia_credito,Arriendo imputado (estimado) - promedio,983033.61,16310.0270,950521.7296,1013546.9801,1.5918,4727,1.6592,EXCELENTE,"GEIH 2025 (DANE, catalogo ANDA 853)",40 registro(s) excluidos por valor extremo
Cali A.M.,76,2025,Ene-Dic (12 meses),vivienda_propia_credito,Cuota hipotecaria mensual - P25,540000.0,,,,,539,,ACEPTABLE,"GEIH 2025 (DANE, catalogo ANDA 853)",
Cali A.M.,76,2025,Ene-Dic (12 meses),vivienda_propia_credito,Cuota hipotecaria mensual - P75,1522211.25,,,,,539,,ACEPTABLE,"GEIH 2025 (DANE, catalogo ANDA 853)",
Cali A.M.,76,2025,Ene-Dic (12 meses),vivienda_propia_credito,Cuota hipotecaria mensual - mediana,900000.0,49402.3386,800000.0000,1000000.0000,0.7979,539,5.4891,ACEPTABLE,"GEIH 2025 (DANE, catalogo ANDA 853)",
Cali A.M.,76,2025,Ene-Dic (12 meses),vivienda_propia_credito,Cuota hipotecaria mensual - promedio,1281004.05,67259.9825,1171494.9136,1427470.9701,1.4790,539,5.2506,ACEPTABLE,"GEIH 2025 (DANE, catalogo ANDA 853)",
Cali A.M.,76,2025,Ene-Dic (12 meses),vivienda_propia_credito,Valor estimado de venta de la vivienda - P25,120000000.0,,,,,2454,,ACEPTABLE,"GEIH 2025 (DANE, catalogo ANDA 853)",17 registro(s) excluidos por valor extremo
Cali A.M.,76,2025,Ene-Dic (12 meses),vivienda_propia_credito,Valor estimado de venta de la vivienda - P75,300000000.0,,,,,2454,,ACEPTABLE,"GEIH 2025 (DANE, catalogo ANDA 853)",17 registro(s) excluidos por valor extremo
Cali A.M.,76,2025,Ene-Dic (12 meses),vivienda_propia_credito,Valor estimado de venta de la vivienda - mediana,200000000.0,2096578.9610,190041426.6861,200000000.0000,0.2928,2454,1.0483,EXCELENTE,"GEIH 2025 (DANE, catalogo ANDA 853)",17 registro(s) excluidos por valor extremo
Cali A.M.,76,2025,Ene-Dic (12 meses),vivienda_propia_credito,Valor estimado de venta de la vivienda - promedio,247377642.4,4458309.3228,238993599.5022,256804400.1818,1.3238,2454,1.8022,EXCELENTE,"GEIH 2025 (DANE, catalogo ANDA 853)",17 registro(s) excluidos por valor extremo
Cali A.M.,76,2026*,Ene-Jun (parcial),arriendo,Canon de arriendo mensual - P25,500000.0,,,,,2537,,ACEPTABLE,"GEIH 2026 Ene-Jun (DANE, catalogo ANDA 900)",11 registro(s) excluidos por valor extremo
Cali A.M.,76,2026*,Ene-Jun (parcial),arriendo,Canon de arriendo mensual - P75,888711.51,,,,,2537,,ACEPTABLE,"GEIH 2026 Ene-Jun (DANE, catalogo ANDA 900)",11 registro(s) excluidos por valor extremo
Cali A.M.,76,2026*,Ene-Jun (parcial),arriendo,Canon de arriendo mensual - mediana,650000.0,8462.5260,650000.0000,680342.2780,0.7340,2537,1.3019,EXCELENTE,"GEIH 2026 Ene-Jun (DANE, catalogo ANDA 900)",11 registro(s) excluidos por valor extremo
Cali A.M.,76,2026*,Ene-Jun (parcial),arriendo,Canon de arriendo mensual - promedio,786216.59,11527.5437,765241.7454,809208.1815,1.3620,2537,1.4662,EXCELENTE,"GEIH 2026 Ene-Jun (DANE, catalogo ANDA 900)",11 registro(s) excluidos por valor extremo
Cali A.M.,76,2026*,Ene-Jun (parcial),deficit_habitacional,Deficit habitacional cualitativo,ND - pendiente Fase 2 (ECV),,,,,0,,ND,ECV (fuera de alcance Fase 1),ND - pendiente Fase 2 (ECV): fuente fuera de alcance de Fase 1
Cali A.M.,76,2026*,Ene-Jun (parcial),deficit_habitacional,Deficit habitacional cuantitativo,ND - pendiente Fase 2 (ECV),,,,,0,,ND,ECV (fuera de alcance Fase 1),ND - pendiente Fase 2 (ECV): fuente fuera de alcance de Fase 1
Cali A.M.,76,2026*,Ene-Jun (parcial),deficit_habitacional,Distribucion por estrato socioeconomico,ND - pendiente Fase 2 (ECV),,,,,0,,ND,ECV (fuera de alcance Fase 1),ND - pendiente Fase 2 (ECV): fuente fuera de alcance de Fase 1
Cali A.M.,76,2026*,Ene-Jun (parcial),esfuerzo_financiero,Arrendatarios que destinan >30% del ingreso al arriendo,ND,,,,,0,,ND,ND - DANE no publica Pobreza Monetaria 2026,DANE no publica Medicion de Pobreza Monetaria y Desigualdad 2026 (requiere año calendario completo); no se calcula ni se extrapola
Cali A.M.,76,2026*,Ene-Jun (parcial),esfuerzo_financiero,Arrendatarios que destinan >50% del ingreso al arriendo,ND,,,,,0,,ND,ND - DANE no publica Pobreza Monetaria 2026,DANE no publica Medicion de Pobreza Monetaria y Desigualdad 2026 (requiere año calendario completo); no se calcula ni se extrapola
Cali A.M.,76,2026*,Ene-Jun (parcial),esfuerzo_financiero,Arriendo/ingreso del hogar (mediana),ND,,,,,0,,ND,ND - DANE no publica Pobreza Monetaria 2026,DANE no publica Medicion de Pobreza Monetaria y Desigualdad 2026 (requiere año calendario completo); no se calcula ni se extrapola
Cali A.M.,76,2026*,Ene-Jun (parcial),hacinamiento,Hogares con hacinamiento (>3 personas/cuarto para dormir),1.04,0.1989,0.6780,1.4178,1.9331,5011,19.1933,PRECAUCION,"GEIH 2026 Ene-Jun (DANE, catalogo ANDA 900)","Umbral >3 sobre CUARTOS PARA DORMIR (P5010), no cuartos totales"
Cali A.M.,76,2026*,Ene-Jun (parcial),hacinamiento,Hogares con hacinamiento critico NBI (>3 personas/cuarto TOTAL),0.17,,,,,5011,,NO PUBLICAR,"GEIH 2026 Ene-Jun (DANE, catalogo ANDA 900)",Definicion oficial DANE-NBI (cuartos totales incl. sala-comedor)
Cali A.M.,76,2026*,Ene-Jun (parcial),hacinamiento,Personas por cuarto para dormir - mediana,1.33,,,,,5011,,ACEPTABLE,"GEIH 2026 Ene-Jun (DANE, catalogo ANDA 900)",
Cali A.M.,76,2026*,Ene-Jun (parcial),hacinamiento,Personas por cuarto para dormir - promedio,1.49,0.0100,1.4683,1.5061,1.5075,5011,0.6752,EXCELENTE,"GEIH 2026 Ene-Jun (DANE, catalogo ANDA 900)",
Cali A.M.,76,2026*,Ene-Jun (parcial),ingreso_pobreza,% arrendatarios en pobreza monetaria,ND,,,,,0,,ND,ND - DANE no publica Pobreza Monetaria 2026,DANE no publica Medicion de Pobreza Monetaria y Desigualdad 2026 (requiere año calendario completo); no se calcula ni se extrapola
Cali A.M.,76,2026*,Ene-Jun (parcial),ingreso_pobreza,% hogares no pobres que viven en arriendo,ND,,,,,0,,ND,ND - DANE no publica Pobreza Monetaria 2026,DANE no publica Medicion de Pobreza Monetaria y Desigualdad 2026 (requiere año calendario completo); no se calcula ni se extrapola
Cali A.M.,76,2026*,Ene-Jun (parcial),ingreso_pobreza,% hogares pobres que viven en arriendo,ND,,,,,0,,ND,ND - DANE no publica Pobreza Monetaria 2026,DANE no publica Medicion de Pobreza Monetaria y Desigualdad 2026 (requiere año calendario completo); no se calcula ni se extrapola
Cali A.M.,76,2026*,Ene-Jun (parcial),ingreso_pobreza,% propietarios en pobreza monetaria,ND,,,,,0,,ND,ND - DANE no publica Pobreza Monetaria 2026,DANE no publica Medicion de Pobreza Monetaria y Desigualdad 2026 (requiere año calendario completo); no se calcula ni se extrapola
Cali A.M.,76,2026*,Ene-Jun (parcial),ingreso_pobreza,Brecha de ingreso propietarios vs arrendatarios,ND,,,,,0,,ND,ND - DANE no publica Pobreza Monetaria 2026,DANE no publica Medicion de Pobreza Monetaria y Desigualdad 2026 (requiere año calendario completo); no se calcula ni se extrapola
Cali A.M.,76,2026*,Ene-Jun (parcial),ingreso_pobreza,Ingreso mediano hogares arrendatarios,ND,,,,,0,,ND,ND - DANE no publica Pobreza Monetaria 2026,DANE no publica Medicion de Pobreza Monetaria y Desigualdad 2026 (requiere año calendario completo); no se calcula ni se extrapola
Cali A.M.,76,2026*,Ene-Jun (parcial),ingreso_pobreza,Ingreso mediano hogares propietarios,ND,,,,,0,,ND,ND - DANE no publica Pobreza Monetaria 2026,DANE no publica Medicion de Pobreza Monetaria y Desigualdad 2026 (requiere año calendario completo); no se calcula ni se extrapola
Cali A.M.,76,2026*,Ene-Jun (parcial),servicios_publicos,Hogares sin acueducto,0.0,0.0000,0.0000,0.0000,,5011,,ACEPTABLE,"GEIH 2026 Ene-Jun (DANE, catalogo ANDA 900)",
Cali A.M.,76,2026*,Ene-Jun (parcial),servicios_publicos,Hogares sin alcantarillado,0.45,0.0914,0.2858,0.6445,0.9377,5011,20.3890,PRECAUCION,"GEIH 2026 Ene-Jun (DANE, catalogo ANDA 900)",
Cali A.M.,76,2026*,Ene-Jun (parcial),servicios_publicos,Hogares sin energia electrica,0.0,0.0000,0.0000,0.0000,,5011,,ACEPTABLE,"GEIH 2026 Ene-Jun (DANE, catalogo ANDA 900)",
Cali A.M.,76,2026*,Ene-Jun (parcial),servicios_publicos,Hogares sin gas natural conectado a red,6.86,0.4131,6.0749,7.6318,1.3394,5011,6.0259,ACEPTABLE,"GEIH 2026 Ene-Jun (DANE, catalogo ANDA 900)",
Cali A.M.,76,2026*,Ene-Jun (parcial),servicios_publicos,Hogares sin recoleccion de basuras,0.0,0.0000,0.0000,0.0000,,5011,,ACEPTABLE,"GEIH 2026 Ene-Jun (DANE, catalogo ANDA 900)",
Cali A.M.,76,2026*,Ene-Jun (parcial),tenencia,Tenencia: En arriendo o subarriendo,54.12,0.8046,52.5935,55.7129,1.3064,2558,1.4866,EXCELENTE,"GEIH 2026 Ene-Jun (DANE, catalogo ANDA 900)",
Cali A.M.,76,2026*,Ene-Jun (parcial),tenencia,Tenencia: En usufructo,13.32,0.5323,12.2751,14.4609,1.2294,697,3.9949,EXCELENTE,"GEIH 2026 Ene-Jun (DANE, catalogo ANDA 900)",
Cali A.M.,76,2026*,Ene-Jun (parcial),tenencia,Tenencia: Otra,0.05,0.0316,0.0000,0.1222,0.9328,3,58.8892,NO PUBLICAR,"GEIH 2026 Ene-Jun (DANE, catalogo ANDA 900)",
Cali A.M.,76,2026*,Ene-Jun (parcial),tenencia,Tenencia: Posesion sin titulo,0.97,0.1542,0.7164,1.2800,1.2438,51,15.9391,PRECAUCION,"GEIH 2026 Ene-Jun (DANE, catalogo ANDA 900)",
Cali A.M.,76,2026*,Ene-Jun (parcial),tenencia,"Tenencia: Propia, la estan pagando",5.73,0.3673,4.9529,6.4627,1.2520,342,6.4125,ACEPTABLE,"GEIH 2026 Ene-Jun (DANE, catalogo ANDA 900)",
Cali A.M.,76,2026*,Ene-Jun (parcial),tenencia,"Tenencia: Propia, totalmente pagada",25.24,0.6871,23.7545,26.3903,1.2538,1332,2.7224,EXCELENTE,"GEIH 2026 Ene-Jun (DANE, catalogo ANDA 900)",
Cali A.M.,76,2026*,Ene-Jun (parcial),tenencia,Tenencia: Propiedad colectiva,0.57,0.1171,0.3655,0.7952,1.2169,28,20.6154,PRECAUCION,"GEIH 2026 Ene-Jun (DANE, catalogo ANDA 900)",
Cali A.M.,76,2026*,Ene-Jun (parcial),tenencia,Tenencia: suma de categorias (control),100.0,,,,,5011,,NO_APLICA,"GEIH 2026 Ene-Jun (DANE, catalogo ANDA 900)",Control de auditoria: debe ser 100% +/-0.1pp
Cali A.M.,76,2026*,Ene-Jun (parcial),vivienda_propia_credito,Arriendo imputado (estimado) - P25,500000.0,,,,,2387,,ACEPTABLE,"GEIH 2026 Ene-Jun (DANE, catalogo ANDA 900)",16 registro(s) excluidos por valor extremo
Cali A.M.,76,2026*,Ene-Jun (parcial),vivienda_propia_credito,Arriendo imputado (estimado) - P75,1200000.0,,,,,2387,,ACEPTABLE,"GEIH 2026 Ene-Jun (DANE, catalogo ANDA 900)",16 registro(s) excluidos por valor extremo
Cali A.M.,76,2026*,Ene-Jun (parcial),vivienda_propia_credito,Arriendo imputado (estimado) - mediana,800000.0,34339.0011,700000.0000,800000.0000,3.3992,2387,4.2924,EXCELENTE,"GEIH 2026 Ene-Jun (DANE, catalogo ANDA 900)",16 registro(s) excluidos por valor extremo
Cali A.M.,76,2026*,Ene-Jun (parcial),vivienda_propia_credito,Arriendo imputado (estimado) - promedio,1062340.38,21287.7735,1025903.4908,1101273.1582,1.3064,2387,2.0039,EXCELENTE,"GEIH 2026 Ene-Jun (DANE, catalogo ANDA 900)",16 registro(s) excluidos por valor extremo
Cali A.M.,76,2026*,Ene-Jun (parcial),vivienda_propia_credito,Cuota hipotecaria mensual - P25,500000.0,,,,,334,,ACEPTABLE,"GEIH 2026 Ene-Jun (DANE, catalogo ANDA 900)",
Cali A.M.,76,2026*,Ene-Jun (parcial),vivienda_propia_credito,Cuota hipotecaria mensual - P75,1500000.0,,,,,334,,ACEPTABLE,"GEIH 2026 Ene-Jun (DANE, catalogo ANDA 900)",
Cali A.M.,76,2026*,Ene-Jun (parcial),vivienda_propia_credito,Cuota hipotecaria mensual - mediana,842322.15,64556.3247,745719.1106,1000000.0000,1.7163,334,7.6641,ACEPTABLE,"GEIH 2026 Ene-Jun (DANE, catalogo ANDA 900)",
Cali A.M.,76,2026*,Ene-Jun (parcial),vivienda_propia_credito,Cuota hipotecaria mensual - promedio,1143943.99,68837.6312,1006384.1732,1273762.6625,1.9515,334,6.0176,ACEPTABLE,"GEIH 2026 Ene-Jun (DANE, catalogo ANDA 900)",
Cali A.M.,76,2026*,Ene-Jun (parcial),vivienda_propia_credito,Valor estimado de venta de la vivienda - P25,120000000.0,,,,,1369,,ACEPTABLE,"GEIH 2026 Ene-Jun (DANE, catalogo ANDA 900)",3 registro(s) excluidos por valor extremo
Cali A.M.,76,2026*,Ene-Jun (parcial),vivienda_propia_credito,Valor estimado de venta de la vivienda - P75,350000000.0,,,,,1369,,ACEPTABLE,"GEIH 2026 Ene-Jun (DANE, catalogo ANDA 900)",3 registro(s) excluidos por valor extremo
Cali A.M.,76,2026*,Ene-Jun (parcial),vivienda_propia_credito,Valor estimado de venta de la vivienda - mediana,200000000.0,4741528.3220,180000000.0000,200000000.0000,0.6238,1369,2.3708,EXCELENTE,"GEIH 2026 Ene-Jun (DANE, catalogo ANDA 900)",3 registro(s) excluidos por valor extremo
Cali A.M.,76,2026*,Ene-Jun (parcial),vivienda_propia_credito,Valor estimado de venta de la vivienda - promedio,263526446.78,6432821.8663,251838787.5026,275685969.2005,1.1481,1369,2.4411,EXCELENTE,"GEIH 2026 Ene-Jun (DANE, catalogo ANDA 900)",3 registro(s) excluidos por valor extremo
Cartagena,13,2023,Ene-Dic (12 meses),arriendo,Canon de arriendo mensual - P25,380000.0,,,,,3318,,ACEPTABLE,"GEIH 2023 (DANE, catalogo ANDA 782)",17 registro(s) excluidos por valor extremo
Cartagena,13,2023,Ene-Dic (12 meses),arriendo,Canon de arriendo mensual - P75,680000.0,,,,,3318,,ACEPTABLE,"GEIH 2023 (DANE, catalogo ANDA 782)",17 registro(s) excluidos por valor extremo
Cartagena,13,2023,Ene-Dic (12 meses),arriendo,Canon de arriendo mensual - mediana,500000.0,0.0000,500000.0000,500000.0000,0.0000,3318,0.0000,EXCELENTE,"GEIH 2023 (DANE, catalogo ANDA 782)",17 registro(s) excluidos por valor extremo
Cartagena,13,2023,Ene-Dic (12 meses),arriendo,Canon de arriendo mensual - promedio,618604.39,9107.0166,602019.7008,638470.7185,1.2023,3318,1.4722,EXCELENTE,"GEIH 2023 (DANE, catalogo ANDA 782)",17 registro(s) excluidos por valor extremo
Cartagena,13,2023,Ene-Dic (12 meses),deficit_habitacional,Deficit habitacional cualitativo,ND - pendiente Fase 2 (ECV),,,,,0,,ND,ECV (fuera de alcance Fase 1),ND - pendiente Fase 2 (ECV): fuente fuera de alcance de Fase 1
Cartagena,13,2023,Ene-Dic (12 meses),deficit_habitacional,Deficit habitacional cuantitativo,ND - pendiente Fase 2 (ECV),,,,,0,,ND,ECV (fuera de alcance Fase 1),ND - pendiente Fase 2 (ECV): fuente fuera de alcance de Fase 1
Cartagena,13,2023,Ene-Dic (12 meses),deficit_habitacional,Distribucion por estrato socioeconomico,ND - pendiente Fase 2 (ECV),,,,,0,,ND,ECV (fuera de alcance Fase 1),ND - pendiente Fase 2 (ECV): fuente fuera de alcance de Fase 1
Cartagena,13,2023,Ene-Dic (12 meses),esfuerzo_financiero,Arrendatarios que destinan >30% del ingreso al arriendo,45.19,,,,,3299,,ACEPTABLE,"Pobreza Monetaria 2023 (DANE, catalogo ANDA 835)",sobrecarga (>30%)
Cartagena,13,2023,Ene-Dic (12 meses),esfuerzo_financiero,Arrendatarios que destinan >50% del ingreso al arriendo,18.41,,,,,3299,,ACEPTABLE,"Pobreza Monetaria 2023 (DANE, catalogo ANDA 835)",sobrecarga severa (>50%)
Cartagena,13,2023,Ene-Dic (12 meses),esfuerzo_financiero,Arriendo/ingreso del hogar (mediana),28.0,,,,,3299,,ACEPTABLE,"Pobreza Monetaria 2023 (DANE, catalogo ANDA 835)",Merge con 98.9% de coincidencia
Cartagena,13,2023,Ene-Dic (12 meses),hacinamiento,Hogares con hacinamiento (>3 personas/cuarto para dormir),5.24,0.2367,4.7882,5.6790,1.0056,8911,4.5185,EXCELENTE,"GEIH 2023 (DANE, catalogo ANDA 782)","Umbral >3 sobre CUARTOS PARA DORMIR (P5010), no cuartos totales"
Cartagena,13,2023,Ene-Dic (12 meses),hacinamiento,Hogares con hacinamiento critico NBI (>3 personas/cuarto TOTAL),0.56,,,,,8911,,PRECAUCION,"GEIH 2023 (DANE, catalogo ANDA 782)",Definicion oficial DANE-NBI (cuartos totales incl. sala-comedor)
Cartagena,13,2023,Ene-Dic (12 meses),hacinamiento,Personas por cuarto para dormir - mediana,1.5,,,,,8911,,ACEPTABLE,"GEIH 2023 (DANE, catalogo ANDA 782)",
Cartagena,13,2023,Ene-Dic (12 meses),hacinamiento,Personas por cuarto para dormir - promedio,1.75,0.0105,1.7279,1.7681,1.2592,8911,0.6016,EXCELENTE,"GEIH 2023 (DANE, catalogo ANDA 782)",
Cartagena,13,2023,Ene-Dic (12 meses),ingreso_pobreza,% arrendatarios en pobreza monetaria,38.32,,,,,3358,,ACEPTABLE,"Pobreza Monetaria 2023 (DANE, catalogo ANDA 835)",
Cartagena,13,2023,Ene-Dic (12 meses),ingreso_pobreza,% hogares no pobres que viven en arriendo,38.4,,,,,5550,,ACEPTABLE,"Pobreza Monetaria 2023 (DANE, catalogo ANDA 835)",
Cartagena,13,2023,Ene-Dic (12 meses),ingreso_pobreza,% hogares pobres que viven en arriendo,42.53,,,,,3361,,ACEPTABLE,"Pobreza Monetaria 2023 (DANE, catalogo ANDA 835)",
Cartagena,13,2023,Ene-Dic (12 meses),ingreso_pobreza,% propietarios en pobreza monetaria,22.89,,,,,2835,,ACEPTABLE,"Pobreza Monetaria 2023 (DANE, catalogo ANDA 835)",
Cartagena,13,2023,Ene-Dic (12 meses),ingreso_pobreza,Brecha de ingreso propietarios vs arrendatarios,35.29,,,,,0,,NO_APLICA,"Pobreza Monetaria 2023 (DANE, catalogo ANDA 835)",(+) = propietarios ganan mas; calculado sobre medianas ponderadas
Cartagena,13,2023,Ene-Dic (12 meses),ingreso_pobreza,Ingreso mediano hogares arrendatarios,1700000.0,,,,,3337,,ACEPTABLE,"Pobreza Monetaria 2023 (DANE, catalogo ANDA 835)",ingtotug = ingreso total unidad de gasto SIN imputar arriendo
Cartagena,13,2023,Ene-Dic (12 meses),ingreso_pobreza,Ingreso mediano hogares propietarios,2300000.0,,,,,2794,,ACEPTABLE,"Pobreza Monetaria 2023 (DANE, catalogo ANDA 835)",ingtotug = ingreso total unidad de gasto SIN imputar arriendo
Cartagena,13,2023,Ene-Dic (12 meses),servicios_publicos,Hogares sin acueducto,2.57,0.1888,2.1927,2.8866,1.2668,8911,7.3364,ACEPTABLE,"GEIH 2023 (DANE, catalogo ANDA 782)",
Cartagena,13,2023,Ene-Dic (12 meses),servicios_publicos,Hogares sin alcantarillado,6.71,0.2753,6.1924,7.2351,1.0793,8911,4.1045,EXCELENTE,"GEIH 2023 (DANE, catalogo ANDA 782)",
Cartagena,13,2023,Ene-Dic (12 meses),servicios_publicos,Hogares sin energia electrica,0.02,0.0191,0.0000,0.0606,1.6137,8911,94.8291,NO PUBLICAR,"GEIH 2023 (DANE, catalogo ANDA 782)",
Cartagena,13,2023,Ene-Dic (12 meses),servicios_publicos,Hogares sin gas natural conectado a red,7.2,0.2998,6.6245,7.7336,1.1992,8911,4.1658,EXCELENTE,"GEIH 2023 (DANE, catalogo ANDA 782)",
Cartagena,13,2023,Ene-Dic (12 meses),servicios_publicos,Hogares sin recoleccion de basuras,1.7,0.1486,1.4029,1.9731,1.1795,8911,8.7571,ACEPTABLE,"GEIH 2023 (DANE, catalogo ANDA 782)",
Cartagena,13,2023,Ene-Dic (12 meses),tenencia,Tenencia: En arriendo o subarriendo,39.89,0.5730,38.8446,41.1448,1.2204,3358,1.4367,EXCELENTE,"GEIH 2023 (DANE, catalogo ANDA 782)",
Cartagena,13,2023,Ene-Dic (12 meses),tenencia,Tenencia: En usufructo,9.68,0.3399,8.9885,10.3094,1.1780,860,3.5127,EXCELENTE,"GEIH 2023 (DANE, catalogo ANDA 782)",
Cartagena,13,2023,Ene-Dic (12 meses),tenencia,Tenencia: Otra,6.72,0.3105,6.0925,7.3469,1.3712,599,4.6232,EXCELENTE,"GEIH 2023 (DANE, catalogo ANDA 782)",
Cartagena,13,2023,Ene-Dic (12 meses),tenencia,Tenencia: Posesion sin titulo,1.92,0.1550,1.6335,2.2482,1.1345,188,8.0552,ACEPTABLE,"GEIH 2023 (DANE, catalogo ANDA 782)",
Cartagena,13,2023,Ene-Dic (12 meses),tenencia,"Tenencia: Propia, la estan pagando",2.16,0.1654,1.8529,2.4733,1.1517,166,7.6440,ACEPTABLE,"GEIH 2023 (DANE, catalogo ANDA 782)",
Cartagena,13,2023,Ene-Dic (12 meses),tenencia,"Tenencia: Propia, totalmente pagada",28.04,0.4857,27.1074,28.9624,1.0419,2669,1.7321,EXCELENTE,"GEIH 2023 (DANE, catalogo ANDA 782)",
Cartagena,13,2023,Ene-Dic (12 meses),tenencia,Tenencia: Propiedad colectiva,11.59,0.3799,10.7888,12.2977,1.2551,1071,3.2778,EXCELENTE,"GEIH 2023 (DANE, catalogo ANDA 782)",
Cartagena,13,2023,Ene-Dic (12 meses),tenencia,Tenencia: suma de categorias (control),100.0,,,,,8911,,NO_APLICA,"GEIH 2023 (DANE, catalogo ANDA 782)",Control de auditoria: debe ser 100% +/-0.1pp
Cartagena,13,2023,Ene-Dic (12 meses),vivienda_propia_credito,Arriendo imputado (estimado) - P25,400000.0,,,,,5241,,ACEPTABLE,"GEIH 2023 (DANE, catalogo ANDA 782)",17 registro(s) excluidos por valor extremo
Cartagena,13,2023,Ene-Dic (12 meses),vivienda_propia_credito,Arriendo imputado (estimado) - P75,750000.0,,,,,5241,,ACEPTABLE,"GEIH 2023 (DANE, catalogo ANDA 782)",17 registro(s) excluidos por valor extremo
Cartagena,13,2023,Ene-Dic (12 meses),vivienda_propia_credito,Arriendo imputado (estimado) - mediana,500000.0,0.0000,500000.0000,500000.0000,0.0000,5241,0.0000,EXCELENTE,"GEIH 2023 (DANE, catalogo ANDA 782)",17 registro(s) excluidos por valor extremo
Cartagena,13,2023,Ene-Dic (12 meses),vivienda_propia_credito,Arriendo imputado (estimado) - promedio,688842.54,9671.2752,672462.8180,710008.7036,1.2694,5241,1.4040,EXCELENTE,"GEIH 2023 (DANE, catalogo ANDA 782)",17 registro(s) excluidos por valor extremo
Cartagena,13,2023,Ene-Dic (12 meses),vivienda_propia_credito,Cuota hipotecaria mensual - P25,450000.0,,,,,140,,ACEPTABLE,"GEIH 2023 (DANE, catalogo ANDA 782)",
Cartagena,13,2023,Ene-Dic (12 meses),vivienda_propia_credito,Cuota hipotecaria mensual - P75,2033907.88,,,,,140,,ACEPTABLE,"GEIH 2023 (DANE, catalogo ANDA 782)",
Cartagena,13,2023,Ene-Dic (12 meses),vivienda_propia_credito,Cuota hipotecaria mensual - mediana,800014.6,129076.2003,700000.0000,1214727.9606,1.4688,140,16.1342,PRECAUCION,"GEIH 2023 (DANE, catalogo ANDA 782)",
Cartagena,13,2023,Ene-Dic (12 meses),vivienda_propia_credito,Cuota hipotecaria mensual - promedio,1407608.42,111738.7543,1212883.8568,1618916.4722,1.1007,140,7.9382,ACEPTABLE,"GEIH 2023 (DANE, catalogo ANDA 782)",
Cartagena,13,2023,Ene-Dic (12 meses),vivienda_propia_credito,Valor estimado de venta de la vivienda - P25,60000000.0,,,,,1247,,ACEPTABLE,"GEIH 2023 (DANE, catalogo ANDA 782)",12 registro(s) excluidos por valor extremo
Cartagena,13,2023,Ene-Dic (12 meses),vivienda_propia_credito,Valor estimado de venta de la vivienda - P75,200000000.0,,,,,1247,,ACEPTABLE,"GEIH 2023 (DANE, catalogo ANDA 782)",12 registro(s) excluidos por valor extremo
Cartagena,13,2023,Ene-Dic (12 meses),vivienda_propia_credito,Valor estimado de venta de la vivienda - mediana,120000000.0,7293298.2636,100000000.0000,120000000.0000,0.7697,1247,6.0777,ACEPTABLE,"GEIH 2023 (DANE, catalogo ANDA 782)",12 registro(s) excluidos por valor extremo
Cartagena,13,2023,Ene-Dic (12 meses),vivienda_propia_credito,Valor estimado de venta de la vivienda - promedio,211981422.29,8849433.2583,195454010.0122,229257576.3957,1.1333,1247,4.1746,EXCELENTE,"GEIH 2023 (DANE, catalogo ANDA 782)",12 registro(s) excluidos por valor extremo
Cartagena,13,2024,Ene-Dic (12 meses),arriendo,Canon de arriendo mensual - P25,400000.0,,,,,3050,,ACEPTABLE,"GEIH 2024 (DANE, catalogo ANDA 819)",17 registro(s) excluidos por valor extremo
Cartagena,13,2024,Ene-Dic (12 meses),arriendo,Canon de arriendo mensual - P75,700000.0,,,,,3050,,ACEPTABLE,"GEIH 2024 (DANE, catalogo ANDA 819)",17 registro(s) excluidos por valor extremo
Cartagena,13,2024,Ene-Dic (12 meses),arriendo,Canon de arriendo mensual - mediana,500000.0,2372.9712,500000.0000,500000.0000,0.0831,3050,0.4746,EXCELENTE,"GEIH 2024 (DANE, catalogo ANDA 819)",17 registro(s) excluidos por valor extremo
Cartagena,13,2024,Ene-Dic (12 meses),arriendo,Canon de arriendo mensual - promedio,637017.72,8576.5635,620796.6523,653108.0830,1.0850,3050,1.3464,EXCELENTE,"GEIH 2024 (DANE, catalogo ANDA 819)",17 registro(s) excluidos por valor extremo
Cartagena,13,2024,Ene-Dic (12 meses),deficit_habitacional,Deficit habitacional cualitativo,ND - pendiente Fase 2 (ECV),,,,,0,,ND,ECV (fuera de alcance Fase 1),ND - pendiente Fase 2 (ECV): fuente fuera de alcance de Fase 1
Cartagena,13,2024,Ene-Dic (12 meses),deficit_habitacional,Deficit habitacional cuantitativo,ND - pendiente Fase 2 (ECV),,,,,0,,ND,ECV (fuera de alcance Fase 1),ND - pendiente Fase 2 (ECV): fuente fuera de alcance de Fase 1
Cartagena,13,2024,Ene-Dic (12 meses),deficit_habitacional,Distribucion por estrato socioeconomico,ND - pendiente Fase 2 (ECV),,,,,0,,ND,ECV (fuera de alcance Fase 1),ND - pendiente Fase 2 (ECV): fuente fuera de alcance de Fase 1
Cartagena,13,2024,Ene-Dic (12 meses),esfuerzo_financiero,Arrendatarios que destinan >30% del ingreso al arriendo,44.08,,,,,3024,,ACEPTABLE,"Pobreza Monetaria 2024 (DANE, catalogo ANDA 874)",sobrecarga (>30%)
Cartagena,13,2024,Ene-Dic (12 meses),esfuerzo_financiero,Arrendatarios que destinan >50% del ingreso al arriendo,17.42,,,,,3024,,ACEPTABLE,"Pobreza Monetaria 2024 (DANE, catalogo ANDA 874)",sobrecarga severa (>50%)
Cartagena,13,2024,Ene-Dic (12 meses),esfuerzo_financiero,Arriendo/ingreso del hogar (mediana),27.41,,,,,3024,,ACEPTABLE,"Pobreza Monetaria 2024 (DANE, catalogo ANDA 874)",Merge con 98.5% de coincidencia
Cartagena,13,2024,Ene-Dic (12 meses),hacinamiento,Hogares con hacinamiento (>3 personas/cuarto para dormir),4.66,0.2392,4.2251,5.1927,1.1147,8660,5.1305,ACEPTABLE,"GEIH 2024 (DANE, catalogo ANDA 819)","Umbral >3 sobre CUARTOS PARA DORMIR (P5010), no cuartos totales"
Cartagena,13,2024,Ene-Dic (12 meses),hacinamiento,Hogares con hacinamiento critico NBI (>3 personas/cuarto TOTAL),0.55,,,,,8660,,PRECAUCION,"GEIH 2024 (DANE, catalogo ANDA 819)",Definicion oficial DANE-NBI (cuartos totales incl. sala-comedor)
Cartagena,13,2024,Ene-Dic (12 meses),hacinamiento,Personas por cuarto para dormir - mediana,1.5,,,,,8660,,ACEPTABLE,"GEIH 2024 (DANE, catalogo ANDA 819)",
Cartagena,13,2024,Ene-Dic (12 meses),hacinamiento,Personas por cuarto para dormir - promedio,1.74,0.0098,1.7233,1.7606,1.1370,8660,0.5619,EXCELENTE,"GEIH 2024 (DANE, catalogo ANDA 819)",
Cartagena,13,2024,Ene-Dic (12 meses),ingreso_pobreza,% arrendatarios en pobreza monetaria,38.52,,,,,3097,,ACEPTABLE,"Pobreza Monetaria 2024 (DANE, catalogo ANDA 874)",
Cartagena,13,2024,Ene-Dic (12 meses),ingreso_pobreza,% hogares no pobres que viven en arriendo,35.71,,,,,5563,,ACEPTABLE,"Pobreza Monetaria 2024 (DANE, catalogo ANDA 874)",
Cartagena,13,2024,Ene-Dic (12 meses),ingreso_pobreza,% hogares pobres que viven en arriendo,42.35,,,,,3099,,ACEPTABLE,"Pobreza Monetaria 2024 (DANE, catalogo ANDA 874)",
Cartagena,13,2024,Ene-Dic (12 meses),ingreso_pobreza,% propietarios en pobreza monetaria,21.85,,,,,2727,,ACEPTABLE,"Pobreza Monetaria 2024 (DANE, catalogo ANDA 874)",
Cartagena,13,2024,Ene-Dic (12 meses),ingreso_pobreza,Brecha de ingreso propietarios vs arrendatarios,37.3,,,,,0,,NO_APLICA,"Pobreza Monetaria 2024 (DANE, catalogo ANDA 874)",(+) = propietarios ganan mas; calculado sobre medianas ponderadas
Cartagena,13,2024,Ene-Dic (12 meses),ingreso_pobreza,Ingreso mediano hogares arrendatarios,1800000.0,,,,,3071,,ACEPTABLE,"Pobreza Monetaria 2024 (DANE, catalogo ANDA 874)",ingtotug = ingreso total unidad de gasto SIN imputar arriendo
Cartagena,13,2024,Ene-Dic (12 meses),ingreso_pobreza,Ingreso mediano hogares propietarios,2471353.34,,,,,2670,,ACEPTABLE,"Pobreza Monetaria 2024 (DANE, catalogo ANDA 874)",ingtotug = ingreso total unidad de gasto SIN imputar arriendo
Cartagena,13,2024,Ene-Dic (12 meses),servicios_publicos,Hogares sin acueducto,2.25,0.1805,1.9317,2.6835,1.2856,8662,8.0371,ACEPTABLE,"GEIH 2024 (DANE, catalogo ANDA 819)",
Cartagena,13,2024,Ene-Dic (12 meses),servicios_publicos,Hogares sin alcantarillado,6.28,0.2784,5.7903,6.9033,1.1412,8662,4.4355,EXCELENTE,"GEIH 2024 (DANE, catalogo ANDA 819)",
Cartagena,13,2024,Ene-Dic (12 meses),servicios_publicos,Hogares sin energia electrica,0.01,0.0111,0.0000,0.0329,0.9700,8662,101.3258,NO PUBLICAR,"GEIH 2024 (DANE, catalogo ANDA 819)",
Cartagena,13,2024,Ene-Dic (12 meses),servicios_publicos,Hogares sin gas natural conectado a red,6.35,0.2778,5.8326,6.9684,1.1246,8662,4.3761,EXCELENTE,"GEIH 2024 (DANE, catalogo ANDA 819)",
Cartagena,13,2024,Ene-Dic (12 meses),servicios_publicos,Hogares sin recoleccion de basuras,2.08,0.1701,1.7942,2.4267,1.2288,8662,8.1650,ACEPTABLE,"GEIH 2024 (DANE, catalogo ANDA 819)",
Cartagena,13,2024,Ene-Dic (12 meses),tenencia,Tenencia: En arriendo o subarriendo,38.0,0.5433,36.8393,38.9524,1.0854,3097,1.4297,EXCELENTE,"GEIH 2024 (DANE, catalogo ANDA 819)",
Cartagena,13,2024,Ene-Dic (12 meses),tenencia,Tenencia: En usufructo,16.28,0.3888,15.4944,17.0816,0.9610,1396,2.3889,EXCELENTE,"GEIH 2024 (DANE, catalogo ANDA 819)",
Cartagena,13,2024,Ene-Dic (12 meses),tenencia,Tenencia: Otra,4.95,0.2835,4.4563,5.5219,1.4793,414,5.7265,ACEPTABLE,"GEIH 2024 (DANE, catalogo ANDA 819)",
Cartagena,13,2024,Ene-Dic (12 meses),tenencia,Tenencia: Posesion sin titulo,1.95,0.1574,1.6639,2.2714,1.1207,171,8.0619,ACEPTABLE,"GEIH 2024 (DANE, catalogo ANDA 819)",
Cartagena,13,2024,Ene-Dic (12 meses),tenencia,"Tenencia: Propia, la estan pagando",1.9,0.1693,1.5633,2.2276,1.3351,134,8.9300,ACEPTABLE,"GEIH 2024 (DANE, catalogo ANDA 819)",
Cartagena,13,2024,Ene-Dic (12 meses),tenencia,"Tenencia: Propia, totalmente pagada",27.26,0.4857,26.2716,28.1502,1.0306,2593,1.7820,EXCELENTE,"GEIH 2024 (DANE, catalogo ANDA 819)",
Cartagena,13,2024,Ene-Dic (12 meses),tenencia,Tenencia: Propiedad colectiva,9.66,0.3442,8.9998,10.2378,1.1754,857,3.5615,EXCELENTE,"GEIH 2024 (DANE, catalogo ANDA 819)",
Cartagena,13,2024,Ene-Dic (12 meses),tenencia,Tenencia: suma de categorias (control),100.0,,,,,8662,,NO_APLICA,"GEIH 2024 (DANE, catalogo ANDA 819)",Control de auditoria: debe ser 100% +/-0.1pp
Cartagena,13,2024,Ene-Dic (12 meses),vivienda_propia_credito,Arriendo imputado (estimado) - P25,400000.0,,,,,5020,,ACEPTABLE,"GEIH 2024 (DANE, catalogo ANDA 819)",16 registro(s) excluidos por valor extremo
Cartagena,13,2024,Ene-Dic (12 meses),vivienda_propia_credito,Arriendo imputado (estimado) - P75,800000.0,,,,,5020,,ACEPTABLE,"GEIH 2024 (DANE, catalogo ANDA 819)",16 registro(s) excluidos por valor extremo
Cartagena,13,2024,Ene-Dic (12 meses),vivienda_propia_credito,Arriendo imputado (estimado) - mediana,500000.0,23373.0557,500000.0000,550000.0000,7.1186,5020,4.6746,EXCELENTE,"GEIH 2024 (DANE, catalogo ANDA 819)",16 registro(s) excluidos por valor extremo
Cartagena,13,2024,Ene-Dic (12 meses),vivienda_propia_credito,Arriendo imputado (estimado) - promedio,715523.73,9654.8218,698842.9484,735053.8679,1.2147,5020,1.3493,EXCELENTE,"GEIH 2024 (DANE, catalogo ANDA 819)",16 registro(s) excluidos por valor extremo
Cartagena,13,2024,Ene-Dic (12 meses),vivienda_propia_credito,Cuota hipotecaria mensual - P25,515571.21,,,,,121,,ACEPTABLE,"GEIH 2024 (DANE, catalogo ANDA 819)",
Cartagena,13,2024,Ene-Dic (12 meses),vivienda_propia_credito,Cuota hipotecaria mensual - P75,1800000.0,,,,,121,,ACEPTABLE,"GEIH 2024 (DANE, catalogo ANDA 819)",
Cartagena,13,2024,Ene-Dic (12 meses),vivienda_propia_credito,Cuota hipotecaria mensual - mediana,845056.15,73140.0724,750000.0000,1000000.0000,0.6235,121,8.6551,ACEPTABLE,"GEIH 2024 (DANE, catalogo ANDA 819)",
Cartagena,13,2024,Ene-Dic (12 meses),vivienda_propia_credito,Cuota hipotecaria mensual - promedio,1248341.8,89663.7164,1092186.8518,1434616.0115,0.9370,121,7.1826,ACEPTABLE,"GEIH 2024 (DANE, catalogo ANDA 819)",
Cartagena,13,2024,Ene-Dic (12 meses),vivienda_propia_credito,Valor estimado de venta de la vivienda - P25,80000000.0,,,,,1077,,ACEPTABLE,"GEIH 2024 (DANE, catalogo ANDA 819)",12 registro(s) excluidos por valor extremo
Cartagena,13,2024,Ene-Dic (12 meses),vivienda_propia_credito,Valor estimado de venta de la vivienda - P75,230000000.0,,,,,1077,,ACEPTABLE,"GEIH 2024 (DANE, catalogo ANDA 819)",12 registro(s) excluidos por valor extremo
Cartagena,13,2024,Ene-Dic (12 meses),vivienda_propia_credito,Valor estimado de venta de la vivienda - mediana,136923123.44,6485646.9672,122663520.8144,150000000.0000,1.4708,1077,4.7367,EXCELENTE,"GEIH 2024 (DANE, catalogo ANDA 819)",12 registro(s) excluidos por valor extremo
Cartagena,13,2024,Ene-Dic (12 meses),vivienda_propia_credito,Valor estimado de venta de la vivienda - promedio,188231332.04,5639808.5282,178010234.1335,198019046.4486,1.1122,1077,2.9962,EXCELENTE,"GEIH 2024 (DANE, catalogo ANDA 819)",12 registro(s) excluidos por valor extremo
Cartagena,13,2025,Ene-Dic (12 meses),arriendo,Canon de arriendo mensual - P25,400000.0,,,,,3244,,ACEPTABLE,"GEIH 2025 (DANE, catalogo ANDA 853)",16 registro(s) excluidos por valor extremo
Cartagena,13,2025,Ene-Dic (12 meses),arriendo,Canon de arriendo mensual - P75,700000.0,,,,,3244,,ACEPTABLE,"GEIH 2025 (DANE, catalogo ANDA 853)",16 registro(s) excluidos por valor extremo
Cartagena,13,2025,Ene-Dic (12 meses),arriendo,Canon de arriendo mensual - mediana,550000.0,8038.4378,520000.0000,550000.0000,1.2967,3244,1.4615,EXCELENTE,"GEIH 2025 (DANE, catalogo ANDA 853)",16 registro(s) excluidos por valor extremo
Cartagena,13,2025,Ene-Dic (12 meses),arriendo,Canon de arriendo mensual - promedio,628576.37,7624.4975,613655.7259,644448.1752,1.1666,3244,1.2130,EXCELENTE,"GEIH 2025 (DANE, catalogo ANDA 853)",16 registro(s) excluidos por valor extremo
Cartagena,13,2025,Ene-Dic (12 meses),deficit_habitacional,Deficit habitacional cualitativo,ND - pendiente Fase 2 (ECV),,,,,0,,ND,ECV (fuera de alcance Fase 1),ND - pendiente Fase 2 (ECV): fuente fuera de alcance de Fase 1
Cartagena,13,2025,Ene-Dic (12 meses),deficit_habitacional,Deficit habitacional cuantitativo,ND - pendiente Fase 2 (ECV),,,,,0,,ND,ECV (fuera de alcance Fase 1),ND - pendiente Fase 2 (ECV): fuente fuera de alcance de Fase 1
Cartagena,13,2025,Ene-Dic (12 meses),deficit_habitacional,Distribucion por estrato socioeconomico,ND - pendiente Fase 2 (ECV),,,,,0,,ND,ECV (fuera de alcance Fase 1),ND - pendiente Fase 2 (ECV): fuente fuera de alcance de Fase 1
Cartagena,13,2025,Ene-Dic (12 meses),esfuerzo_financiero,Arrendatarios que destinan >30% del ingreso al arriendo,35.42,,,,,3230,,ACEPTABLE,"Pobreza Monetaria 2025 (DANE, catalogo ANDA 908)",sobrecarga (>30%)
Cartagena,13,2025,Ene-Dic (12 meses),esfuerzo_financiero,Arrendatarios que destinan >50% del ingreso al arriendo,12.73,,,,,3230,,ACEPTABLE,"Pobreza Monetaria 2025 (DANE, catalogo ANDA 908)",sobrecarga severa (>50%)
Cartagena,13,2025,Ene-Dic (12 meses),esfuerzo_financiero,Arriendo/ingreso del hogar (mediana),24.79,,,,,3230,,ACEPTABLE,"Pobreza Monetaria 2025 (DANE, catalogo ANDA 908)",Merge con 99.1% de coincidencia
Cartagena,13,2025,Ene-Dic (12 meses),hacinamiento,Hogares con hacinamiento (>3 personas/cuarto para dormir),3.84,0.2347,3.3947,4.3108,1.3207,8844,6.1176,ACEPTABLE,"GEIH 2025 (DANE, catalogo ANDA 853)","Umbral >3 sobre CUARTOS PARA DORMIR (P5010), no cuartos totales"
Cartagena,13,2025,Ene-Dic (12 meses),hacinamiento,Hogares con hacinamiento critico NBI (>3 personas/cuarto TOTAL),0.4,,,,,8844,,PRECAUCION,"GEIH 2025 (DANE, catalogo ANDA 853)",Definicion oficial DANE-NBI (cuartos totales incl. sala-comedor)
Cartagena,13,2025,Ene-Dic (12 meses),hacinamiento,Personas por cuarto para dormir - mediana,1.5,,,,,8844,,ACEPTABLE,"GEIH 2025 (DANE, catalogo ANDA 853)",
Cartagena,13,2025,Ene-Dic (12 meses),hacinamiento,Personas por cuarto para dormir - promedio,1.73,0.0094,1.7091,1.7480,1.2153,8844,0.5439,EXCELENTE,"GEIH 2025 (DANE, catalogo ANDA 853)",
Cartagena,13,2025,Ene-Dic (12 meses),ingreso_pobreza,% arrendatarios en pobreza monetaria,30.63,,,,,3273,,ACEPTABLE,"Pobreza Monetaria 2025 (DANE, catalogo ANDA 908)",
Cartagena,13,2025,Ene-Dic (12 meses),ingreso_pobreza,% hogares no pobres que viven en arriendo,37.61,,,,,6227,,ACEPTABLE,"Pobreza Monetaria 2025 (DANE, catalogo ANDA 908)",
Cartagena,13,2025,Ene-Dic (12 meses),ingreso_pobreza,% hogares pobres que viven en arriendo,40.91,,,,,2617,,ACEPTABLE,"Pobreza Monetaria 2025 (DANE, catalogo ANDA 908)",
Cartagena,13,2025,Ene-Dic (12 meses),ingreso_pobreza,% propietarios en pobreza monetaria,17.4,,,,,2775,,ACEPTABLE,"Pobreza Monetaria 2025 (DANE, catalogo ANDA 908)",
Cartagena,13,2025,Ene-Dic (12 meses),ingreso_pobreza,Brecha de ingreso propietarios vs arrendatarios,27.06,,,,,0,,NO_APLICA,"Pobreza Monetaria 2025 (DANE, catalogo ANDA 908)",(+) = propietarios ganan mas; calculado sobre medianas ponderadas
Cartagena,13,2025,Ene-Dic (12 meses),ingreso_pobreza,Ingreso mediano hogares arrendatarios,2125000.0,,,,,3258,,ACEPTABLE,"Pobreza Monetaria 2025 (DANE, catalogo ANDA 908)",ingtotug = ingreso total unidad de gasto SIN imputar arriendo
Cartagena,13,2025,Ene-Dic (12 meses),ingreso_pobreza,Ingreso mediano hogares propietarios,2700000.0,,,,,2754,,ACEPTABLE,"Pobreza Monetaria 2025 (DANE, catalogo ANDA 908)",ingtotug = ingreso total unidad de gasto SIN imputar arriendo
Cartagena,13,2025,Ene-Dic (12 meses),servicios_publicos,Hogares sin acueducto,4.71,0.2253,4.2814,5.1788,1.0002,8844,4.7841,EXCELENTE,"GEIH 2025 (DANE, catalogo ANDA 853)",
Cartagena,13,2025,Ene-Dic (12 meses),servicios_publicos,Hogares sin alcantarillado,8.59,0.3048,7.9737,9.1717,1.0468,8844,3.5495,EXCELENTE,"GEIH 2025 (DANE, catalogo ANDA 853)",
Cartagena,13,2025,Ene-Dic (12 meses),servicios_publicos,Hogares sin energia electrica,0.07,0.0300,0.0158,0.1253,1.1542,8844,43.4164,NO PUBLICAR,"GEIH 2025 (DANE, catalogo ANDA 853)",
Cartagena,13,2025,Ene-Dic (12 meses),servicios_publicos,Hogares sin gas natural conectado a red,7.47,0.2943,6.8891,8.0151,1.1077,8844,3.9381,EXCELENTE,"GEIH 2025 (DANE, catalogo ANDA 853)",
Cartagena,13,2025,Ene-Dic (12 meses),servicios_publicos,Hogares sin recoleccion de basuras,3.62,0.2063,3.2066,3.9922,1.0779,8844,5.6924,ACEPTABLE,"GEIH 2025 (DANE, catalogo ANDA 853)",
Cartagena,13,2025,Ene-Dic (12 meses),tenencia,Tenencia: En arriendo o subarriendo,38.56,0.5372,37.5444,39.6378,1.0773,3273,1.3931,EXCELENTE,"GEIH 2025 (DANE, catalogo ANDA 853)",
Cartagena,13,2025,Ene-Dic (12 meses),tenencia,Tenencia: En usufructo,12.97,0.3790,12.2073,13.6460,1.1256,1125,2.9223,EXCELENTE,"GEIH 2025 (DANE, catalogo ANDA 853)",
Cartagena,13,2025,Ene-Dic (12 meses),tenencia,Tenencia: Otra,1.37,0.1339,1.0947,1.6572,1.1769,120,9.8047,ACEPTABLE,"GEIH 2025 (DANE, catalogo ANDA 853)",
Cartagena,13,2025,Ene-Dic (12 meses),tenencia,Tenencia: Posesion sin titulo,3.14,0.1759,2.7955,3.5169,0.9006,279,5.6082,ACEPTABLE,"GEIH 2025 (DANE, catalogo ANDA 853)",
Cartagena,13,2025,Ene-Dic (12 meses),tenencia,"Tenencia: Propia, la estan pagando",2.0,0.1723,1.6910,2.3602,1.3401,158,8.6173,ACEPTABLE,"GEIH 2025 (DANE, catalogo ANDA 853)",
Cartagena,13,2025,Ene-Dic (12 meses),tenencia,"Tenencia: Propia, totalmente pagada",27.79,0.4939,26.7972,28.7457,1.0750,2617,1.7774,EXCELENTE,"GEIH 2025 (DANE, catalogo ANDA 853)",
Cartagena,13,2025,Ene-Dic (12 meses),tenencia,Tenencia: Propiedad colectiva,14.18,0.4071,13.3898,14.9904,1.2041,1272,2.8704,EXCELENTE,"GEIH 2025 (DANE, catalogo ANDA 853)",
Cartagena,13,2025,Ene-Dic (12 meses),tenencia,Tenencia: suma de categorias (control),100.0,,,,,8844,,NO_APLICA,"GEIH 2025 (DANE, catalogo ANDA 853)",Control de auditoria: debe ser 100% +/-0.1pp
Cartagena,13,2025,Ene-Dic (12 meses),vivienda_propia_credito,Arriendo imputado (estimado) - P25,400000.0,,,,,5408,,ACEPTABLE,"GEIH 2025 (DANE, catalogo ANDA 853)",15 registro(s) excluidos por valor extremo
Cartagena,13,2025,Ene-Dic (12 meses),vivienda_propia_credito,Arriendo imputado (estimado) - P75,800000.0,,,,,5408,,ACEPTABLE,"GEIH 2025 (DANE, catalogo ANDA 853)",15 registro(s) excluidos por valor extremo
Cartagena,13,2025,Ene-Dic (12 meses),vivienda_propia_credito,Arriendo imputado (estimado) - mediana,550000.0,24216.3079,550000.0000,600000.0000,9.7795,5408,4.4030,EXCELENTE,"GEIH 2025 (DANE, catalogo ANDA 853)",15 registro(s) excluidos por valor extremo
Cartagena,13,2025,Ene-Dic (12 meses),vivienda_propia_credito,Arriendo imputado (estimado) - promedio,684099.57,8517.3503,667880.1993,701402.1613,1.2098,5408,1.2450,EXCELENTE,"GEIH 2025 (DANE, catalogo ANDA 853)",15 registro(s) excluidos por valor extremo
Cartagena,13,2025,Ene-Dic (12 meses),vivienda_propia_credito,Cuota hipotecaria mensual - P25,400000.0,,,,,151,,ACEPTABLE,"GEIH 2025 (DANE, catalogo ANDA 853)",
Cartagena,13,2025,Ene-Dic (12 meses),vivienda_propia_credito,Cuota hipotecaria mensual - P75,988155.02,,,,,151,,ACEPTABLE,"GEIH 2025 (DANE, catalogo ANDA 853)",
Cartagena,13,2025,Ene-Dic (12 meses),vivienda_propia_credito,Cuota hipotecaria mensual - mediana,600000.0,31037.7773,580925.1600,694780.3786,0.2811,151,5.1730,ACEPTABLE,"GEIH 2025 (DANE, catalogo ANDA 853)",
Cartagena,13,2025,Ene-Dic (12 meses),vivienda_propia_credito,Cuota hipotecaria mensual - promedio,859132.88,60587.3674,749744.9680,973842.4207,1.0711,151,7.0522,ACEPTABLE,"GEIH 2025 (DANE, catalogo ANDA 853)",
Cartagena,13,2025,Ene-Dic (12 meses),vivienda_propia_credito,Valor estimado de venta de la vivienda - P25,80000000.0,,,,,1350,,ACEPTABLE,"GEIH 2025 (DANE, catalogo ANDA 853)",10 registro(s) excluidos por valor extremo
Cartagena,13,2025,Ene-Dic (12 meses),vivienda_propia_credito,Valor estimado de venta de la vivienda - P75,200000000.0,,,,,1350,,ACEPTABLE,"GEIH 2025 (DANE, catalogo ANDA 853)",10 registro(s) excluidos por valor extremo
Cartagena,13,2025,Ene-Dic (12 meses),vivienda_propia_credito,Valor estimado de venta de la vivienda - mediana,120000000.0,5192873.3842,120000000.0000,134923201.6632,1.5781,1350,4.3274,EXCELENTE,"GEIH 2025 (DANE, catalogo ANDA 853)",10 registro(s) excluidos por valor extremo
Cartagena,13,2025,Ene-Dic (12 meses),vivienda_propia_credito,Valor estimado de venta de la vivienda - promedio,170979074.91,4429333.2868,163241529.7270,180251881.4435,1.1481,1350,2.5906,EXCELENTE,"GEIH 2025 (DANE, catalogo ANDA 853)",10 registro(s) excluidos por valor extremo
Cartagena,13,2026*,Ene-Jun (parcial),arriendo,Canon de arriendo mensual - P25,469061.34,,,,,1575,,ACEPTABLE,"GEIH 2026 Ene-Jun (DANE, catalogo ANDA 900)",19 registro(s) excluidos por valor extremo
Cartagena,13,2026*,Ene-Jun (parcial),arriendo,Canon de arriendo mensual - P75,800000.0,,,,,1575,,ACEPTABLE,"GEIH 2026 Ene-Jun (DANE, catalogo ANDA 900)",19 registro(s) excluidos por valor extremo
Cartagena,13,2026*,Ene-Jun (parcial),arriendo,Canon de arriendo mensual - mediana,600000.0,2445.3902,600000.0000,600000.0000,0.0382,1575,0.4076,EXCELENTE,"GEIH 2026 Ene-Jun (DANE, catalogo ANDA 900)",19 registro(s) excluidos por valor extremo
Cartagena,13,2026*,Ene-Jun (parcial),arriendo,Canon de arriendo mensual - promedio,738211.26,12894.0814,712992.1784,762045.1508,1.0610,1575,1.7467,EXCELENTE,"GEIH 2026 Ene-Jun (DANE, catalogo ANDA 900)",19 registro(s) excluidos por valor extremo
Cartagena,13,2026*,Ene-Jun (parcial),deficit_habitacional,Deficit habitacional cualitativo,ND - pendiente Fase 2 (ECV),,,,,0,,ND,ECV (fuera de alcance Fase 1),ND - pendiente Fase 2 (ECV): fuente fuera de alcance de Fase 1
Cartagena,13,2026*,Ene-Jun (parcial),deficit_habitacional,Deficit habitacional cuantitativo,ND - pendiente Fase 2 (ECV),,,,,0,,ND,ECV (fuera de alcance Fase 1),ND - pendiente Fase 2 (ECV): fuente fuera de alcance de Fase 1
Cartagena,13,2026*,Ene-Jun (parcial),deficit_habitacional,Distribucion por estrato socioeconomico,ND - pendiente Fase 2 (ECV),,,,,0,,ND,ECV (fuera de alcance Fase 1),ND - pendiente Fase 2 (ECV): fuente fuera de alcance de Fase 1
Cartagena,13,2026*,Ene-Jun (parcial),esfuerzo_financiero,Arrendatarios que destinan >30% del ingreso al arriendo,ND,,,,,0,,ND,ND - DANE no publica Pobreza Monetaria 2026,DANE no publica Medicion de Pobreza Monetaria y Desigualdad 2026 (requiere año calendario completo); no se calcula ni se extrapola
Cartagena,13,2026*,Ene-Jun (parcial),esfuerzo_financiero,Arrendatarios que destinan >50% del ingreso al arriendo,ND,,,,,0,,ND,ND - DANE no publica Pobreza Monetaria 2026,DANE no publica Medicion de Pobreza Monetaria y Desigualdad 2026 (requiere año calendario completo); no se calcula ni se extrapola
Cartagena,13,2026*,Ene-Jun (parcial),esfuerzo_financiero,Arriendo/ingreso del hogar (mediana),ND,,,,,0,,ND,ND - DANE no publica Pobreza Monetaria 2026,DANE no publica Medicion de Pobreza Monetaria y Desigualdad 2026 (requiere año calendario completo); no se calcula ni se extrapola
Cartagena,13,2026*,Ene-Jun (parcial),hacinamiento,Hogares con hacinamiento (>3 personas/cuarto para dormir),3.8,0.2944,3.2701,4.3615,1.0323,4353,7.7479,ACEPTABLE,"GEIH 2026 Ene-Jun (DANE, catalogo ANDA 900)","Umbral >3 sobre CUARTOS PARA DORMIR (P5010), no cuartos totales"
Cartagena,13,2026*,Ene-Jun (parcial),hacinamiento,Hogares con hacinamiento critico NBI (>3 personas/cuarto TOTAL),0.41,,,,,4353,,NO PUBLICAR,"GEIH 2026 Ene-Jun (DANE, catalogo ANDA 900)",Definicion oficial DANE-NBI (cuartos totales incl. sala-comedor)
Cartagena,13,2026*,Ene-Jun (parcial),hacinamiento,Personas por cuarto para dormir - mediana,1.5,,,,,4353,,ACEPTABLE,"GEIH 2026 Ene-Jun (DANE, catalogo ANDA 900)",
Cartagena,13,2026*,Ene-Jun (parcial),hacinamiento,Personas por cuarto para dormir - promedio,1.69,0.0131,1.6684,1.7190,1.1286,4353,0.7746,EXCELENTE,"GEIH 2026 Ene-Jun (DANE, catalogo ANDA 900)",
Cartagena,13,2026*,Ene-Jun (parcial),ingreso_pobreza,% arrendatarios en pobreza monetaria,ND,,,,,0,,ND,ND - DANE no publica Pobreza Monetaria 2026,DANE no publica Medicion de Pobreza Monetaria y Desigualdad 2026 (requiere año calendario completo); no se calcula ni se extrapola
Cartagena,13,2026*,Ene-Jun (parcial),ingreso_pobreza,% hogares no pobres que viven en arriendo,ND,,,,,0,,ND,ND - DANE no publica Pobreza Monetaria 2026,DANE no publica Medicion de Pobreza Monetaria y Desigualdad 2026 (requiere año calendario completo); no se calcula ni se extrapola
Cartagena,13,2026*,Ene-Jun (parcial),ingreso_pobreza,% hogares pobres que viven en arriendo,ND,,,,,0,,ND,ND - DANE no publica Pobreza Monetaria 2026,DANE no publica Medicion de Pobreza Monetaria y Desigualdad 2026 (requiere año calendario completo); no se calcula ni se extrapola
Cartagena,13,2026*,Ene-Jun (parcial),ingreso_pobreza,% propietarios en pobreza monetaria,ND,,,,,0,,ND,ND - DANE no publica Pobreza Monetaria 2026,DANE no publica Medicion de Pobreza Monetaria y Desigualdad 2026 (requiere año calendario completo); no se calcula ni se extrapola
Cartagena,13,2026*,Ene-Jun (parcial),ingreso_pobreza,Brecha de ingreso propietarios vs arrendatarios,ND,,,,,0,,ND,ND - DANE no publica Pobreza Monetaria 2026,DANE no publica Medicion de Pobreza Monetaria y Desigualdad 2026 (requiere año calendario completo); no se calcula ni se extrapola
Cartagena,13,2026*,Ene-Jun (parcial),ingreso_pobreza,Ingreso mediano hogares arrendatarios,ND,,,,,0,,ND,ND - DANE no publica Pobreza Monetaria 2026,DANE no publica Medicion de Pobreza Monetaria y Desigualdad 2026 (requiere año calendario completo); no se calcula ni se extrapola
Cartagena,13,2026*,Ene-Jun (parcial),ingreso_pobreza,Ingreso mediano hogares propietarios,ND,,,,,0,,ND,ND - DANE no publica Pobreza Monetaria 2026,DANE no publica Medicion de Pobreza Monetaria y Desigualdad 2026 (requiere año calendario completo); no se calcula ni se extrapola
Cartagena,13,2026*,Ene-Jun (parcial),servicios_publicos,Hogares sin acueducto,3.09,0.2760,2.5705,3.6371,1.1086,4353,8.9435,ACEPTABLE,"GEIH 2026 Ene-Jun (DANE, catalogo ANDA 900)",
Cartagena,13,2026*,Ene-Jun (parcial),servicios_publicos,Hogares sin alcantarillado,5.52,0.3545,4.8915,6.2150,1.0494,4353,6.4256,ACEPTABLE,"GEIH 2026 Ene-Jun (DANE, catalogo ANDA 900)",
Cartagena,13,2026*,Ene-Jun (parcial),servicios_publicos,Hogares sin energia electrica,0.03,0.0320,0.0000,0.1000,1.3463,4353,96.6328,NO PUBLICAR,"GEIH 2026 Ene-Jun (DANE, catalogo ANDA 900)",
Cartagena,13,2026*,Ene-Jun (parcial),servicios_publicos,Hogares sin gas natural conectado a red,6.25,0.3724,5.5105,6.9912,1.0309,4353,5.9616,ACEPTABLE,"GEIH 2026 Ene-Jun (DANE, catalogo ANDA 900)",
Cartagena,13,2026*,Ene-Jun (parcial),servicios_publicos,Hogares sin recoleccion de basuras,2.93,0.2597,2.4326,3.4814,1.0329,4353,8.8699,ACEPTABLE,"GEIH 2026 Ene-Jun (DANE, catalogo ANDA 900)",
Cartagena,13,2026*,Ene-Jun (parcial),tenencia,Tenencia: En arriendo o subarriendo,37.99,0.7908,36.3442,39.5969,1.1556,1596,2.0816,EXCELENTE,"GEIH 2026 Ene-Jun (DANE, catalogo ANDA 900)",
Cartagena,13,2026*,Ene-Jun (parcial),tenencia,Tenencia: En usufructo,12.91,0.5495,11.7609,13.9085,1.1692,554,4.2570,EXCELENTE,"GEIH 2026 Ene-Jun (DANE, catalogo ANDA 900)",
Cartagena,13,2026*,Ene-Jun (parcial),tenencia,Tenencia: Otra,3.93,0.2864,3.4100,4.4837,0.9447,180,7.2799,ACEPTABLE,"GEIH 2026 Ene-Jun (DANE, catalogo ANDA 900)",
Cartagena,13,2026*,Ene-Jun (parcial),tenencia,Tenencia: Posesion sin titulo,1.77,0.1998,1.4097,2.1885,1.0007,77,11.3009,ACEPTABLE,"GEIH 2026 Ene-Jun (DANE, catalogo ANDA 900)",
Cartagena,13,2026*,Ene-Jun (parcial),tenencia,"Tenencia: Propia, la estan pagando",2.29,0.2551,1.8497,2.8096,1.2666,89,11.1441,ACEPTABLE,"GEIH 2026 Ene-Jun (DANE, catalogo ANDA 900)",
Cartagena,13,2026*,Ene-Jun (parcial),tenencia,"Tenencia: Propia, totalmente pagada",27.99,0.7213,26.7174,29.4860,1.1237,1269,2.5769,EXCELENTE,"GEIH 2026 Ene-Jun (DANE, catalogo ANDA 900)",
Cartagena,13,2026*,Ene-Jun (parcial),tenencia,Tenencia: Propiedad colectiva,13.11,0.5745,11.8316,14.1314,1.2610,588,4.3807,EXCELENTE,"GEIH 2026 Ene-Jun (DANE, catalogo ANDA 900)",
Cartagena,13,2026*,Ene-Jun (parcial),tenencia,Tenencia: suma de categorias (control),100.0,,,,,4353,,NO_APLICA,"GEIH 2026 Ene-Jun (DANE, catalogo ANDA 900)",Control de auditoria: debe ser 100% +/-0.1pp
Cartagena,13,2026*,Ene-Jun (parcial),vivienda_propia_credito,Arriendo imputado (estimado) - P25,400000.0,,,,,2696,,ACEPTABLE,"GEIH 2026 Ene-Jun (DANE, catalogo ANDA 900)",11 registro(s) excluidos por valor extremo
Cartagena,13,2026*,Ene-Jun (parcial),vivienda_propia_credito,Arriendo imputado (estimado) - P75,900000.0,,,,,2696,,ACEPTABLE,"GEIH 2026 Ene-Jun (DANE, catalogo ANDA 900)",11 registro(s) excluidos por valor extremo
Cartagena,13,2026*,Ene-Jun (parcial),vivienda_propia_credito,Arriendo imputado (estimado) - mediana,600000.0,0.0000,600000.0000,600000.0000,0.0000,2696,0.0000,EXCELENTE,"GEIH 2026 Ene-Jun (DANE, catalogo ANDA 900)",11 registro(s) excluidos por valor extremo
Cartagena,13,2026*,Ene-Jun (parcial),vivienda_propia_credito,Arriendo imputado (estimado) - promedio,808396.96,15751.1708,775732.1288,838406.8815,1.2610,2696,1.9484,EXCELENTE,"GEIH 2026 Ene-Jun (DANE, catalogo ANDA 900)",11 registro(s) excluidos por valor extremo
Cartagena,13,2026*,Ene-Jun (parcial),vivienda_propia_credito,Cuota hipotecaria mensual - P25,600000.0,,,,,86,,PRECAUCION,"GEIH 2026 Ene-Jun (DANE, catalogo ANDA 900)",1 registro(s) excluidos por valor extremo
Cartagena,13,2026*,Ene-Jun (parcial),vivienda_propia_credito,Cuota hipotecaria mensual - P75,1127446.97,,,,,86,,PRECAUCION,"GEIH 2026 Ene-Jun (DANE, catalogo ANDA 900)",1 registro(s) excluidos por valor extremo
Cartagena,13,2026*,Ene-Jun (parcial),vivienda_propia_credito,Cuota hipotecaria mensual - mediana,800000.0,63256.0069,691230.1060,900000.0000,0.5199,86,7.9070,PRECAUCION,"GEIH 2026 Ene-Jun (DANE, catalogo ANDA 900)",1 registro(s) excluidos por valor extremo
Cartagena,13,2026*,Ene-Jun (parcial),vivienda_propia_credito,Cuota hipotecaria mensual - promedio,1085023.5,84991.0224,912402.9603,1244163.6006,0.9385,86,7.8331,PRECAUCION,"GEIH 2026 Ene-Jun (DANE, catalogo ANDA 900)",1 registro(s) excluidos por valor extremo
Cartagena,13,2026*,Ene-Jun (parcial),vivienda_propia_credito,Valor estimado de venta de la vivienda - P25,85000000.0,,,,,653,,ACEPTABLE,"GEIH 2026 Ene-Jun (DANE, catalogo ANDA 900)",4 registro(s) excluidos por valor extremo
Cartagena,13,2026*,Ene-Jun (parcial),vivienda_propia_credito,Valor estimado de venta de la vivienda - P75,268290632.99,,,,,653,,ACEPTABLE,"GEIH 2026 Ene-Jun (DANE, catalogo ANDA 900)",4 registro(s) excluidos por valor extremo
Cartagena,13,2026*,Ene-Jun (parcial),vivienda_propia_credito,Valor estimado de venta de la vivienda - mediana,160000000.0,8877327.2755,150000000.0000,180000000.0000,0.8933,653,5.5483,ACEPTABLE,"GEIH 2026 Ene-Jun (DANE, catalogo ANDA 900)",4 registro(s) excluidos por valor extremo
Cartagena,13,2026*,Ene-Jun (parcial),vivienda_propia_credito,Valor estimado de venta de la vivienda - promedio,231347919.34,10576194.3307,212136689.5846,252414073.9880,1.2679,653,4.5716,EXCELENTE,"GEIH 2026 Ene-Jun (DANE, catalogo ANDA 900)",4 registro(s) excluidos por valor extremo
Cúcuta A.M.,54,2023,Ene-Dic (12 meses),arriendo,Canon de arriendo mensual - P25,300000.0,,,,,3511,,ACEPTABLE,"GEIH 2023 (DANE, catalogo ANDA 782)",11 registro(s) excluidos por valor extremo
Cúcuta A.M.,54,2023,Ene-Dic (12 meses),arriendo,Canon de arriendo mensual - P75,500000.0,,,,,3511,,ACEPTABLE,"GEIH 2023 (DANE, catalogo ANDA 782)",11 registro(s) excluidos por valor extremo
Cúcuta A.M.,54,2023,Ene-Dic (12 meses),arriendo,Canon de arriendo mensual - mediana,400000.0,0.0000,400000.0000,400000.0000,0.0000,3511,0.0000,EXCELENTE,"GEIH 2023 (DANE, catalogo ANDA 782)",11 registro(s) excluidos por valor extremo
Cúcuta A.M.,54,2023,Ene-Dic (12 meses),arriendo,Canon de arriendo mensual - promedio,447929.2,4550.0788,439202.2586,456622.2522,1.3708,3511,1.0158,EXCELENTE,"GEIH 2023 (DANE, catalogo ANDA 782)",11 registro(s) excluidos por valor extremo
Cúcuta A.M.,54,2023,Ene-Dic (12 meses),deficit_habitacional,Deficit habitacional cualitativo,ND - pendiente Fase 2 (ECV),,,,,0,,ND,ECV (fuera de alcance Fase 1),ND - pendiente Fase 2 (ECV): fuente fuera de alcance de Fase 1
Cúcuta A.M.,54,2023,Ene-Dic (12 meses),deficit_habitacional,Deficit habitacional cuantitativo,ND - pendiente Fase 2 (ECV),,,,,0,,ND,ECV (fuera de alcance Fase 1),ND - pendiente Fase 2 (ECV): fuente fuera de alcance de Fase 1
Cúcuta A.M.,54,2023,Ene-Dic (12 meses),deficit_habitacional,Distribucion por estrato socioeconomico,ND - pendiente Fase 2 (ECV),,,,,0,,ND,ECV (fuera de alcance Fase 1),ND - pendiente Fase 2 (ECV): fuente fuera de alcance de Fase 1
Cúcuta A.M.,54,2023,Ene-Dic (12 meses),esfuerzo_financiero,Arrendatarios que destinan >30% del ingreso al arriendo,33.71,,,,,3488,,ACEPTABLE,"Pobreza Monetaria 2023 (DANE, catalogo ANDA 835)",sobrecarga (>30%)
Cúcuta A.M.,54,2023,Ene-Dic (12 meses),esfuerzo_financiero,Arrendatarios que destinan >50% del ingreso al arriendo,7.67,,,,,3488,,ACEPTABLE,"Pobreza Monetaria 2023 (DANE, catalogo ANDA 835)",sobrecarga severa (>50%)
Cúcuta A.M.,54,2023,Ene-Dic (12 meses),esfuerzo_financiero,Arriendo/ingreso del hogar (mediana),23.75,,,,,3488,,ACEPTABLE,"Pobreza Monetaria 2023 (DANE, catalogo ANDA 835)",Merge con 99.5% de coincidencia
Cúcuta A.M.,54,2023,Ene-Dic (12 meses),hacinamiento,Hogares con hacinamiento (>3 personas/cuarto para dormir),5.89,0.2798,5.3626,6.4838,1.1945,8453,4.7538,EXCELENTE,"GEIH 2023 (DANE, catalogo ANDA 782)","Umbral >3 sobre CUARTOS PARA DORMIR (P5010), no cuartos totales"
Cúcuta A.M.,54,2023,Ene-Dic (12 meses),hacinamiento,Hogares con hacinamiento critico NBI (>3 personas/cuarto TOTAL),1.81,,,,,8453,,ACEPTABLE,"GEIH 2023 (DANE, catalogo ANDA 782)",Definicion oficial DANE-NBI (cuartos totales incl. sala-comedor)
Cúcuta A.M.,54,2023,Ene-Dic (12 meses),hacinamiento,Personas por cuarto para dormir - mediana,1.5,,,,,8453,,ACEPTABLE,"GEIH 2023 (DANE, catalogo ANDA 782)",
Cúcuta A.M.,54,2023,Ene-Dic (12 meses),hacinamiento,Personas por cuarto para dormir - promedio,1.82,0.0111,1.7935,1.8383,1.2810,8453,0.6085,EXCELENTE,"GEIH 2023 (DANE, catalogo ANDA 782)",
Cúcuta A.M.,54,2023,Ene-Dic (12 meses),ingreso_pobreza,% arrendatarios en pobreza monetaria,38.45,,,,,3528,,ACEPTABLE,"Pobreza Monetaria 2023 (DANE, catalogo ANDA 835)",
Cúcuta A.M.,54,2023,Ene-Dic (12 meses),ingreso_pobreza,% hogares no pobres que viven en arriendo,37.61,,,,,5801,,ACEPTABLE,"Pobreza Monetaria 2023 (DANE, catalogo ANDA 835)",
Cúcuta A.M.,54,2023,Ene-Dic (12 meses),ingreso_pobreza,% hogares pobres que viven en arriendo,53.33,,,,,2652,,ACEPTABLE,"Pobreza Monetaria 2023 (DANE, catalogo ANDA 835)",
Cúcuta A.M.,54,2023,Ene-Dic (12 meses),ingreso_pobreza,% propietarios en pobreza monetaria,15.55,,,,,2693,,ACEPTABLE,"Pobreza Monetaria 2023 (DANE, catalogo ANDA 835)",
Cúcuta A.M.,54,2023,Ene-Dic (12 meses),ingreso_pobreza,Brecha de ingreso propietarios vs arrendatarios,48.1,,,,,0,,NO_APLICA,"Pobreza Monetaria 2023 (DANE, catalogo ANDA 835)",(+) = propietarios ganan mas; calculado sobre medianas ponderadas
Cúcuta A.M.,54,2023,Ene-Dic (12 meses),ingreso_pobreza,Ingreso mediano hogares arrendatarios,1630727.33,,,,,3504,,ACEPTABLE,"Pobreza Monetaria 2023 (DANE, catalogo ANDA 835)",ingtotug = ingreso total unidad de gasto SIN imputar arriendo
Cúcuta A.M.,54,2023,Ene-Dic (12 meses),ingreso_pobreza,Ingreso mediano hogares propietarios,2415161.23,,,,,2681,,ACEPTABLE,"Pobreza Monetaria 2023 (DANE, catalogo ANDA 835)",ingtotug = ingreso total unidad de gasto SIN imputar arriendo
Cúcuta A.M.,54,2023,Ene-Dic (12 meses),servicios_publicos,Hogares sin acueducto,1.47,0.1581,1.1845,1.7771,1.4563,8453,10.7354,ACEPTABLE,"GEIH 2023 (DANE, catalogo ANDA 782)",
Cúcuta A.M.,54,2023,Ene-Dic (12 meses),servicios_publicos,Hogares sin alcantarillado,4.08,0.2492,3.5271,4.5242,1.3419,8453,6.1096,ACEPTABLE,"GEIH 2023 (DANE, catalogo ANDA 782)",
Cúcuta A.M.,54,2023,Ene-Dic (12 meses),servicios_publicos,Hogares sin energia electrica,0.01,0.0148,0.0000,0.0515,1.2764,8453,101.6877,NO PUBLICAR,"GEIH 2023 (DANE, catalogo ANDA 782)",
Cúcuta A.M.,54,2023,Ene-Dic (12 meses),servicios_publicos,Hogares sin gas natural conectado a red,25.85,0.5536,24.7986,26.8895,1.3515,8453,2.1414,EXCELENTE,"GEIH 2023 (DANE, catalogo ANDA 782)",
Cúcuta A.M.,54,2023,Ene-Dic (12 meses),servicios_publicos,Hogares sin recoleccion de basuras,0.7,0.1409,0.4777,0.9970,2.4032,8453,20.0342,PRECAUCION,"GEIH 2023 (DANE, catalogo ANDA 782)",
Cúcuta A.M.,54,2023,Ene-Dic (12 meses),tenencia,Tenencia: En arriendo o subarriendo,42.42,0.6369,41.1417,43.5102,1.4038,3528,1.5015,EXCELENTE,"GEIH 2023 (DANE, catalogo ANDA 782)",
Cúcuta A.M.,54,2023,Ene-Dic (12 meses),tenencia,Tenencia: En usufructo,16.52,0.4388,15.7226,17.3785,1.1804,1419,2.6564,EXCELENTE,"GEIH 2023 (DANE, catalogo ANDA 782)",
Cúcuta A.M.,54,2023,Ene-Dic (12 meses),tenencia,Tenencia: Otra,0.02,0.0232,0.0000,0.0901,2.0166,2,102.6520,NO PUBLICAR,"GEIH 2023 (DANE, catalogo ANDA 782)",
Cúcuta A.M.,54,2023,Ene-Dic (12 meses),tenencia,Tenencia: Posesion sin titulo,8.38,0.3417,7.6845,9.0125,1.2856,724,4.0780,EXCELENTE,"GEIH 2023 (DANE, catalogo ANDA 782)",
Cúcuta A.M.,54,2023,Ene-Dic (12 meses),tenencia,"Tenencia: Propia, la estan pagando",5.11,0.3125,4.5753,5.8085,1.7008,330,6.1100,ACEPTABLE,"GEIH 2023 (DANE, catalogo ANDA 782)",
Cúcuta A.M.,54,2023,Ene-Dic (12 meses),tenencia,"Tenencia: Propia, totalmente pagada",26.5,0.5470,25.5054,27.6113,1.2985,2363,2.0639,EXCELENTE,"GEIH 2023 (DANE, catalogo ANDA 782)",
Cúcuta A.M.,54,2023,Ene-Dic (12 meses),tenencia,Tenencia: Propiedad colectiva,1.04,0.1357,0.7806,1.3094,1.5060,87,12.9912,ACEPTABLE,"GEIH 2023 (DANE, catalogo ANDA 782)",
Cúcuta A.M.,54,2023,Ene-Dic (12 meses),tenencia,Tenencia: suma de categorias (control),100.0,,,,,8453,,NO_APLICA,"GEIH 2023 (DANE, catalogo ANDA 782)",Control de auditoria: debe ser 100% +/-0.1pp
Cúcuta A.M.,54,2023,Ene-Dic (12 meses),vivienda_propia_credito,Arriendo imputado (estimado) - P25,300000.0,,,,,4854,,ACEPTABLE,"GEIH 2023 (DANE, catalogo ANDA 782)",20 registro(s) excluidos por valor extremo
Cúcuta A.M.,54,2023,Ene-Dic (12 meses),vivienda_propia_credito,Arriendo imputado (estimado) - P75,600000.0,,,,,4854,,ACEPTABLE,"GEIH 2023 (DANE, catalogo ANDA 782)",20 registro(s) excluidos por valor extremo
Cúcuta A.M.,54,2023,Ene-Dic (12 meses),vivienda_propia_credito,Arriendo imputado (estimado) - mediana,400000.0,18756.7506,400000.0000,450000.0000,15.2185,4854,4.6892,EXCELENTE,"GEIH 2023 (DANE, catalogo ANDA 782)",20 registro(s) excluidos por valor extremo
Cúcuta A.M.,54,2023,Ene-Dic (12 meses),vivienda_propia_credito,Arriendo imputado (estimado) - promedio,517123.21,6199.3687,504471.3721,528655.2980,1.6625,4854,1.1988,EXCELENTE,"GEIH 2023 (DANE, catalogo ANDA 782)",20 registro(s) excluidos por valor extremo
Cúcuta A.M.,54,2023,Ene-Dic (12 meses),vivienda_propia_credito,Cuota hipotecaria mensual - P25,400000.0,,,,,322,,ACEPTABLE,"GEIH 2023 (DANE, catalogo ANDA 782)",2 registro(s) excluidos por valor extremo
Cúcuta A.M.,54,2023,Ene-Dic (12 meses),vivienda_propia_credito,Cuota hipotecaria mensual - P75,930101.59,,,,,322,,ACEPTABLE,"GEIH 2023 (DANE, catalogo ANDA 782)",2 registro(s) excluidos por valor extremo
Cúcuta A.M.,54,2023,Ene-Dic (12 meses),vivienda_propia_credito,Cuota hipotecaria mensual - mediana,600000.0,26091.9696,528020.3674,646043.9687,0.5152,322,4.3487,EXCELENTE,"GEIH 2023 (DANE, catalogo ANDA 782)",2 registro(s) excluidos por valor extremo
Cúcuta A.M.,54,2023,Ene-Dic (12 meses),vivienda_propia_credito,Cuota hipotecaria mensual - promedio,774201.23,37852.7608,701403.4545,845512.9871,1.0844,322,4.8893,EXCELENTE,"GEIH 2023 (DANE, catalogo ANDA 782)",2 registro(s) excluidos por valor extremo
Cúcuta A.M.,54,2023,Ene-Dic (12 meses),vivienda_propia_credito,Valor estimado de venta de la vivienda - P25,60000000.0,,,,,2214,,ACEPTABLE,"GEIH 2023 (DANE, catalogo ANDA 782)",7 registro(s) excluidos por valor extremo
Cúcuta A.M.,54,2023,Ene-Dic (12 meses),vivienda_propia_credito,Valor estimado de venta de la vivienda - P75,160000000.0,,,,,2214,,ACEPTABLE,"GEIH 2023 (DANE, catalogo ANDA 782)",7 registro(s) excluidos por valor extremo
Cúcuta A.M.,54,2023,Ene-Dic (12 meses),vivienda_propia_credito,Valor estimado de venta de la vivienda - mediana,100000000.0,1177229.3521,100000000.0000,100000000.0000,0.1537,2214,1.1772,EXCELENTE,"GEIH 2023 (DANE, catalogo ANDA 782)",7 registro(s) excluidos por valor extremo
Cúcuta A.M.,54,2023,Ene-Dic (12 meses),vivienda_propia_credito,Valor estimado de venta de la vivienda - promedio,133758661.59,3583007.3737,127734265.7553,140997093.1514,1.4242,2214,2.6787,EXCELENTE,"GEIH 2023 (DANE, catalogo ANDA 782)",7 registro(s) excluidos por valor extremo
Cúcuta A.M.,54,2024,Ene-Dic (12 meses),arriendo,Canon de arriendo mensual - P25,350000.0,,,,,3446,,ACEPTABLE,"GEIH 2024 (DANE, catalogo ANDA 819)",3 registro(s) excluidos por valor extremo
Cúcuta A.M.,54,2024,Ene-Dic (12 meses),arriendo,Canon de arriendo mensual - P75,600000.0,,,,,3446,,ACEPTABLE,"GEIH 2024 (DANE, catalogo ANDA 819)",3 registro(s) excluidos por valor extremo
Cúcuta A.M.,54,2024,Ene-Dic (12 meses),arriendo,Canon de arriendo mensual - mediana,450000.0,0.0000,450000.0000,450000.0000,0.0000,3446,0.0000,EXCELENTE,"GEIH 2024 (DANE, catalogo ANDA 819)",3 registro(s) excluidos por valor extremo
Cúcuta A.M.,54,2024,Ene-Dic (12 meses),arriendo,Canon de arriendo mensual - promedio,509357.22,7909.3056,496397.7387,525776.7632,2.5121,3446,1.5528,EXCELENTE,"GEIH 2024 (DANE, catalogo ANDA 819)",3 registro(s) excluidos por valor extremo
Cúcuta A.M.,54,2024,Ene-Dic (12 meses),deficit_habitacional,Deficit habitacional cualitativo,ND - pendiente Fase 2 (ECV),,,,,0,,ND,ECV (fuera de alcance Fase 1),ND - pendiente Fase 2 (ECV): fuente fuera de alcance de Fase 1
Cúcuta A.M.,54,2024,Ene-Dic (12 meses),deficit_habitacional,Deficit habitacional cuantitativo,ND - pendiente Fase 2 (ECV),,,,,0,,ND,ECV (fuera de alcance Fase 1),ND - pendiente Fase 2 (ECV): fuente fuera de alcance de Fase 1
Cúcuta A.M.,54,2024,Ene-Dic (12 meses),deficit_habitacional,Distribucion por estrato socioeconomico,ND - pendiente Fase 2 (ECV),,,,,0,,ND,ECV (fuera de alcance Fase 1),ND - pendiente Fase 2 (ECV): fuente fuera de alcance de Fase 1
Cúcuta A.M.,54,2024,Ene-Dic (12 meses),esfuerzo_financiero,Arrendatarios que destinan >30% del ingreso al arriendo,34.2,,,,,3417,,ACEPTABLE,"Pobreza Monetaria 2024 (DANE, catalogo ANDA 874)",sobrecarga (>30%)
Cúcuta A.M.,54,2024,Ene-Dic (12 meses),esfuerzo_financiero,Arrendatarios que destinan >50% del ingreso al arriendo,9.72,,,,,3417,,ACEPTABLE,"Pobreza Monetaria 2024 (DANE, catalogo ANDA 874)",sobrecarga severa (>50%)
Cúcuta A.M.,54,2024,Ene-Dic (12 meses),esfuerzo_financiero,Arriendo/ingreso del hogar (mediana),23.33,,,,,3417,,ACEPTABLE,"Pobreza Monetaria 2024 (DANE, catalogo ANDA 874)",Merge con 99.8% de coincidencia
Cúcuta A.M.,54,2024,Ene-Dic (12 meses),hacinamiento,Hogares con hacinamiento (>3 personas/cuarto para dormir),4.4,0.2638,3.9161,4.8901,1.4123,8538,5.9938,ACEPTABLE,"GEIH 2024 (DANE, catalogo ANDA 819)","Umbral >3 sobre CUARTOS PARA DORMIR (P5010), no cuartos totales"
Cúcuta A.M.,54,2024,Ene-Dic (12 meses),hacinamiento,Hogares con hacinamiento critico NBI (>3 personas/cuarto TOTAL),1.25,,,,,8538,,PRECAUCION,"GEIH 2024 (DANE, catalogo ANDA 819)",Definicion oficial DANE-NBI (cuartos totales incl. sala-comedor)
Cúcuta A.M.,54,2024,Ene-Dic (12 meses),hacinamiento,Personas por cuarto para dormir - mediana,1.5,,,,,8538,,ACEPTABLE,"GEIH 2024 (DANE, catalogo ANDA 819)",
Cúcuta A.M.,54,2024,Ene-Dic (12 meses),hacinamiento,Personas por cuarto para dormir - promedio,1.76,0.0104,1.7453,1.7831,1.3476,8538,0.5891,EXCELENTE,"GEIH 2024 (DANE, catalogo ANDA 819)",
Cúcuta A.M.,54,2024,Ene-Dic (12 meses),ingreso_pobreza,% arrendatarios en pobreza monetaria,33.51,,,,,3455,,ACEPTABLE,"Pobreza Monetaria 2024 (DANE, catalogo ANDA 874)",
Cúcuta A.M.,54,2024,Ene-Dic (12 meses),ingreso_pobreza,% hogares no pobres que viven en arriendo,39.1,,,,,6101,,ACEPTABLE,"Pobreza Monetaria 2024 (DANE, catalogo ANDA 874)",
Cúcuta A.M.,54,2024,Ene-Dic (12 meses),ingreso_pobreza,% hogares pobres que viven en arriendo,49.05,,,,,2437,,ACEPTABLE,"Pobreza Monetaria 2024 (DANE, catalogo ANDA 874)",
Cúcuta A.M.,54,2024,Ene-Dic (12 meses),ingreso_pobreza,% propietarios en pobreza monetaria,15.62,,,,,2805,,ACEPTABLE,"Pobreza Monetaria 2024 (DANE, catalogo ANDA 874)",
Cúcuta A.M.,54,2024,Ene-Dic (12 meses),ingreso_pobreza,Brecha de ingreso propietarios vs arrendatarios,43.12,,,,,0,,NO_APLICA,"Pobreza Monetaria 2024 (DANE, catalogo ANDA 874)",(+) = propietarios ganan mas; calculado sobre medianas ponderadas
Cúcuta A.M.,54,2024,Ene-Dic (12 meses),ingreso_pobreza,Ingreso mediano hogares arrendatarios,1816666.67,,,,,3425,,ACEPTABLE,"Pobreza Monetaria 2024 (DANE, catalogo ANDA 874)",ingtotug = ingreso total unidad de gasto SIN imputar arriendo
Cúcuta A.M.,54,2024,Ene-Dic (12 meses),ingreso_pobreza,Ingreso mediano hogares propietarios,2600000.0,,,,,2792,,ACEPTABLE,"Pobreza Monetaria 2024 (DANE, catalogo ANDA 874)",ingtotug = ingreso total unidad de gasto SIN imputar arriendo
Cúcuta A.M.,54,2024,Ene-Dic (12 meses),servicios_publicos,Hogares sin acueducto,1.14,0.1317,0.8946,1.3968,1.3178,8538,11.5880,ACEPTABLE,"GEIH 2024 (DANE, catalogo ANDA 819)",
Cúcuta A.M.,54,2024,Ene-Dic (12 meses),servicios_publicos,Hogares sin alcantarillado,4.13,0.3201,3.5539,4.8533,2.2097,8538,7.7524,ACEPTABLE,"GEIH 2024 (DANE, catalogo ANDA 819)",
Cúcuta A.M.,54,2024,Ene-Dic (12 meses),servicios_publicos,Hogares sin energia electrica,0.07,0.0417,0.0000,0.1555,2.2832,8538,64.0290,NO PUBLICAR,"GEIH 2024 (DANE, catalogo ANDA 819)",
Cúcuta A.M.,54,2024,Ene-Dic (12 meses),servicios_publicos,Hogares sin gas natural conectado a red,27.31,0.5848,26.3723,28.6290,1.4711,8538,2.1418,EXCELENTE,"GEIH 2024 (DANE, catalogo ANDA 819)",
Cúcuta A.M.,54,2024,Ene-Dic (12 meses),servicios_publicos,Hogares sin recoleccion de basuras,0.92,0.1998,0.5622,1.3485,3.7532,8538,21.7973,PRECAUCION,"GEIH 2024 (DANE, catalogo ANDA 819)",
Cúcuta A.M.,54,2024,Ene-Dic (12 meses),tenencia,Tenencia: En arriendo o subarriendo,41.95,0.6342,40.7384,43.1818,1.4102,3455,1.5119,EXCELENTE,"GEIH 2024 (DANE, catalogo ANDA 819)",
Cúcuta A.M.,54,2024,Ene-Dic (12 meses),tenencia,Tenencia: En usufructo,15.9,0.4460,15.1051,16.7717,1.2697,1430,2.8043,EXCELENTE,"GEIH 2024 (DANE, catalogo ANDA 819)",
Cúcuta A.M.,54,2024,Ene-Dic (12 meses),tenencia,Tenencia: Otra,0.01,0.0145,0.0000,0.0436,1.2439,1,100.6554,NO PUBLICAR,"GEIH 2024 (DANE, catalogo ANDA 819)",
Cúcuta A.M.,54,2024,Ene-Dic (12 meses),tenencia,Tenencia: Posesion sin titulo,8.8,0.3557,8.1737,9.4542,1.3464,755,4.0427,EXCELENTE,"GEIH 2024 (DANE, catalogo ANDA 819)",
Cúcuta A.M.,54,2024,Ene-Dic (12 meses),tenencia,"Tenencia: Propia, la estan pagando",4.6,0.3151,4.0502,5.2086,1.9317,293,6.8490,ACEPTABLE,"GEIH 2024 (DANE, catalogo ANDA 819)",
Cúcuta A.M.,54,2024,Ene-Dic (12 meses),tenencia,"Tenencia: Propia, totalmente pagada",27.77,0.6017,26.6721,28.9327,1.5414,2512,2.1672,EXCELENTE,"GEIH 2024 (DANE, catalogo ANDA 819)",
Cúcuta A.M.,54,2024,Ene-Dic (12 meses),tenencia,Tenencia: Propiedad colectiva,0.97,0.1329,0.7343,1.2444,1.5753,92,13.7455,ACEPTABLE,"GEIH 2024 (DANE, catalogo ANDA 819)",
Cúcuta A.M.,54,2024,Ene-Dic (12 meses),tenencia,Tenencia: suma de categorias (control),100.0,,,,,8538,,NO_APLICA,"GEIH 2024 (DANE, catalogo ANDA 819)",Control de auditoria: debe ser 100% +/-0.1pp
Cúcuta A.M.,54,2024,Ene-Dic (12 meses),vivienda_propia_credito,Arriendo imputado (estimado) - P25,350000.0,,,,,5002,,ACEPTABLE,"GEIH 2024 (DANE, catalogo ANDA 819)",17 registro(s) excluidos por valor extremo
Cúcuta A.M.,54,2024,Ene-Dic (12 meses),vivienda_propia_credito,Arriendo imputado (estimado) - P75,600000.0,,,,,5002,,ACEPTABLE,"GEIH 2024 (DANE, catalogo ANDA 819)",17 registro(s) excluidos por valor extremo
Cúcuta A.M.,54,2024,Ene-Dic (12 meses),vivienda_propia_credito,Arriendo imputado (estimado) - mediana,500000.0,23167.3929,450000.0000,500000.0000,22.7552,5002,4.6335,EXCELENTE,"GEIH 2024 (DANE, catalogo ANDA 819)",17 registro(s) excluidos por valor extremo
Cúcuta A.M.,54,2024,Ene-Dic (12 meses),vivienda_propia_credito,Arriendo imputado (estimado) - promedio,545972.62,5909.6081,534724.5127,558666.3027,1.4806,5002,1.0824,EXCELENTE,"GEIH 2024 (DANE, catalogo ANDA 819)",17 registro(s) excluidos por valor extremo
Cúcuta A.M.,54,2024,Ene-Dic (12 meses),vivienda_propia_credito,Cuota hipotecaria mensual - P25,400000.0,,,,,288,,ACEPTABLE,"GEIH 2024 (DANE, catalogo ANDA 819)",
Cúcuta A.M.,54,2024,Ene-Dic (12 meses),vivienda_propia_credito,Cuota hipotecaria mensual - P75,1000000.0,,,,,288,,ACEPTABLE,"GEIH 2024 (DANE, catalogo ANDA 819)",
Cúcuta A.M.,54,2024,Ene-Dic (12 meses),vivienda_propia_credito,Cuota hipotecaria mensual - mediana,619188.11,47403.7080,550000.0000,718030.5971,0.5388,288,7.6558,ACEPTABLE,"GEIH 2024 (DANE, catalogo ANDA 819)",
Cúcuta A.M.,54,2024,Ene-Dic (12 meses),vivienda_propia_credito,Cuota hipotecaria mensual - promedio,881930.86,61133.0272,769698.6986,1008009.9702,0.8961,288,6.9317,ACEPTABLE,"GEIH 2024 (DANE, catalogo ANDA 819)",
Cúcuta A.M.,54,2024,Ene-Dic (12 meses),vivienda_propia_credito,Valor estimado de venta de la vivienda - P25,70000000.0,,,,,2272,,ACEPTABLE,"GEIH 2024 (DANE, catalogo ANDA 819)",3 registro(s) excluidos por valor extremo
Cúcuta A.M.,54,2024,Ene-Dic (12 meses),vivienda_propia_credito,Valor estimado de venta de la vivienda - P75,180000000.0,,,,,2272,,ACEPTABLE,"GEIH 2024 (DANE, catalogo ANDA 819)",3 registro(s) excluidos por valor extremo
Cúcuta A.M.,54,2024,Ene-Dic (12 meses),vivienda_propia_credito,Valor estimado de venta de la vivienda - mediana,100000000.0,4126960.6247,100000000.0000,111971174.6693,3.8615,2272,4.1270,EXCELENTE,"GEIH 2024 (DANE, catalogo ANDA 819)",3 registro(s) excluidos por valor extremo
Cúcuta A.M.,54,2024,Ene-Dic (12 meses),vivienda_propia_credito,Valor estimado de venta de la vivienda - promedio,134928925.33,2166186.8828,130428704.3234,138577318.6677,1.0639,2272,1.6054,EXCELENTE,"GEIH 2024 (DANE, catalogo ANDA 819)",3 registro(s) excluidos por valor extremo
Cúcuta A.M.,54,2025,Ene-Dic (12 meses),arriendo,Canon de arriendo mensual - P25,350000.0,,,,,3293,,ACEPTABLE,"GEIH 2025 (DANE, catalogo ANDA 853)",3 registro(s) excluidos por valor extremo
Cúcuta A.M.,54,2025,Ene-Dic (12 meses),arriendo,Canon de arriendo mensual - P75,600000.0,,,,,3293,,ACEPTABLE,"GEIH 2025 (DANE, catalogo ANDA 853)",3 registro(s) excluidos por valor extremo
Cúcuta A.M.,54,2025,Ene-Dic (12 meses),arriendo,Canon de arriendo mensual - mediana,500000.0,20623.4127,450000.0000,500000.0000,14.4510,3293,4.1247,EXCELENTE,"GEIH 2025 (DANE, catalogo ANDA 853)",3 registro(s) excluidos por valor extremo
Cúcuta A.M.,54,2025,Ene-Dic (12 meses),arriendo,Canon de arriendo mensual - promedio,532209.86,8531.9110,515757.2522,550533.4931,2.4733,3293,1.6031,EXCELENTE,"GEIH 2025 (DANE, catalogo ANDA 853)",3 registro(s) excluidos por valor extremo
Cúcuta A.M.,54,2025,Ene-Dic (12 meses),deficit_habitacional,Deficit habitacional cualitativo,ND - pendiente Fase 2 (ECV),,,,,0,,ND,ECV (fuera de alcance Fase 1),ND - pendiente Fase 2 (ECV): fuente fuera de alcance de Fase 1
Cúcuta A.M.,54,2025,Ene-Dic (12 meses),deficit_habitacional,Deficit habitacional cuantitativo,ND - pendiente Fase 2 (ECV),,,,,0,,ND,ECV (fuera de alcance Fase 1),ND - pendiente Fase 2 (ECV): fuente fuera de alcance de Fase 1
Cúcuta A.M.,54,2025,Ene-Dic (12 meses),deficit_habitacional,Distribucion por estrato socioeconomico,ND - pendiente Fase 2 (ECV),,,,,0,,ND,ECV (fuera de alcance Fase 1),ND - pendiente Fase 2 (ECV): fuente fuera de alcance de Fase 1
Cúcuta A.M.,54,2025,Ene-Dic (12 meses),esfuerzo_financiero,Arrendatarios que destinan >30% del ingreso al arriendo,31.55,,,,,3274,,ACEPTABLE,"Pobreza Monetaria 2025 (DANE, catalogo ANDA 908)",sobrecarga (>30%)
Cúcuta A.M.,54,2025,Ene-Dic (12 meses),esfuerzo_financiero,Arrendatarios que destinan >50% del ingreso al arriendo,9.19,,,,,3274,,ACEPTABLE,"Pobreza Monetaria 2025 (DANE, catalogo ANDA 908)",sobrecarga severa (>50%)
Cúcuta A.M.,54,2025,Ene-Dic (12 meses),esfuerzo_financiero,Arriendo/ingreso del hogar (mediana),22.7,,,,,3274,,ACEPTABLE,"Pobreza Monetaria 2025 (DANE, catalogo ANDA 908)",Merge con 99.9% de coincidencia
Cúcuta A.M.,54,2025,Ene-Dic (12 meses),hacinamiento,Hogares con hacinamiento (>3 personas/cuarto para dormir),4.32,0.2987,3.6853,4.8698,1.7731,8220,6.9091,ACEPTABLE,"GEIH 2025 (DANE, catalogo ANDA 853)","Umbral >3 sobre CUARTOS PARA DORMIR (P5010), no cuartos totales"
Cúcuta A.M.,54,2025,Ene-Dic (12 meses),hacinamiento,Hogares con hacinamiento critico NBI (>3 personas/cuarto TOTAL),1.06,,,,,8220,,PRECAUCION,"GEIH 2025 (DANE, catalogo ANDA 853)",Definicion oficial DANE-NBI (cuartos totales incl. sala-comedor)
Cúcuta A.M.,54,2025,Ene-Dic (12 meses),hacinamiento,Personas por cuarto para dormir - mediana,1.5,,,,,8220,,ACEPTABLE,"GEIH 2025 (DANE, catalogo ANDA 853)",
Cúcuta A.M.,54,2025,Ene-Dic (12 meses),hacinamiento,Personas por cuarto para dormir - promedio,1.75,0.0104,1.7327,1.7724,1.4291,8220,0.5912,EXCELENTE,"GEIH 2025 (DANE, catalogo ANDA 853)",
Cúcuta A.M.,54,2025,Ene-Dic (12 meses),ingreso_pobreza,% arrendatarios en pobreza monetaria,30.98,,,,,3297,,ACEPTABLE,"Pobreza Monetaria 2025 (DANE, catalogo ANDA 908)",
Cúcuta A.M.,54,2025,Ene-Dic (12 meses),ingreso_pobreza,% hogares no pobres que viven en arriendo,38.99,,,,,6095,,ACEPTABLE,"Pobreza Monetaria 2025 (DANE, catalogo ANDA 908)",
Cúcuta A.M.,54,2025,Ene-Dic (12 meses),ingreso_pobreza,% hogares pobres que viven en arriendo,49.72,,,,,2125,,ACEPTABLE,"Pobreza Monetaria 2025 (DANE, catalogo ANDA 908)",
Cúcuta A.M.,54,2025,Ene-Dic (12 meses),ingreso_pobreza,% propietarios en pobreza monetaria,11.43,,,,,2567,,ACEPTABLE,"Pobreza Monetaria 2025 (DANE, catalogo ANDA 908)",
Cúcuta A.M.,54,2025,Ene-Dic (12 meses),ingreso_pobreza,Brecha de ingreso propietarios vs arrendatarios,36.02,,,,,0,,NO_APLICA,"Pobreza Monetaria 2025 (DANE, catalogo ANDA 908)",(+) = propietarios ganan mas; calculado sobre medianas ponderadas
Cúcuta A.M.,54,2025,Ene-Dic (12 meses),ingreso_pobreza,Ingreso mediano hogares arrendatarios,2000000.0,,,,,3278,,ACEPTABLE,"Pobreza Monetaria 2025 (DANE, catalogo ANDA 908)",ingtotug = ingreso total unidad de gasto SIN imputar arriendo
Cúcuta A.M.,54,2025,Ene-Dic (12 meses),ingreso_pobreza,Ingreso mediano hogares propietarios,2720433.69,,,,,2559,,ACEPTABLE,"Pobreza Monetaria 2025 (DANE, catalogo ANDA 908)",ingtotug = ingreso total unidad de gasto SIN imputar arriendo
Cúcuta A.M.,54,2025,Ene-Dic (12 meses),servicios_publicos,Hogares sin acueducto,1.02,0.1407,0.7864,1.3394,1.6051,8220,13.7390,ACEPTABLE,"GEIH 2025 (DANE, catalogo ANDA 853)",
Cúcuta A.M.,54,2025,Ene-Dic (12 meses),servicios_publicos,Hogares sin alcantarillado,5.29,0.3254,4.7106,5.9523,1.7365,8220,6.1475,ACEPTABLE,"GEIH 2025 (DANE, catalogo ANDA 853)",
Cúcuta A.M.,54,2025,Ene-Dic (12 meses),servicios_publicos,Hogares sin energia electrica,0.03,0.0196,0.0000,0.0712,1.1062,8220,68.7024,NO PUBLICAR,"GEIH 2025 (DANE, catalogo ANDA 853)",
Cúcuta A.M.,54,2025,Ene-Dic (12 meses),servicios_publicos,Hogares sin gas natural conectado a red,23.73,0.5897,22.5535,24.8482,1.5791,8220,2.4846,EXCELENTE,"GEIH 2025 (DANE, catalogo ANDA 853)",
Cúcuta A.M.,54,2025,Ene-Dic (12 meses),servicios_publicos,Hogares sin recoleccion de basuras,0.65,0.1299,0.4307,0.9101,2.1510,8220,20.0183,PRECAUCION,"GEIH 2025 (DANE, catalogo ANDA 853)",
Cúcuta A.M.,54,2025,Ene-Dic (12 meses),tenencia,Tenencia: En arriendo o subarriendo,41.78,0.6532,40.4652,43.0494,1.4417,3297,1.5633,EXCELENTE,"GEIH 2025 (DANE, catalogo ANDA 853)",
Cúcuta A.M.,54,2025,Ene-Dic (12 meses),tenencia,Tenencia: En usufructo,14.79,0.4585,14.0060,15.7071,1.3712,1300,3.1004,EXCELENTE,"GEIH 2025 (DANE, catalogo ANDA 853)",
Cúcuta A.M.,54,2025,Ene-Dic (12 meses),tenencia,Tenencia: Otra,0.03,0.0161,0.0000,0.0652,0.7990,3,60.2738,NO PUBLICAR,"GEIH 2025 (DANE, catalogo ANDA 853)",
Cúcuta A.M.,54,2025,Ene-Dic (12 meses),tenencia,Tenencia: Posesion sin titulo,11.26,0.3874,10.5730,12.0821,1.2353,922,3.4421,EXCELENTE,"GEIH 2025 (DANE, catalogo ANDA 853)",
Cúcuta A.M.,54,2025,Ene-Dic (12 meses),tenencia,"Tenencia: Propia, la estan pagando",3.4,0.2523,2.9180,3.8396,1.5944,230,7.4281,ACEPTABLE,"GEIH 2025 (DANE, catalogo ANDA 853)",
Cúcuta A.M.,54,2025,Ene-Dic (12 meses),tenencia,"Tenencia: Propia, totalmente pagada",27.27,0.5672,26.1679,28.4158,1.3330,2337,2.0794,EXCELENTE,"GEIH 2025 (DANE, catalogo ANDA 853)",
Cúcuta A.M.,54,2025,Ene-Dic (12 meses),tenencia,Tenencia: Propiedad colectiva,1.48,0.1454,1.2167,1.7851,1.1950,131,9.8502,ACEPTABLE,"GEIH 2025 (DANE, catalogo ANDA 853)",
Cúcuta A.M.,54,2025,Ene-Dic (12 meses),tenencia,Tenencia: suma de categorias (control),100.0,,,,,8220,,NO_APLICA,"GEIH 2025 (DANE, catalogo ANDA 853)",Control de auditoria: debe ser 100% +/-0.1pp
Cúcuta A.M.,54,2025,Ene-Dic (12 meses),vivienda_propia_credito,Arriendo imputado (estimado) - P25,350000.0,,,,,4871,,ACEPTABLE,"GEIH 2025 (DANE, catalogo ANDA 853)",27 registro(s) excluidos por valor extremo
Cúcuta A.M.,54,2025,Ene-Dic (12 meses),vivienda_propia_credito,Arriendo imputado (estimado) - P75,600000.0,,,,,4871,,ACEPTABLE,"GEIH 2025 (DANE, catalogo ANDA 853)",27 registro(s) excluidos por valor extremo
Cúcuta A.M.,54,2025,Ene-Dic (12 meses),vivienda_propia_credito,Arriendo imputado (estimado) - mediana,500000.0,0.0000,500000.0000,500000.0000,0.0000,4871,0.0000,EXCELENTE,"GEIH 2025 (DANE, catalogo ANDA 853)",27 registro(s) excluidos por valor extremo
Cúcuta A.M.,54,2025,Ene-Dic (12 meses),vivienda_propia_credito,Arriendo imputado (estimado) - promedio,554891.62,6321.1294,541007.6173,566842.4342,1.5519,4871,1.1392,EXCELENTE,"GEIH 2025 (DANE, catalogo ANDA 853)",27 registro(s) excluidos por valor extremo
Cúcuta A.M.,54,2025,Ene-Dic (12 meses),vivienda_propia_credito,Cuota hipotecaria mensual - P25,510000.0,,,,,226,,ACEPTABLE,"GEIH 2025 (DANE, catalogo ANDA 853)",
Cúcuta A.M.,54,2025,Ene-Dic (12 meses),vivienda_propia_credito,Cuota hipotecaria mensual - P75,1200000.0,,,,,226,,ACEPTABLE,"GEIH 2025 (DANE, catalogo ANDA 853)",
Cúcuta A.M.,54,2025,Ene-Dic (12 meses),vivienda_propia_credito,Cuota hipotecaria mensual - mediana,750000.0,48464.3178,648012.3072,800000.0000,0.8182,226,6.4619,ACEPTABLE,"GEIH 2025 (DANE, catalogo ANDA 853)",
Cúcuta A.M.,54,2025,Ene-Dic (12 meses),vivienda_propia_credito,Cuota hipotecaria mensual - promedio,958660.42,60222.3554,863097.5685,1089735.4269,1.2634,226,6.2819,ACEPTABLE,"GEIH 2025 (DANE, catalogo ANDA 853)",
Cúcuta A.M.,54,2025,Ene-Dic (12 meses),vivienda_propia_credito,Valor estimado de venta de la vivienda - P25,80000000.0,,,,,2438,,ACEPTABLE,"GEIH 2025 (DANE, catalogo ANDA 853)",8 registro(s) excluidos por valor extremo
Cúcuta A.M.,54,2025,Ene-Dic (12 meses),vivienda_propia_credito,Valor estimado de venta de la vivienda - P75,180000000.0,,,,,2438,,ACEPTABLE,"GEIH 2025 (DANE, catalogo ANDA 853)",8 registro(s) excluidos por valor extremo
Cúcuta A.M.,54,2025,Ene-Dic (12 meses),vivienda_propia_credito,Valor estimado de venta de la vivienda - mediana,120000000.0,5098126.2929,100000000.0000,120000000.0000,5.3127,2438,4.2484,EXCELENTE,"GEIH 2025 (DANE, catalogo ANDA 853)",8 registro(s) excluidos por valor extremo
Cúcuta A.M.,54,2025,Ene-Dic (12 meses),vivienda_propia_credito,Valor estimado de venta de la vivienda - promedio,144736953.89,2567680.0916,139815292.9552,149964351.4497,1.3477,2438,1.7740,EXCELENTE,"GEIH 2025 (DANE, catalogo ANDA 853)",8 registro(s) excluidos por valor extremo
Cúcuta A.M.,54,2026*,Ene-Jun (parcial),arriendo,Canon de arriendo mensual - P25,400000.0,,,,,1647,,ACEPTABLE,"GEIH 2026 Ene-Jun (DANE, catalogo ANDA 900)",3 registro(s) excluidos por valor extremo
Cúcuta A.M.,54,2026*,Ene-Jun (parcial),arriendo,Canon de arriendo mensual - P75,700000.0,,,,,1647,,ACEPTABLE,"GEIH 2026 Ene-Jun (DANE, catalogo ANDA 900)",3 registro(s) excluidos por valor extremo
Cúcuta A.M.,54,2026*,Ene-Jun (parcial),arriendo,Canon de arriendo mensual - mediana,500000.0,2342.3575,500000.0000,500000.0000,0.0720,1647,0.4685,EXCELENTE,"GEIH 2026 Ene-Jun (DANE, catalogo ANDA 900)",3 registro(s) excluidos por valor extremo
Cúcuta A.M.,54,2026*,Ene-Jun (parcial),arriendo,Canon de arriendo mensual - promedio,611592.35,12608.7925,588038.5660,634728.1504,2.0861,1647,2.0616,EXCELENTE,"GEIH 2026 Ene-Jun (DANE, catalogo ANDA 900)",3 registro(s) excluidos por valor extremo
Cúcuta A.M.,54,2026*,Ene-Jun (parcial),deficit_habitacional,Deficit habitacional cualitativo,ND - pendiente Fase 2 (ECV),,,,,0,,ND,ECV (fuera de alcance Fase 1),ND - pendiente Fase 2 (ECV): fuente fuera de alcance de Fase 1
Cúcuta A.M.,54,2026*,Ene-Jun (parcial),deficit_habitacional,Deficit habitacional cuantitativo,ND - pendiente Fase 2 (ECV),,,,,0,,ND,ECV (fuera de alcance Fase 1),ND - pendiente Fase 2 (ECV): fuente fuera de alcance de Fase 1
Cúcuta A.M.,54,2026*,Ene-Jun (parcial),deficit_habitacional,Distribucion por estrato socioeconomico,ND - pendiente Fase 2 (ECV),,,,,0,,ND,ECV (fuera de alcance Fase 1),ND - pendiente Fase 2 (ECV): fuente fuera de alcance de Fase 1
Cúcuta A.M.,54,2026*,Ene-Jun (parcial),esfuerzo_financiero,Arrendatarios que destinan >30% del ingreso al arriendo,ND,,,,,0,,ND,ND - DANE no publica Pobreza Monetaria 2026,DANE no publica Medicion de Pobreza Monetaria y Desigualdad 2026 (requiere año calendario completo); no se calcula ni se extrapola
Cúcuta A.M.,54,2026*,Ene-Jun (parcial),esfuerzo_financiero,Arrendatarios que destinan >50% del ingreso al arriendo,ND,,,,,0,,ND,ND - DANE no publica Pobreza Monetaria 2026,DANE no publica Medicion de Pobreza Monetaria y Desigualdad 2026 (requiere año calendario completo); no se calcula ni se extrapola
Cúcuta A.M.,54,2026*,Ene-Jun (parcial),esfuerzo_financiero,Arriendo/ingreso del hogar (mediana),ND,,,,,0,,ND,ND - DANE no publica Pobreza Monetaria 2026,DANE no publica Medicion de Pobreza Monetaria y Desigualdad 2026 (requiere año calendario completo); no se calcula ni se extrapola
Cúcuta A.M.,54,2026*,Ene-Jun (parcial),hacinamiento,Hogares con hacinamiento (>3 personas/cuarto para dormir),3.88,0.3905,3.2081,4.6974,1.6689,4077,10.0755,ACEPTABLE,"GEIH 2026 Ene-Jun (DANE, catalogo ANDA 900)","Umbral >3 sobre CUARTOS PARA DORMIR (P5010), no cuartos totales"
Cúcuta A.M.,54,2026*,Ene-Jun (parcial),hacinamiento,Hogares con hacinamiento critico NBI (>3 personas/cuarto TOTAL),0.86,,,,,4077,,NO PUBLICAR,"GEIH 2026 Ene-Jun (DANE, catalogo ANDA 900)",Definicion oficial DANE-NBI (cuartos totales incl. sala-comedor)
Cúcuta A.M.,54,2026*,Ene-Jun (parcial),hacinamiento,Personas por cuarto para dormir - mediana,1.5,,,,,4077,,ACEPTABLE,"GEIH 2026 Ene-Jun (DANE, catalogo ANDA 900)",
Cúcuta A.M.,54,2026*,Ene-Jun (parcial),hacinamiento,Personas por cuarto para dormir - promedio,1.73,0.0163,1.7033,1.7678,1.6762,4077,0.9378,EXCELENTE,"GEIH 2026 Ene-Jun (DANE, catalogo ANDA 900)",
Cúcuta A.M.,54,2026*,Ene-Jun (parcial),ingreso_pobreza,% arrendatarios en pobreza monetaria,ND,,,,,0,,ND,ND - DANE no publica Pobreza Monetaria 2026,DANE no publica Medicion de Pobreza Monetaria y Desigualdad 2026 (requiere año calendario completo); no se calcula ni se extrapola
Cúcuta A.M.,54,2026*,Ene-Jun (parcial),ingreso_pobreza,% hogares no pobres que viven en arriendo,ND,,,,,0,,ND,ND - DANE no publica Pobreza Monetaria 2026,DANE no publica Medicion de Pobreza Monetaria y Desigualdad 2026 (requiere año calendario completo); no se calcula ni se extrapola
Cúcuta A.M.,54,2026*,Ene-Jun (parcial),ingreso_pobreza,% hogares pobres que viven en arriendo,ND,,,,,0,,ND,ND - DANE no publica Pobreza Monetaria 2026,DANE no publica Medicion de Pobreza Monetaria y Desigualdad 2026 (requiere año calendario completo); no se calcula ni se extrapola
Cúcuta A.M.,54,2026*,Ene-Jun (parcial),ingreso_pobreza,% propietarios en pobreza monetaria,ND,,,,,0,,ND,ND - DANE no publica Pobreza Monetaria 2026,DANE no publica Medicion de Pobreza Monetaria y Desigualdad 2026 (requiere año calendario completo); no se calcula ni se extrapola
Cúcuta A.M.,54,2026*,Ene-Jun (parcial),ingreso_pobreza,Brecha de ingreso propietarios vs arrendatarios,ND,,,,,0,,ND,ND - DANE no publica Pobreza Monetaria 2026,DANE no publica Medicion de Pobreza Monetaria y Desigualdad 2026 (requiere año calendario completo); no se calcula ni se extrapola
Cúcuta A.M.,54,2026*,Ene-Jun (parcial),ingreso_pobreza,Ingreso mediano hogares arrendatarios,ND,,,,,0,,ND,ND - DANE no publica Pobreza Monetaria 2026,DANE no publica Medicion de Pobreza Monetaria y Desigualdad 2026 (requiere año calendario completo); no se calcula ni se extrapola
Cúcuta A.M.,54,2026*,Ene-Jun (parcial),ingreso_pobreza,Ingreso mediano hogares propietarios,ND,,,,,0,,ND,ND - DANE no publica Pobreza Monetaria 2026,DANE no publica Medicion de Pobreza Monetaria y Desigualdad 2026 (requiere año calendario completo); no se calcula ni se extrapola
Cúcuta A.M.,54,2026*,Ene-Jun (parcial),servicios_publicos,Hogares sin acueducto,2.23,0.3615,1.5676,3.0002,2.4410,4077,16.1945,PRECAUCION,"GEIH 2026 Ene-Jun (DANE, catalogo ANDA 900)",
Cúcuta A.M.,54,2026*,Ene-Jun (parcial),servicios_publicos,Hogares sin alcantarillado,3.72,0.3276,3.0817,4.3150,1.2227,4077,8.8151,ACEPTABLE,"GEIH 2026 Ene-Jun (DANE, catalogo ANDA 900)",
Cúcuta A.M.,54,2026*,Ene-Jun (parcial),servicios_publicos,Hogares sin energia electrica,0.06,0.0418,0.0000,0.1478,1.2012,4077,70.4240,NO PUBLICAR,"GEIH 2026 Ene-Jun (DANE, catalogo ANDA 900)",
Cúcuta A.M.,54,2026*,Ene-Jun (parcial),servicios_publicos,Hogares sin gas natural conectado a red,22.48,0.7209,21.0250,23.7916,1.2159,4077,3.2068,EXCELENTE,"GEIH 2026 Ene-Jun (DANE, catalogo ANDA 900)",
Cúcuta A.M.,54,2026*,Ene-Jun (parcial),servicios_publicos,Hogares sin recoleccion de basuras,0.27,0.1008,0.1023,0.4989,1.5293,4077,37.1182,NO PUBLICAR,"GEIH 2026 Ene-Jun (DANE, catalogo ANDA 900)",
Cúcuta A.M.,54,2026*,Ene-Jun (parcial),tenencia,Tenencia: En arriendo o subarriendo,41.46,0.9066,39.8279,43.2025,1.3807,1650,2.1869,EXCELENTE,"GEIH 2026 Ene-Jun (DANE, catalogo ANDA 900)",
Cúcuta A.M.,54,2026*,Ene-Jun (parcial),tenencia,Tenencia: En usufructo,16.55,0.6693,15.3236,17.9154,1.3225,728,4.0447,EXCELENTE,"GEIH 2026 Ene-Jun (DANE, catalogo ANDA 900)",
Cúcuta A.M.,54,2026*,Ene-Jun (parcial),tenencia,Tenencia: Otra,0.0,0.0000,0.0000,0.0000,,0,,ACEPTABLE,"GEIH 2026 Ene-Jun (DANE, catalogo ANDA 900)",
Cúcuta A.M.,54,2026*,Ene-Jun (parcial),tenencia,Tenencia: Posesion sin titulo,11.52,0.5122,10.5810,12.5109,1.0491,478,4.4448,EXCELENTE,"GEIH 2026 Ene-Jun (DANE, catalogo ANDA 900)",
Cúcuta A.M.,54,2026*,Ene-Jun (parcial),tenencia,"Tenencia: Propia, la estan pagando",6.29,0.5342,5.4687,7.4738,1.9725,185,8.4865,ACEPTABLE,"GEIH 2026 Ene-Jun (DANE, catalogo ANDA 900)",
Cúcuta A.M.,54,2026*,Ene-Jun (parcial),tenencia,"Tenencia: Propia, totalmente pagada",23.11,0.7968,21.5691,24.4910,1.4567,988,3.4483,EXCELENTE,"GEIH 2026 Ene-Jun (DANE, catalogo ANDA 900)",
Cúcuta A.M.,54,2026*,Ene-Jun (parcial),tenencia,Tenencia: Propiedad colectiva,1.07,0.1732,0.7617,1.4028,1.1530,48,16.1497,PRECAUCION,"GEIH 2026 Ene-Jun (DANE, catalogo ANDA 900)",
Cúcuta A.M.,54,2026*,Ene-Jun (parcial),tenencia,Tenencia: suma de categorias (control),100.0,,,,,4077,,NO_APLICA,"GEIH 2026 Ene-Jun (DANE, catalogo ANDA 900)",Control de auditoria: debe ser 100% +/-0.1pp
Cúcuta A.M.,54,2026*,Ene-Jun (parcial),vivienda_propia_credito,Arriendo imputado (estimado) - P25,400000.0,,,,,2401,,ACEPTABLE,"GEIH 2026 Ene-Jun (DANE, catalogo ANDA 900)",19 registro(s) excluidos por valor extremo
Cúcuta A.M.,54,2026*,Ene-Jun (parcial),vivienda_propia_credito,Arriendo imputado (estimado) - P75,800000.0,,,,,2401,,ACEPTABLE,"GEIH 2026 Ene-Jun (DANE, catalogo ANDA 900)",19 registro(s) excluidos por valor extremo
Cúcuta A.M.,54,2026*,Ene-Jun (parcial),vivienda_propia_credito,Arriendo imputado (estimado) - mediana,500000.0,5744.4656,500000.0000,500000.0000,0.3493,2401,1.1489,EXCELENTE,"GEIH 2026 Ene-Jun (DANE, catalogo ANDA 900)",19 registro(s) excluidos por valor extremo
Cúcuta A.M.,54,2026*,Ene-Jun (parcial),vivienda_propia_credito,Arriendo imputado (estimado) - promedio,671856.51,14166.0380,645077.2041,700804.8680,2.1239,2401,2.1085,EXCELENTE,"GEIH 2026 Ene-Jun (DANE, catalogo ANDA 900)",19 registro(s) excluidos por valor extremo
Cúcuta A.M.,54,2026*,Ene-Jun (parcial),vivienda_propia_credito,Cuota hipotecaria mensual - P25,479625.02,,,,,184,,ACEPTABLE,"GEIH 2026 Ene-Jun (DANE, catalogo ANDA 900)",
Cúcuta A.M.,54,2026*,Ene-Jun (parcial),vivienda_propia_credito,Cuota hipotecaria mensual - P75,1500000.0,,,,,184,,ACEPTABLE,"GEIH 2026 Ene-Jun (DANE, catalogo ANDA 900)",
Cúcuta A.M.,54,2026*,Ene-Jun (parcial),vivienda_propia_credito,Cuota hipotecaria mensual - mediana,750000.0,85572.4367,644426.9816,1000000.0000,1.1744,184,11.4097,ACEPTABLE,"GEIH 2026 Ene-Jun (DANE, catalogo ANDA 900)",
Cúcuta A.M.,54,2026*,Ene-Jun (parcial),vivienda_propia_credito,Cuota hipotecaria mensual - promedio,1134782.49,101951.6828,961570.5174,1359840.1552,1.6669,184,8.9842,ACEPTABLE,"GEIH 2026 Ene-Jun (DANE, catalogo ANDA 900)",
Cúcuta A.M.,54,2026*,Ene-Jun (parcial),vivienda_propia_credito,Valor estimado de venta de la vivienda - P25,80000000.0,,,,,1150,,ACEPTABLE,"GEIH 2026 Ene-Jun (DANE, catalogo ANDA 900)",5 registro(s) excluidos por valor extremo
Cúcuta A.M.,54,2026*,Ene-Jun (parcial),vivienda_propia_credito,Valor estimado de venta de la vivienda - P75,220000000.0,,,,,1150,,ACEPTABLE,"GEIH 2026 Ene-Jun (DANE, catalogo ANDA 900)",5 registro(s) excluidos por valor extremo
Cúcuta A.M.,54,2026*,Ene-Jun (parcial),vivienda_propia_credito,Valor estimado de venta de la vivienda - mediana,144942974.59,7150808.2749,130000000.0000,150000000.0000,2.0708,1150,4.9335,EXCELENTE,"GEIH 2026 Ene-Jun (DANE, catalogo ANDA 900)",5 registro(s) excluidos por valor extremo
Cúcuta A.M.,54,2026*,Ene-Jun (parcial),vivienda_propia_credito,Valor estimado de venta de la vivienda - promedio,185589172.31,6402766.1371,173065601.3984,198597121.7581,1.6602,1150,3.4500,EXCELENTE,"GEIH 2026 Ene-Jun (DANE, catalogo ANDA 900)",5 registro(s) excluidos por valor extremo
Florencia,18,2023,Ene-Dic (12 meses),arriendo,Canon de arriendo mensual - P25,300000.0,,,,,3663,,ACEPTABLE,"GEIH 2023 (DANE, catalogo ANDA 782)",14 registro(s) excluidos por valor extremo
Florencia,18,2023,Ene-Dic (12 meses),arriendo,Canon de arriendo mensual - P75,480000.0,,,,,3663,,ACEPTABLE,"GEIH 2023 (DANE, catalogo ANDA 782)",14 registro(s) excluidos por valor extremo
Florencia,18,2023,Ene-Dic (12 meses),arriendo,Canon de arriendo mensual - mediana,350000.0,8329.7535,350000.0000,380000.0000,6.2512,3663,2.3799,EXCELENTE,"GEIH 2023 (DANE, catalogo ANDA 782)",14 registro(s) excluidos por valor extremo
Florencia,18,2023,Ene-Dic (12 meses),arriendo,Canon de arriendo mensual - promedio,403167.47,3739.0372,395234.0265,410087.2098,1.2596,3663,0.9274,EXCELENTE,"GEIH 2023 (DANE, catalogo ANDA 782)",14 registro(s) excluidos por valor extremo
Florencia,18,2023,Ene-Dic (12 meses),deficit_habitacional,Deficit habitacional cualitativo,ND - pendiente Fase 2 (ECV),,,,,0,,ND,ECV (fuera de alcance Fase 1),ND - pendiente Fase 2 (ECV): fuente fuera de alcance de Fase 1
Florencia,18,2023,Ene-Dic (12 meses),deficit_habitacional,Deficit habitacional cuantitativo,ND - pendiente Fase 2 (ECV),,,,,0,,ND,ECV (fuera de alcance Fase 1),ND - pendiente Fase 2 (ECV): fuente fuera de alcance de Fase 1
Florencia,18,2023,Ene-Dic (12 meses),deficit_habitacional,Distribucion por estrato socioeconomico,ND - pendiente Fase 2 (ECV),,,,,0,,ND,ECV (fuera de alcance Fase 1),ND - pendiente Fase 2 (ECV): fuente fuera de alcance de Fase 1
Florencia,18,2023,Ene-Dic (12 meses),esfuerzo_financiero,Arrendatarios que destinan >30% del ingreso al arriendo,34.86,,,,,3599,,ACEPTABLE,"Pobreza Monetaria 2023 (DANE, catalogo ANDA 835)",sobrecarga (>30%)
Florencia,18,2023,Ene-Dic (12 meses),esfuerzo_financiero,Arrendatarios que destinan >50% del ingreso al arriendo,15.63,,,,,3599,,ACEPTABLE,"Pobreza Monetaria 2023 (DANE, catalogo ANDA 835)",sobrecarga severa (>50%)
Florencia,18,2023,Ene-Dic (12 meses),esfuerzo_financiero,Arriendo/ingreso del hogar (mediana),22.55,,,,,3599,,ACEPTABLE,"Pobreza Monetaria 2023 (DANE, catalogo ANDA 835)",Merge con 99.6% de coincidencia
Florencia,18,2023,Ene-Dic (12 meses),hacinamiento,Hogares con hacinamiento (>3 personas/cuarto para dormir),2.79,0.1989,2.4361,3.1657,1.1332,7761,7.1368,ACEPTABLE,"GEIH 2023 (DANE, catalogo ANDA 782)","Umbral >3 sobre CUARTOS PARA DORMIR (P5010), no cuartos totales"
Florencia,18,2023,Ene-Dic (12 meses),hacinamiento,Hogares con hacinamiento critico NBI (>3 personas/cuarto TOTAL),1.0,,,,,7761,,PRECAUCION,"GEIH 2023 (DANE, catalogo ANDA 782)",Definicion oficial DANE-NBI (cuartos totales incl. sala-comedor)
Florencia,18,2023,Ene-Dic (12 meses),hacinamiento,Personas por cuarto para dormir - mediana,1.5,,,,,7761,,ACEPTABLE,"GEIH 2023 (DANE, catalogo ANDA 782)",
Florencia,18,2023,Ene-Dic (12 meses),hacinamiento,Personas por cuarto para dormir - promedio,1.57,0.0097,1.5497,1.5885,1.2168,7761,0.6190,EXCELENTE,"GEIH 2023 (DANE, catalogo ANDA 782)",
Florencia,18,2023,Ene-Dic (12 meses),ingreso_pobreza,% arrendatarios en pobreza monetaria,38.72,,,,,3678,,ACEPTABLE,"Pobreza Monetaria 2023 (DANE, catalogo ANDA 835)",
Florencia,18,2023,Ene-Dic (12 meses),ingreso_pobreza,% hogares no pobres que viven en arriendo,48.94,,,,,4664,,ACEPTABLE,"Pobreza Monetaria 2023 (DANE, catalogo ANDA 835)",
Florencia,18,2023,Ene-Dic (12 meses),ingreso_pobreza,% hogares pobres que viven en arriendo,48.96,,,,,3097,,ACEPTABLE,"Pobreza Monetaria 2023 (DANE, catalogo ANDA 835)",
Florencia,18,2023,Ene-Dic (12 meses),ingreso_pobreza,% propietarios en pobreza monetaria,25.4,,,,,1914,,ACEPTABLE,"Pobreza Monetaria 2023 (DANE, catalogo ANDA 835)",
Florencia,18,2023,Ene-Dic (12 meses),ingreso_pobreza,Brecha de ingreso propietarios vs arrendatarios,33.29,,,,,0,,NO_APLICA,"Pobreza Monetaria 2023 (DANE, catalogo ANDA 835)",(+) = propietarios ganan mas; calculado sobre medianas ponderadas
Florencia,18,2023,Ene-Dic (12 meses),ingreso_pobreza,Ingreso mediano hogares arrendatarios,1500509.3,,,,,3614,,ACEPTABLE,"Pobreza Monetaria 2023 (DANE, catalogo ANDA 835)",ingtotug = ingreso total unidad de gasto SIN imputar arriendo
Florencia,18,2023,Ene-Dic (12 meses),ingreso_pobreza,Ingreso mediano hogares propietarios,2000000.0,,,,,1885,,ACEPTABLE,"Pobreza Monetaria 2023 (DANE, catalogo ANDA 835)",ingtotug = ingreso total unidad de gasto SIN imputar arriendo
Florencia,18,2023,Ene-Dic (12 meses),servicios_publicos,Hogares sin acueducto,1.27,0.1227,1.0468,1.5001,0.9307,7761,9.6483,ACEPTABLE,"GEIH 2023 (DANE, catalogo ANDA 782)",
Florencia,18,2023,Ene-Dic (12 meses),servicios_publicos,Hogares sin alcantarillado,10.93,0.3683,10.2905,11.7147,1.0816,7761,3.3707,EXCELENTE,"GEIH 2023 (DANE, catalogo ANDA 782)",
Florencia,18,2023,Ene-Dic (12 meses),servicios_publicos,Hogares sin energia electrica,0.12,0.0404,0.0454,0.2046,1.0867,7761,34.6333,NO PUBLICAR,"GEIH 2023 (DANE, catalogo ANDA 782)",
Florencia,18,2023,Ene-Dic (12 meses),servicios_publicos,Hogares sin gas natural conectado a red,13.46,0.4039,12.6899,14.2328,1.0868,7761,3.0005,EXCELENTE,"GEIH 2023 (DANE, catalogo ANDA 782)",
Florencia,18,2023,Ene-Dic (12 meses),servicios_publicos,Hogares sin recoleccion de basuras,0.22,0.0477,0.1374,0.3157,0.8091,7761,21.8194,PRECAUCION,"GEIH 2023 (DANE, catalogo ANDA 782)",
Florencia,18,2023,Ene-Dic (12 meses),tenencia,Tenencia: En arriendo o subarriendo,48.95,0.6287,47.5562,49.9757,1.2276,3678,1.2844,EXCELENTE,"GEIH 2023 (DANE, catalogo ANDA 782)",
Florencia,18,2023,Ene-Dic (12 meses),tenencia,Tenencia: En usufructo,15.62,0.4527,14.7547,16.4913,1.2069,1269,2.8987,EXCELENTE,"GEIH 2023 (DANE, catalogo ANDA 782)",
Florencia,18,2023,Ene-Dic (12 meses),tenencia,Tenencia: Otra,3.96,0.2351,3.4578,4.4156,1.1271,326,5.9312,ACEPTABLE,"GEIH 2023 (DANE, catalogo ANDA 782)",
Florencia,18,2023,Ene-Dic (12 meses),tenencia,Tenencia: Posesion sin titulo,4.28,0.2443,3.8154,4.7896,1.1309,358,5.7101,ACEPTABLE,"GEIH 2023 (DANE, catalogo ANDA 782)",
Florencia,18,2023,Ene-Dic (12 meses),tenencia,"Tenencia: Propia, la estan pagando",2.28,0.1911,1.9490,2.6432,1.2742,164,8.3949,ACEPTABLE,"GEIH 2023 (DANE, catalogo ANDA 782)",
Florencia,18,2023,Ene-Dic (12 meses),tenencia,"Tenencia: Propia, totalmente pagada",22.02,0.5228,20.9740,23.0734,1.2352,1750,2.3738,EXCELENTE,"GEIH 2023 (DANE, catalogo ANDA 782)",
Florencia,18,2023,Ene-Dic (12 meses),tenencia,Tenencia: Propiedad colectiva,2.89,0.2027,2.5136,3.3120,1.1361,216,7.0120,ACEPTABLE,"GEIH 2023 (DANE, catalogo ANDA 782)",
Florencia,18,2023,Ene-Dic (12 meses),tenencia,Tenencia: suma de categorias (control),100.0,,,,,7761,,NO_APLICA,"GEIH 2023 (DANE, catalogo ANDA 782)",Control de auditoria: debe ser 100% +/-0.1pp
Florencia,18,2023,Ene-Dic (12 meses),vivienda_propia_credito,Arriendo imputado (estimado) - P25,250000.0,,,,,3669,,ACEPTABLE,"GEIH 2023 (DANE, catalogo ANDA 782)",78 registro(s) excluidos por valor extremo
Florencia,18,2023,Ene-Dic (12 meses),vivienda_propia_credito,Arriendo imputado (estimado) - P75,500000.0,,,,,3669,,ACEPTABLE,"GEIH 2023 (DANE, catalogo ANDA 782)",78 registro(s) excluidos por valor extremo
Florencia,18,2023,Ene-Dic (12 meses),vivienda_propia_credito,Arriendo imputado (estimado) - mediana,350000.0,9430.1379,300000.0000,350000.0000,5.4313,3669,2.6943,EXCELENTE,"GEIH 2023 (DANE, catalogo ANDA 782)",78 registro(s) excluidos por valor extremo
Florencia,18,2023,Ene-Dic (12 meses),vivienda_propia_credito,Arriendo imputado (estimado) - promedio,393719.97,4858.4349,385268.0755,403274.1019,1.4417,3669,1.2340,EXCELENTE,"GEIH 2023 (DANE, catalogo ANDA 782)",78 registro(s) excluidos por valor extremo
Florencia,18,2023,Ene-Dic (12 meses),vivienda_propia_credito,Cuota hipotecaria mensual - P25,400000.0,,,,,161,,PRECAUCION,"GEIH 2023 (DANE, catalogo ANDA 782)",2 registro(s) excluidos por valor extremo
Florencia,18,2023,Ene-Dic (12 meses),vivienda_propia_credito,Cuota hipotecaria mensual - P75,1162440.34,,,,,161,,PRECAUCION,"GEIH 2023 (DANE, catalogo ANDA 782)",2 registro(s) excluidos por valor extremo
Florencia,18,2023,Ene-Dic (12 meses),vivienda_propia_credito,Cuota hipotecaria mensual - mediana,641583.12,59667.3871,600000.0000,800000.0000,0.3174,161,9.3000,ACEPTABLE,"GEIH 2023 (DANE, catalogo ANDA 782)",2 registro(s) excluidos por valor extremo
Florencia,18,2023,Ene-Dic (12 meses),vivienda_propia_credito,Cuota hipotecaria mensual - promedio,1026412.19,123614.2207,824743.8765,1278828.1377,1.3621,161,12.0433,ACEPTABLE,"GEIH 2023 (DANE, catalogo ANDA 782)",2 registro(s) excluidos por valor extremo
Florencia,18,2023,Ene-Dic (12 meses),vivienda_propia_credito,Valor estimado de venta de la vivienda - P25,60000000.0,,,,,1255,,ACEPTABLE,"GEIH 2023 (DANE, catalogo ANDA 782)",39 registro(s) excluidos por valor extremo
Florencia,18,2023,Ene-Dic (12 meses),vivienda_propia_credito,Valor estimado de venta de la vivienda - P75,150000000.0,,,,,1255,,ACEPTABLE,"GEIH 2023 (DANE, catalogo ANDA 782)",39 registro(s) excluidos por valor extremo
Florencia,18,2023,Ene-Dic (12 meses),vivienda_propia_credito,Valor estimado de venta de la vivienda - mediana,100000000.0,1303403.8247,95000000.0000,100000000.0000,0.0693,1255,1.3034,EXCELENTE,"GEIH 2023 (DANE, catalogo ANDA 782)",39 registro(s) excluidos por valor extremo
Florencia,18,2023,Ene-Dic (12 meses),vivienda_propia_credito,Valor estimado de venta de la vivienda - promedio,134224692.88,5371877.2056,124007259.0266,145009693.5294,1.1774,1255,4.0022,EXCELENTE,"GEIH 2023 (DANE, catalogo ANDA 782)",39 registro(s) excluidos por valor extremo
Florencia,18,2024,Ene-Dic (12 meses),arriendo,Canon de arriendo mensual - P25,300000.0,,,,,3508,,ACEPTABLE,"GEIH 2024 (DANE, catalogo ANDA 819)",15 registro(s) excluidos por valor extremo
Florencia,18,2024,Ene-Dic (12 meses),arriendo,Canon de arriendo mensual - P75,500000.0,,,,,3508,,ACEPTABLE,"GEIH 2024 (DANE, catalogo ANDA 819)",15 registro(s) excluidos por valor extremo
Florencia,18,2024,Ene-Dic (12 meses),arriendo,Canon de arriendo mensual - mediana,400000.0,1726.8940,400000.0000,400000.0000,0.2732,3508,0.4317,EXCELENTE,"GEIH 2024 (DANE, catalogo ANDA 819)",15 registro(s) excluidos por valor extremo
Florencia,18,2024,Ene-Dic (12 meses),arriendo,Canon de arriendo mensual - promedio,420979.13,3712.8813,413835.7627,428575.5292,1.2628,3508,0.8820,EXCELENTE,"GEIH 2024 (DANE, catalogo ANDA 819)",15 registro(s) excluidos por valor extremo
Florencia,18,2024,Ene-Dic (12 meses),deficit_habitacional,Deficit habitacional cualitativo,ND - pendiente Fase 2 (ECV),,,,,0,,ND,ECV (fuera de alcance Fase 1),ND - pendiente Fase 2 (ECV): fuente fuera de alcance de Fase 1
Florencia,18,2024,Ene-Dic (12 meses),deficit_habitacional,Deficit habitacional cuantitativo,ND - pendiente Fase 2 (ECV),,,,,0,,ND,ECV (fuera de alcance Fase 1),ND - pendiente Fase 2 (ECV): fuente fuera de alcance de Fase 1
Florencia,18,2024,Ene-Dic (12 meses),deficit_habitacional,Distribucion por estrato socioeconomico,ND - pendiente Fase 2 (ECV),,,,,0,,ND,ECV (fuera de alcance Fase 1),ND - pendiente Fase 2 (ECV): fuente fuera de alcance de Fase 1
Florencia,18,2024,Ene-Dic (12 meses),esfuerzo_financiero,Arrendatarios que destinan >30% del ingreso al arriendo,32.68,,,,,3454,,ACEPTABLE,"Pobreza Monetaria 2024 (DANE, catalogo ANDA 874)",sobrecarga (>30%)
Florencia,18,2024,Ene-Dic (12 meses),esfuerzo_financiero,Arrendatarios que destinan >50% del ingreso al arriendo,13.26,,,,,3454,,ACEPTABLE,"Pobreza Monetaria 2024 (DANE, catalogo ANDA 874)",sobrecarga severa (>50%)
Florencia,18,2024,Ene-Dic (12 meses),esfuerzo_financiero,Arriendo/ingreso del hogar (mediana),22.29,,,,,3454,,ACEPTABLE,"Pobreza Monetaria 2024 (DANE, catalogo ANDA 874)",Merge con 99.5% de coincidencia
Florencia,18,2024,Ene-Dic (12 meses),hacinamiento,Hogares con hacinamiento (>3 personas/cuarto para dormir),2.47,0.1893,2.0769,2.8296,1.1600,7813,7.6502,ACEPTABLE,"GEIH 2024 (DANE, catalogo ANDA 819)","Umbral >3 sobre CUARTOS PARA DORMIR (P5010), no cuartos totales"
Florencia,18,2024,Ene-Dic (12 meses),hacinamiento,Hogares con hacinamiento critico NBI (>3 personas/cuarto TOTAL),0.84,,,,,7813,,PRECAUCION,"GEIH 2024 (DANE, catalogo ANDA 819)",Definicion oficial DANE-NBI (cuartos totales incl. sala-comedor)
Florencia,18,2024,Ene-Dic (12 meses),hacinamiento,Personas por cuarto para dormir - mediana,1.33,,,,,7813,,ACEPTABLE,"GEIH 2024 (DANE, catalogo ANDA 819)",
Florencia,18,2024,Ene-Dic (12 meses),hacinamiento,Personas por cuarto para dormir - promedio,1.53,0.0093,1.5105,1.5473,1.2169,7813,0.6070,EXCELENTE,"GEIH 2024 (DANE, catalogo ANDA 819)",
Florencia,18,2024,Ene-Dic (12 meses),ingreso_pobreza,% arrendatarios en pobreza monetaria,38.54,,,,,3526,,ACEPTABLE,"Pobreza Monetaria 2024 (DANE, catalogo ANDA 874)",
Florencia,18,2024,Ene-Dic (12 meses),ingreso_pobreza,% hogares no pobres que viven en arriendo,46.37,,,,,4805,,ACEPTABLE,"Pobreza Monetaria 2024 (DANE, catalogo ANDA 874)",
Florencia,18,2024,Ene-Dic (12 meses),ingreso_pobreza,% hogares pobres que viven en arriendo,49.45,,,,,3008,,ACEPTABLE,"Pobreza Monetaria 2024 (DANE, catalogo ANDA 874)",
Florencia,18,2024,Ene-Dic (12 meses),ingreso_pobreza,% propietarios en pobreza monetaria,25.28,,,,,2292,,ACEPTABLE,"Pobreza Monetaria 2024 (DANE, catalogo ANDA 874)",
Florencia,18,2024,Ene-Dic (12 meses),ingreso_pobreza,Brecha de ingreso propietarios vs arrendatarios,28.57,,,,,0,,NO_APLICA,"Pobreza Monetaria 2024 (DANE, catalogo ANDA 874)",(+) = propietarios ganan mas; calculado sobre medianas ponderadas
Florencia,18,2024,Ene-Dic (12 meses),ingreso_pobreza,Ingreso mediano hogares arrendatarios,1604449.62,,,,,3472,,ACEPTABLE,"Pobreza Monetaria 2024 (DANE, catalogo ANDA 874)",ingtotug = ingreso total unidad de gasto SIN imputar arriendo
Florencia,18,2024,Ene-Dic (12 meses),ingreso_pobreza,Ingreso mediano hogares propietarios,2062904.82,,,,,2244,,ACEPTABLE,"Pobreza Monetaria 2024 (DANE, catalogo ANDA 874)",ingtotug = ingreso total unidad de gasto SIN imputar arriendo
Florencia,18,2024,Ene-Dic (12 meses),servicios_publicos,Hogares sin acueducto,1.64,0.1492,1.3670,1.9384,1.0771,7813,9.0851,ACEPTABLE,"GEIH 2024 (DANE, catalogo ANDA 819)",
Florencia,18,2024,Ene-Dic (12 meses),servicios_publicos,Hogares sin alcantarillado,11.72,0.4010,11.0359,12.5869,1.2147,7813,3.4228,EXCELENTE,"GEIH 2024 (DANE, catalogo ANDA 819)",
Florencia,18,2024,Ene-Dic (12 meses),servicios_publicos,Hogares sin energia electrica,0.17,0.0512,0.0883,0.2782,1.1859,7813,29.5789,NO PUBLICAR,"GEIH 2024 (DANE, catalogo ANDA 819)",
Florencia,18,2024,Ene-Dic (12 meses),servicios_publicos,Hogares sin gas natural conectado a red,14.35,0.4478,13.5523,15.1894,1.2745,7813,3.1198,EXCELENTE,"GEIH 2024 (DANE, catalogo ANDA 819)",
Florencia,18,2024,Ene-Dic (12 meses),servicios_publicos,Hogares sin recoleccion de basuras,0.65,0.1072,0.4333,0.8539,1.3990,7813,16.5933,PRECAUCION,"GEIH 2024 (DANE, catalogo ANDA 819)",
Florencia,18,2024,Ene-Dic (12 meses),tenencia,Tenencia: En arriendo o subarriendo,47.51,0.6274,46.3277,48.6532,1.2331,3526,1.3205,EXCELENTE,"GEIH 2024 (DANE, catalogo ANDA 819)",
Florencia,18,2024,Ene-Dic (12 meses),tenencia,Tenencia: En usufructo,14.45,0.4214,13.7172,15.2994,1.1224,1183,2.9162,EXCELENTE,"GEIH 2024 (DANE, catalogo ANDA 819)",
Florencia,18,2024,Ene-Dic (12 meses),tenencia,Tenencia: Otra,3.8,0.2136,3.3656,4.1949,0.9741,314,5.6160,ACEPTABLE,"GEIH 2024 (DANE, catalogo ANDA 819)",
Florencia,18,2024,Ene-Dic (12 meses),tenencia,Tenencia: Posesion sin titulo,5.46,0.2659,4.9476,5.9800,1.0694,438,4.8660,EXCELENTE,"GEIH 2024 (DANE, catalogo ANDA 819)",
Florencia,18,2024,Ene-Dic (12 meses),tenencia,"Tenencia: Propia, la estan pagando",2.5,0.2034,2.1274,2.9345,1.3264,181,8.1367,ACEPTABLE,"GEIH 2024 (DANE, catalogo ANDA 819)",
Florencia,18,2024,Ene-Dic (12 meses),tenencia,"Tenencia: Propia, totalmente pagada",25.51,0.5364,24.3681,26.4828,1.1829,2111,2.1024,EXCELENTE,"GEIH 2024 (DANE, catalogo ANDA 819)",
Florencia,18,2024,Ene-Dic (12 meses),tenencia,Tenencia: Propiedad colectiva,0.76,0.1011,0.5676,0.9772,1.0603,60,13.3278,ACEPTABLE,"GEIH 2024 (DANE, catalogo ANDA 819)",
Florencia,18,2024,Ene-Dic (12 meses),tenencia,Tenencia: suma de categorias (control),100.0,,,,,7813,,NO_APLICA,"GEIH 2024 (DANE, catalogo ANDA 819)",Control de auditoria: debe ser 100% +/-0.1pp
Florencia,18,2024,Ene-Dic (12 meses),vivienda_propia_credito,Arriendo imputado (estimado) - P25,300000.0,,,,,3743,,ACEPTABLE,"GEIH 2024 (DANE, catalogo ANDA 819)",85 registro(s) excluidos por valor extremo
Florencia,18,2024,Ene-Dic (12 meses),vivienda_propia_credito,Arriendo imputado (estimado) - P75,500000.0,,,,,3743,,ACEPTABLE,"GEIH 2024 (DANE, catalogo ANDA 819)",85 registro(s) excluidos por valor extremo
Florencia,18,2024,Ene-Dic (12 meses),vivienda_propia_credito,Arriendo imputado (estimado) - mediana,380000.0,22657.6340,350000.0000,400000.0000,31.4430,3743,5.9625,ACEPTABLE,"GEIH 2024 (DANE, catalogo ANDA 819)",85 registro(s) excluidos por valor extremo
Florencia,18,2024,Ene-Dic (12 meses),vivienda_propia_credito,Arriendo imputado (estimado) - promedio,426111.24,4260.2594,418068.6628,433936.7006,1.1116,3743,0.9998,EXCELENTE,"GEIH 2024 (DANE, catalogo ANDA 819)",85 registro(s) excluidos por valor extremo
Florencia,18,2024,Ene-Dic (12 meses),vivienda_propia_credito,Cuota hipotecaria mensual - P25,474479.29,,,,,178,,ACEPTABLE,"GEIH 2024 (DANE, catalogo ANDA 819)",1 registro(s) excluidos por valor extremo
Florencia,18,2024,Ene-Dic (12 meses),vivienda_propia_credito,Cuota hipotecaria mensual - P75,1225716.85,,,,,178,,ACEPTABLE,"GEIH 2024 (DANE, catalogo ANDA 819)",1 registro(s) excluidos por valor extremo
Florencia,18,2024,Ene-Dic (12 meses),vivienda_propia_credito,Cuota hipotecaria mensual - mediana,800000.0,45774.1151,682826.3337,850000.0000,0.6754,178,5.7218,ACEPTABLE,"GEIH 2024 (DANE, catalogo ANDA 819)",1 registro(s) excluidos por valor extremo
Florencia,18,2024,Ene-Dic (12 meses),vivienda_propia_credito,Cuota hipotecaria mensual - promedio,966806.6,66479.2096,838325.0538,1096587.3486,1.4246,178,6.8762,ACEPTABLE,"GEIH 2024 (DANE, catalogo ANDA 819)",1 registro(s) excluidos por valor extremo
Florencia,18,2024,Ene-Dic (12 meses),vivienda_propia_credito,Valor estimado de venta de la vivienda - P25,70000000.0,,,,,1555,,ACEPTABLE,"GEIH 2024 (DANE, catalogo ANDA 819)",18 registro(s) excluidos por valor extremo
Florencia,18,2024,Ene-Dic (12 meses),vivienda_propia_credito,Valor estimado de venta de la vivienda - P75,160000000.0,,,,,1555,,ACEPTABLE,"GEIH 2024 (DANE, catalogo ANDA 819)",18 registro(s) excluidos por valor extremo
Florencia,18,2024,Ene-Dic (12 meses),vivienda_propia_credito,Valor estimado de venta de la vivienda - mediana,100000000.0,6751482.7352,100000000.0000,120000000.0000,6.4804,1555,6.7515,ACEPTABLE,"GEIH 2024 (DANE, catalogo ANDA 819)",18 registro(s) excluidos por valor extremo
Florencia,18,2024,Ene-Dic (12 meses),vivienda_propia_credito,Valor estimado de venta de la vivienda - promedio,134324401.79,2833085.5807,129729999.7336,140148205.8059,1.1411,1555,2.1091,EXCELENTE,"GEIH 2024 (DANE, catalogo ANDA 819)",18 registro(s) excluidos por valor extremo
Florencia,18,2025,Ene-Dic (12 meses),arriendo,Canon de arriendo mensual - P25,350000.0,,,,,3793,,ACEPTABLE,"GEIH 2025 (DANE, catalogo ANDA 853)",15 registro(s) excluidos por valor extremo
Florencia,18,2025,Ene-Dic (12 meses),arriendo,Canon de arriendo mensual - P75,550000.0,,,,,3793,,ACEPTABLE,"GEIH 2025 (DANE, catalogo ANDA 853)",15 registro(s) excluidos por valor extremo
Florencia,18,2025,Ene-Dic (12 meses),arriendo,Canon de arriendo mensual - mediana,400000.0,11452.6183,400000.0000,430937.4784,9.9928,3793,2.8632,EXCELENTE,"GEIH 2025 (DANE, catalogo ANDA 853)",15 registro(s) excluidos por valor extremo
Florencia,18,2025,Ene-Dic (12 meses),arriendo,Canon de arriendo mensual - promedio,469124.82,3948.2431,461662.0031,477245.7684,1.1876,3793,0.8416,EXCELENTE,"GEIH 2025 (DANE, catalogo ANDA 853)",15 registro(s) excluidos por valor extremo
Florencia,18,2025,Ene-Dic (12 meses),deficit_habitacional,Deficit habitacional cualitativo,ND - pendiente Fase 2 (ECV),,,,,0,,ND,ECV (fuera de alcance Fase 1),ND - pendiente Fase 2 (ECV): fuente fuera de alcance de Fase 1
Florencia,18,2025,Ene-Dic (12 meses),deficit_habitacional,Deficit habitacional cuantitativo,ND - pendiente Fase 2 (ECV),,,,,0,,ND,ECV (fuera de alcance Fase 1),ND - pendiente Fase 2 (ECV): fuente fuera de alcance de Fase 1
Florencia,18,2025,Ene-Dic (12 meses),deficit_habitacional,Distribucion por estrato socioeconomico,ND - pendiente Fase 2 (ECV),,,,,0,,ND,ECV (fuera de alcance Fase 1),ND - pendiente Fase 2 (ECV): fuente fuera de alcance de Fase 1
Florencia,18,2025,Ene-Dic (12 meses),esfuerzo_financiero,Arrendatarios que destinan >30% del ingreso al arriendo,30.96,,,,,3741,,ACEPTABLE,"Pobreza Monetaria 2025 (DANE, catalogo ANDA 908)",sobrecarga (>30%)
Florencia,18,2025,Ene-Dic (12 meses),esfuerzo_financiero,Arrendatarios que destinan >50% del ingreso al arriendo,14.24,,,,,3741,,ACEPTABLE,"Pobreza Monetaria 2025 (DANE, catalogo ANDA 908)",sobrecarga severa (>50%)
Florencia,18,2025,Ene-Dic (12 meses),esfuerzo_financiero,Arriendo/ingreso del hogar (mediana),21.66,,,,,3741,,ACEPTABLE,"Pobreza Monetaria 2025 (DANE, catalogo ANDA 908)",Merge con 99.5% de coincidencia
Florencia,18,2025,Ene-Dic (12 meses),hacinamiento,Hogares con hacinamiento (>3 personas/cuarto para dormir),1.99,0.1838,1.6713,2.3520,1.3889,8021,9.2323,ACEPTABLE,"GEIH 2025 (DANE, catalogo ANDA 853)","Umbral >3 sobre CUARTOS PARA DORMIR (P5010), no cuartos totales"
Florencia,18,2025,Ene-Dic (12 meses),hacinamiento,Hogares con hacinamiento critico NBI (>3 personas/cuarto TOTAL),0.46,,,,,8021,,PRECAUCION,"GEIH 2025 (DANE, catalogo ANDA 853)",Definicion oficial DANE-NBI (cuartos totales incl. sala-comedor)
Florencia,18,2025,Ene-Dic (12 meses),hacinamiento,Personas por cuarto para dormir - mediana,1.33,,,,,8021,,ACEPTABLE,"GEIH 2025 (DANE, catalogo ANDA 853)",
Florencia,18,2025,Ene-Dic (12 meses),hacinamiento,Personas por cuarto para dormir - promedio,1.51,0.0087,1.4937,1.5286,1.2358,8021,0.5787,EXCELENTE,"GEIH 2025 (DANE, catalogo ANDA 853)",
Florencia,18,2025,Ene-Dic (12 meses),ingreso_pobreza,% arrendatarios en pobreza monetaria,31.79,,,,,3811,,ACEPTABLE,"Pobreza Monetaria 2025 (DANE, catalogo ANDA 908)",
Florencia,18,2025,Ene-Dic (12 meses),ingreso_pobreza,% hogares no pobres que viven en arriendo,49.39,,,,,5469,,ACEPTABLE,"Pobreza Monetaria 2025 (DANE, catalogo ANDA 908)",
Florencia,18,2025,Ene-Dic (12 meses),ingreso_pobreza,% hogares pobres que viven en arriendo,50.68,,,,,2552,,ACEPTABLE,"Pobreza Monetaria 2025 (DANE, catalogo ANDA 908)",
Florencia,18,2025,Ene-Dic (12 meses),ingreso_pobreza,% propietarios en pobreza monetaria,17.81,,,,,2142,,ACEPTABLE,"Pobreza Monetaria 2025 (DANE, catalogo ANDA 908)",
Florencia,18,2025,Ene-Dic (12 meses),ingreso_pobreza,Brecha de ingreso propietarios vs arrendatarios,38.53,,,,,0,,NO_APLICA,"Pobreza Monetaria 2025 (DANE, catalogo ANDA 908)",(+) = propietarios ganan mas; calculado sobre medianas ponderadas
Florencia,18,2025,Ene-Dic (12 meses),ingreso_pobreza,Ingreso mediano hogares arrendatarios,1816666.67,,,,,3758,,ACEPTABLE,"Pobreza Monetaria 2025 (DANE, catalogo ANDA 908)",ingtotug = ingreso total unidad de gasto SIN imputar arriendo
Florencia,18,2025,Ene-Dic (12 meses),ingreso_pobreza,Ingreso mediano hogares propietarios,2516666.67,,,,,2126,,ACEPTABLE,"Pobreza Monetaria 2025 (DANE, catalogo ANDA 908)",ingtotug = ingreso total unidad de gasto SIN imputar arriendo
Florencia,18,2025,Ene-Dic (12 meses),servicios_publicos,Hogares sin acueducto,1.09,0.1307,0.8363,1.3514,1.2736,8021,12.0187,ACEPTABLE,"GEIH 2025 (DANE, catalogo ANDA 853)",
Florencia,18,2025,Ene-Dic (12 meses),servicios_publicos,Hogares sin alcantarillado,9.26,0.3587,8.6133,9.9331,1.2285,8021,3.8749,EXCELENTE,"GEIH 2025 (DANE, catalogo ANDA 853)",
Florencia,18,2025,Ene-Dic (12 meses),servicios_publicos,Hogares sin energia electrica,0.05,0.0254,0.0078,0.1022,0.9481,8021,46.5662,NO PUBLICAR,"GEIH 2025 (DANE, catalogo ANDA 853)",
Florencia,18,2025,Ene-Dic (12 meses),servicios_publicos,Hogares sin gas natural conectado a red,7.71,0.3244,7.0547,8.3642,1.1860,8021,4.2069,EXCELENTE,"GEIH 2025 (DANE, catalogo ANDA 853)",
Florencia,18,2025,Ene-Dic (12 meses),servicios_publicos,Hogares sin recoleccion de basuras,0.26,0.0478,0.1585,0.3461,0.6984,8021,18.1558,PRECAUCION,"GEIH 2025 (DANE, catalogo ANDA 853)",
Florencia,18,2025,Ene-Dic (12 meses),tenencia,Tenencia: En arriendo o subarriendo,49.79,0.6042,48.6143,50.9041,1.1714,3811,1.2135,EXCELENTE,"GEIH 2025 (DANE, catalogo ANDA 853)",
Florencia,18,2025,Ene-Dic (12 meses),tenencia,Tenencia: En usufructo,12.79,0.3792,12.0515,13.4792,1.0344,1067,2.9660,EXCELENTE,"GEIH 2025 (DANE, catalogo ANDA 853)",
Florencia,18,2025,Ene-Dic (12 meses),tenencia,Tenencia: Otra,2.38,0.1772,2.0422,2.7213,1.0821,190,7.4335,ACEPTABLE,"GEIH 2025 (DANE, catalogo ANDA 853)",
Florencia,18,2025,Ene-Dic (12 meses),tenencia,Tenencia: Posesion sin titulo,4.68,0.2478,4.2142,5.2023,1.1028,406,5.2893,ACEPTABLE,"GEIH 2025 (DANE, catalogo ANDA 853)",
Florencia,18,2025,Ene-Dic (12 meses),tenencia,"Tenencia: Propia, la estan pagando",2.76,0.2031,2.3831,3.1957,1.2347,208,7.3694,ACEPTABLE,"GEIH 2025 (DANE, catalogo ANDA 853)",
Florencia,18,2025,Ene-Dic (12 meses),tenencia,"Tenencia: Propia, totalmente pagada",22.83,0.4849,21.9602,23.7597,1.0703,1934,2.1237,EXCELENTE,"GEIH 2025 (DANE, catalogo ANDA 853)",
Florencia,18,2025,Ene-Dic (12 meses),tenencia,Tenencia: Propiedad colectiva,4.77,0.2589,4.3333,5.3246,1.1837,405,5.4289,ACEPTABLE,"GEIH 2025 (DANE, catalogo ANDA 853)",
Florencia,18,2025,Ene-Dic (12 meses),tenencia,Tenencia: suma de categorias (control),100.0,,,,,8021,,NO_APLICA,"GEIH 2025 (DANE, catalogo ANDA 853)",Control de auditoria: debe ser 100% +/-0.1pp
Florencia,18,2025,Ene-Dic (12 meses),vivienda_propia_credito,Arriendo imputado (estimado) - P25,300000.0,,,,,4101,,ACEPTABLE,"GEIH 2025 (DANE, catalogo ANDA 853)",52 registro(s) excluidos por valor extremo
Florencia,18,2025,Ene-Dic (12 meses),vivienda_propia_credito,Arriendo imputado (estimado) - P75,600000.0,,,,,4101,,ACEPTABLE,"GEIH 2025 (DANE, catalogo ANDA 853)",52 registro(s) excluidos por valor extremo
Florencia,18,2025,Ene-Dic (12 meses),vivienda_propia_credito,Arriendo imputado (estimado) - mediana,400000.0,0.0000,400000.0000,400000.0000,0.0000,4101,0.0000,EXCELENTE,"GEIH 2025 (DANE, catalogo ANDA 853)",52 registro(s) excluidos por valor extremo
Florencia,18,2025,Ene-Dic (12 meses),vivienda_propia_credito,Arriendo imputado (estimado) - promedio,460001.05,4741.3048,450980.8465,468700.4545,1.2846,4101,1.0307,EXCELENTE,"GEIH 2025 (DANE, catalogo ANDA 853)",52 registro(s) excluidos por valor extremo
Florencia,18,2025,Ene-Dic (12 meses),vivienda_propia_credito,Cuota hipotecaria mensual - P25,500000.0,,,,,205,,ACEPTABLE,"GEIH 2025 (DANE, catalogo ANDA 853)",1 registro(s) excluidos por valor extremo
Florencia,18,2025,Ene-Dic (12 meses),vivienda_propia_credito,Cuota hipotecaria mensual - P75,1200000.0,,,,,205,,ACEPTABLE,"GEIH 2025 (DANE, catalogo ANDA 853)",1 registro(s) excluidos por valor extremo
Florencia,18,2025,Ene-Dic (12 meses),vivienda_propia_credito,Cuota hipotecaria mensual - mediana,726872.32,40649.4080,650000.0000,800000.0000,0.8641,205,5.5924,ACEPTABLE,"GEIH 2025 (DANE, catalogo ANDA 853)",1 registro(s) excluidos por valor extremo
Florencia,18,2025,Ene-Dic (12 meses),vivienda_propia_credito,Cuota hipotecaria mensual - promedio,911071.93,46878.6994,822585.0844,1006498.7846,1.1492,205,5.1454,ACEPTABLE,"GEIH 2025 (DANE, catalogo ANDA 853)",1 registro(s) excluidos por valor extremo
Florencia,18,2025,Ene-Dic (12 meses),vivienda_propia_credito,Valor estimado de venta de la vivienda - P25,85000000.0,,,,,2017,,ACEPTABLE,"GEIH 2025 (DANE, catalogo ANDA 853)",8 registro(s) excluidos por valor extremo
Florencia,18,2025,Ene-Dic (12 meses),vivienda_propia_credito,Valor estimado de venta de la vivienda - P75,180000000.0,,,,,2017,,ACEPTABLE,"GEIH 2025 (DANE, catalogo ANDA 853)",8 registro(s) excluidos por valor extremo
Florencia,18,2025,Ene-Dic (12 meses),vivienda_propia_credito,Valor estimado de venta de la vivienda - mediana,120000000.0,3372110.1300,120000000.0000,130000000.0000,1.2394,2017,2.8101,EXCELENTE,"GEIH 2025 (DANE, catalogo ANDA 853)",8 registro(s) excluidos por valor extremo
Florencia,18,2025,Ene-Dic (12 meses),vivienda_propia_credito,Valor estimado de venta de la vivienda - promedio,160717361.39,3416249.7266,154234269.9127,167160118.6920,1.2720,2017,2.1256,EXCELENTE,"GEIH 2025 (DANE, catalogo ANDA 853)",8 registro(s) excluidos por valor extremo
Florencia,18,2026*,Ene-Jun (parcial),arriendo,Canon de arriendo mensual - P25,350000.0,,,,,1878,,ACEPTABLE,"GEIH 2026 Ene-Jun (DANE, catalogo ANDA 900)",19 registro(s) excluidos por valor extremo
Florencia,18,2026*,Ene-Jun (parcial),arriendo,Canon de arriendo mensual - P75,550000.0,,,,,1878,,ACEPTABLE,"GEIH 2026 Ene-Jun (DANE, catalogo ANDA 900)",19 registro(s) excluidos por valor extremo
Florencia,18,2026*,Ene-Jun (parcial),arriendo,Canon de arriendo mensual - mediana,450000.0,11385.9455,400000.0000,450000.0000,4.0237,1878,2.5302,EXCELENTE,"GEIH 2026 Ene-Jun (DANE, catalogo ANDA 900)",19 registro(s) excluidos por valor extremo
Florencia,18,2026*,Ene-Jun (parcial),arriendo,Canon de arriendo mensual - promedio,488513.51,6165.7486,474548.4258,500208.1732,1.1799,1878,1.2621,EXCELENTE,"GEIH 2026 Ene-Jun (DANE, catalogo ANDA 900)",19 registro(s) excluidos por valor extremo
Florencia,18,2026*,Ene-Jun (parcial),deficit_habitacional,Deficit habitacional cualitativo,ND - pendiente Fase 2 (ECV),,,,,0,,ND,ECV (fuera de alcance Fase 1),ND - pendiente Fase 2 (ECV): fuente fuera de alcance de Fase 1
Florencia,18,2026*,Ene-Jun (parcial),deficit_habitacional,Deficit habitacional cuantitativo,ND - pendiente Fase 2 (ECV),,,,,0,,ND,ECV (fuera de alcance Fase 1),ND - pendiente Fase 2 (ECV): fuente fuera de alcance de Fase 1
Florencia,18,2026*,Ene-Jun (parcial),deficit_habitacional,Distribucion por estrato socioeconomico,ND - pendiente Fase 2 (ECV),,,,,0,,ND,ECV (fuera de alcance Fase 1),ND - pendiente Fase 2 (ECV): fuente fuera de alcance de Fase 1
Florencia,18,2026*,Ene-Jun (parcial),esfuerzo_financiero,Arrendatarios que destinan >30% del ingreso al arriendo,ND,,,,,0,,ND,ND - DANE no publica Pobreza Monetaria 2026,DANE no publica Medicion de Pobreza Monetaria y Desigualdad 2026 (requiere año calendario completo); no se calcula ni se extrapola
Florencia,18,2026*,Ene-Jun (parcial),esfuerzo_financiero,Arrendatarios que destinan >50% del ingreso al arriendo,ND,,,,,0,,ND,ND - DANE no publica Pobreza Monetaria 2026,DANE no publica Medicion de Pobreza Monetaria y Desigualdad 2026 (requiere año calendario completo); no se calcula ni se extrapola
Florencia,18,2026*,Ene-Jun (parcial),esfuerzo_financiero,Arriendo/ingreso del hogar (mediana),ND,,,,,0,,ND,ND - DANE no publica Pobreza Monetaria 2026,DANE no publica Medicion de Pobreza Monetaria y Desigualdad 2026 (requiere año calendario completo); no se calcula ni se extrapola
Florencia,18,2026*,Ene-Jun (parcial),hacinamiento,Hogares con hacinamiento (>3 personas/cuarto para dormir),1.44,0.2028,1.0529,1.8498,1.1870,4089,14.1113,ACEPTABLE,"GEIH 2026 Ene-Jun (DANE, catalogo ANDA 900)","Umbral >3 sobre CUARTOS PARA DORMIR (P5010), no cuartos totales"
Florencia,18,2026*,Ene-Jun (parcial),hacinamiento,Hogares con hacinamiento critico NBI (>3 personas/cuarto TOTAL),0.38,,,,,4089,,NO PUBLICAR,"GEIH 2026 Ene-Jun (DANE, catalogo ANDA 900)",Definicion oficial DANE-NBI (cuartos totales incl. sala-comedor)
Florencia,18,2026*,Ene-Jun (parcial),hacinamiento,Personas por cuarto para dormir - mediana,1.33,,,,,4089,,ACEPTABLE,"GEIH 2026 Ene-Jun (DANE, catalogo ANDA 900)",
Florencia,18,2026*,Ene-Jun (parcial),hacinamiento,Personas por cuarto para dormir - promedio,1.46,0.0108,1.4411,1.4805,1.1563,4089,0.7404,EXCELENTE,"GEIH 2026 Ene-Jun (DANE, catalogo ANDA 900)",
Florencia,18,2026*,Ene-Jun (parcial),ingreso_pobreza,% arrendatarios en pobreza monetaria,ND,,,,,0,,ND,ND - DANE no publica Pobreza Monetaria 2026,DANE no publica Medicion de Pobreza Monetaria y Desigualdad 2026 (requiere año calendario completo); no se calcula ni se extrapola
Florencia,18,2026*,Ene-Jun (parcial),ingreso_pobreza,% hogares no pobres que viven en arriendo,ND,,,,,0,,ND,ND - DANE no publica Pobreza Monetaria 2026,DANE no publica Medicion de Pobreza Monetaria y Desigualdad 2026 (requiere año calendario completo); no se calcula ni se extrapola
Florencia,18,2026*,Ene-Jun (parcial),ingreso_pobreza,% hogares pobres que viven en arriendo,ND,,,,,0,,ND,ND - DANE no publica Pobreza Monetaria 2026,DANE no publica Medicion de Pobreza Monetaria y Desigualdad 2026 (requiere año calendario completo); no se calcula ni se extrapola
Florencia,18,2026*,Ene-Jun (parcial),ingreso_pobreza,% propietarios en pobreza monetaria,ND,,,,,0,,ND,ND - DANE no publica Pobreza Monetaria 2026,DANE no publica Medicion de Pobreza Monetaria y Desigualdad 2026 (requiere año calendario completo); no se calcula ni se extrapola
Florencia,18,2026*,Ene-Jun (parcial),ingreso_pobreza,Brecha de ingreso propietarios vs arrendatarios,ND,,,,,0,,ND,ND - DANE no publica Pobreza Monetaria 2026,DANE no publica Medicion de Pobreza Monetaria y Desigualdad 2026 (requiere año calendario completo); no se calcula ni se extrapola
Florencia,18,2026*,Ene-Jun (parcial),ingreso_pobreza,Ingreso mediano hogares arrendatarios,ND,,,,,0,,ND,ND - DANE no publica Pobreza Monetaria 2026,DANE no publica Medicion de Pobreza Monetaria y Desigualdad 2026 (requiere año calendario completo); no se calcula ni se extrapola
Florencia,18,2026*,Ene-Jun (parcial),ingreso_pobreza,Ingreso mediano hogares propietarios,ND,,,,,0,,ND,ND - DANE no publica Pobreza Monetaria 2026,DANE no publica Medicion de Pobreza Monetaria y Desigualdad 2026 (requiere año calendario completo); no se calcula ni se extrapola
Florencia,18,2026*,Ene-Jun (parcial),servicios_publicos,Hogares sin acueducto,1.38,0.1903,0.9917,1.7427,1.0851,4089,13.7530,ACEPTABLE,"GEIH 2026 Ene-Jun (DANE, catalogo ANDA 900)",
Florencia,18,2026*,Ene-Jun (parcial),servicios_publicos,Hogares sin alcantarillado,13.13,0.5565,12.1238,14.1946,1.1102,4089,4.2382,EXCELENTE,"GEIH 2026 Ene-Jun (DANE, catalogo ANDA 900)",
Florencia,18,2026*,Ene-Jun (parcial),servicios_publicos,Hogares sin energia electrica,0.05,0.0334,0.0000,0.1238,0.9154,4089,67.0394,NO PUBLICAR,"GEIH 2026 Ene-Jun (DANE, catalogo ANDA 900)",
Florencia,18,2026*,Ene-Jun (parcial),servicios_publicos,Hogares sin gas natural conectado a red,9.32,0.4698,8.3542,10.2495,1.0676,4089,5.0395,ACEPTABLE,"GEIH 2026 Ene-Jun (DANE, catalogo ANDA 900)",
Florencia,18,2026*,Ene-Jun (parcial),servicios_publicos,Hogares sin recoleccion de basuras,0.04,0.0328,0.0000,0.1251,1.0150,4089,75.6545,NO PUBLICAR,"GEIH 2026 Ene-Jun (DANE, catalogo ANDA 900)",
Florencia,18,2026*,Ene-Jun (parcial),tenencia,Tenencia: En arriendo o subarriendo,48.4,0.8721,46.8105,50.0161,1.2452,1897,1.8018,EXCELENTE,"GEIH 2026 Ene-Jun (DANE, catalogo ANDA 900)",
Florencia,18,2026*,Ene-Jun (parcial),tenencia,Tenencia: En usufructo,13.94,0.5766,12.8359,15.0285,1.1331,579,4.1359,EXCELENTE,"GEIH 2026 Ene-Jun (DANE, catalogo ANDA 900)",
Florencia,18,2026*,Ene-Jun (parcial),tenencia,Tenencia: Otra,1.75,0.2091,1.3032,2.1204,1.0421,83,11.9771,ACEPTABLE,"GEIH 2026 Ene-Jun (DANE, catalogo ANDA 900)",
Florencia,18,2026*,Ene-Jun (parcial),tenencia,Tenencia: Posesion sin titulo,4.64,0.3212,4.0637,5.2714,0.9545,201,6.9303,ACEPTABLE,"GEIH 2026 Ene-Jun (DANE, catalogo ANDA 900)",
Florencia,18,2026*,Ene-Jun (parcial),tenencia,"Tenencia: Propia, la estan pagando",2.48,0.2726,1.9826,3.0566,1.2577,95,11.0044,ACEPTABLE,"GEIH 2026 Ene-Jun (DANE, catalogo ANDA 900)",
Florencia,18,2026*,Ene-Jun (parcial),tenencia,"Tenencia: Propia, totalmente pagada",22.6,0.7010,21.2053,23.9710,1.1488,966,3.1022,EXCELENTE,"GEIH 2026 Ene-Jun (DANE, catalogo ANDA 900)",
Florencia,18,2026*,Ene-Jun (parcial),tenencia,Tenencia: Propiedad colectiva,6.2,0.4032,5.4913,7.0499,1.1422,268,6.4980,ACEPTABLE,"GEIH 2026 Ene-Jun (DANE, catalogo ANDA 900)",
Florencia,18,2026*,Ene-Jun (parcial),tenencia,Tenencia: suma de categorias (control),100.0,,,,,4089,,NO_APLICA,"GEIH 2026 Ene-Jun (DANE, catalogo ANDA 900)",Control de auditoria: debe ser 100% +/-0.1pp
Florencia,18,2026*,Ene-Jun (parcial),vivienda_propia_credito,Arriendo imputado (estimado) - P25,300000.0,,,,,2154,,ACEPTABLE,"GEIH 2026 Ene-Jun (DANE, catalogo ANDA 900)",31 registro(s) excluidos por valor extremo
Florencia,18,2026*,Ene-Jun (parcial),vivienda_propia_credito,Arriendo imputado (estimado) - P75,600000.0,,,,,2154,,ACEPTABLE,"GEIH 2026 Ene-Jun (DANE, catalogo ANDA 900)",31 registro(s) excluidos por valor extremo
Florencia,18,2026*,Ene-Jun (parcial),vivienda_propia_credito,Arriendo imputado (estimado) - mediana,450000.0,23806.3363,400000.0000,450000.0000,16.5275,2154,5.2903,ACEPTABLE,"GEIH 2026 Ene-Jun (DANE, catalogo ANDA 900)",31 registro(s) excluidos por valor extremo
Florencia,18,2026*,Ene-Jun (parcial),vivienda_propia_credito,Arriendo imputado (estimado) - promedio,484059.61,6323.8372,472563.1626,496094.2398,1.1662,2154,1.3064,EXCELENTE,"GEIH 2026 Ene-Jun (DANE, catalogo ANDA 900)",31 registro(s) excluidos por valor extremo
Florencia,18,2026*,Ene-Jun (parcial),vivienda_propia_credito,Cuota hipotecaria mensual - P25,590000.0,,,,,95,,PRECAUCION,"GEIH 2026 Ene-Jun (DANE, catalogo ANDA 900)",
Florencia,18,2026*,Ene-Jun (parcial),vivienda_propia_credito,Cuota hipotecaria mensual - P75,1200000.0,,,,,95,,PRECAUCION,"GEIH 2026 Ene-Jun (DANE, catalogo ANDA 900)",
Florencia,18,2026*,Ene-Jun (parcial),vivienda_propia_credito,Cuota hipotecaria mensual - mediana,800000.0,72616.9111,695356.4957,950000.0000,0.3887,95,9.0771,PRECAUCION,"GEIH 2026 Ene-Jun (DANE, catalogo ANDA 900)",
Florencia,18,2026*,Ene-Jun (parcial),vivienda_propia_credito,Cuota hipotecaria mensual - promedio,1105823.6,127166.3215,918716.3846,1391063.6490,1.1920,95,11.4997,PRECAUCION,"GEIH 2026 Ene-Jun (DANE, catalogo ANDA 900)",
Florencia,18,2026*,Ene-Jun (parcial),vivienda_propia_credito,Valor estimado de venta de la vivienda - P25,80000000.0,,,,,979,,ACEPTABLE,"GEIH 2026 Ene-Jun (DANE, catalogo ANDA 900)",6 registro(s) excluidos por valor extremo
Florencia,18,2026*,Ene-Jun (parcial),vivienda_propia_credito,Valor estimado de venta de la vivienda - P75,184677188.16,,,,,979,,ACEPTABLE,"GEIH 2026 Ene-Jun (DANE, catalogo ANDA 900)",6 registro(s) excluidos por valor extremo
Florencia,18,2026*,Ene-Jun (parcial),vivienda_propia_credito,Valor estimado de venta de la vivienda - mediana,120000000.0,0.0000,120000000.0000,120000000.0000,0.0000,979,0.0000,EXCELENTE,"GEIH 2026 Ene-Jun (DANE, catalogo ANDA 900)",6 registro(s) excluidos por valor extremo
Florencia,18,2026*,Ene-Jun (parcial),vivienda_propia_credito,Valor estimado de venta de la vivienda - promedio,158277856.66,5545262.9760,148303250.1228,169975215.3096,1.2844,979,3.5035,EXCELENTE,"GEIH 2026 Ene-Jun (DANE, catalogo ANDA 900)",6 registro(s) excluidos por valor extremo
Ibagué,73,2023,Ene-Dic (12 meses),arriendo,Canon de arriendo mensual - P25,400000.0,,,,,3288,,ACEPTABLE,"GEIH 2023 (DANE, catalogo ANDA 782)",18 registro(s) excluidos por valor extremo
Ibagué,73,2023,Ene-Dic (12 meses),arriendo,Canon de arriendo mensual - P75,650000.0,,,,,3288,,ACEPTABLE,"GEIH 2023 (DANE, catalogo ANDA 782)",18 registro(s) excluidos por valor extremo
Ibagué,73,2023,Ene-Dic (12 meses),arriendo,Canon de arriendo mensual - mediana,500000.0,0.0000,500000.0000,500000.0000,0.0000,3288,0.0000,EXCELENTE,"GEIH 2023 (DANE, catalogo ANDA 782)",18 registro(s) excluidos por valor extremo
Ibagué,73,2023,Ene-Dic (12 meses),arriendo,Canon de arriendo mensual - promedio,552622.81,4625.0664,543733.8598,561348.6572,1.1418,3288,0.8369,EXCELENTE,"GEIH 2023 (DANE, catalogo ANDA 782)",18 registro(s) excluidos por valor extremo
Ibagué,73,2023,Ene-Dic (12 meses),deficit_habitacional,Deficit habitacional cualitativo,ND - pendiente Fase 2 (ECV),,,,,0,,ND,ECV (fuera de alcance Fase 1),ND - pendiente Fase 2 (ECV): fuente fuera de alcance de Fase 1
Ibagué,73,2023,Ene-Dic (12 meses),deficit_habitacional,Deficit habitacional cuantitativo,ND - pendiente Fase 2 (ECV),,,,,0,,ND,ECV (fuera de alcance Fase 1),ND - pendiente Fase 2 (ECV): fuente fuera de alcance de Fase 1
Ibagué,73,2023,Ene-Dic (12 meses),deficit_habitacional,Distribucion por estrato socioeconomico,ND - pendiente Fase 2 (ECV),,,,,0,,ND,ECV (fuera de alcance Fase 1),ND - pendiente Fase 2 (ECV): fuente fuera de alcance de Fase 1
Ibagué,73,2023,Ene-Dic (12 meses),esfuerzo_financiero,Arrendatarios que destinan >30% del ingreso al arriendo,50.45,,,,,3215,,ACEPTABLE,"Pobreza Monetaria 2023 (DANE, catalogo ANDA 835)",sobrecarga (>30%)
Ibagué,73,2023,Ene-Dic (12 meses),esfuerzo_financiero,Arrendatarios que destinan >50% del ingreso al arriendo,22.99,,,,,3215,,ACEPTABLE,"Pobreza Monetaria 2023 (DANE, catalogo ANDA 835)",sobrecarga severa (>50%)
Ibagué,73,2023,Ene-Dic (12 meses),esfuerzo_financiero,Arriendo/ingreso del hogar (mediana),30.22,,,,,3215,,ACEPTABLE,"Pobreza Monetaria 2023 (DANE, catalogo ANDA 835)",Merge con 93.3% de coincidencia
Ibagué,73,2023,Ene-Dic (12 meses),hacinamiento,Hogares con hacinamiento (>3 personas/cuarto para dormir),0.96,0.1236,0.7297,1.2102,1.0990,6866,12.8270,ACEPTABLE,"GEIH 2023 (DANE, catalogo ANDA 782)","Umbral >3 sobre CUARTOS PARA DORMIR (P5010), no cuartos totales"
Ibagué,73,2023,Ene-Dic (12 meses),hacinamiento,Hogares con hacinamiento critico NBI (>3 personas/cuarto TOTAL),0.19,,,,,6866,,NO PUBLICAR,"GEIH 2023 (DANE, catalogo ANDA 782)",Definicion oficial DANE-NBI (cuartos totales incl. sala-comedor)
Ibagué,73,2023,Ene-Dic (12 meses),hacinamiento,Personas por cuarto para dormir - mediana,1.33,,,,,6866,,ACEPTABLE,"GEIH 2023 (DANE, catalogo ANDA 782)",
Ibagué,73,2023,Ene-Dic (12 meses),hacinamiento,Personas por cuarto para dormir - promedio,1.4,0.0076,1.3852,1.4145,1.1337,6866,0.5396,EXCELENTE,"GEIH 2023 (DANE, catalogo ANDA 782)",
Ibagué,73,2023,Ene-Dic (12 meses),ingreso_pobreza,% arrendatarios en pobreza monetaria,38.92,,,,,3546,,ACEPTABLE,"Pobreza Monetaria 2023 (DANE, catalogo ANDA 835)",
Ibagué,73,2023,Ene-Dic (12 meses),ingreso_pobreza,% hogares no pobres que viven en arriendo,47.82,,,,,4602,,ACEPTABLE,"Pobreza Monetaria 2023 (DANE, catalogo ANDA 835)",
Ibagué,73,2023,Ene-Dic (12 meses),ingreso_pobreza,% hogares pobres que viven en arriendo,65.09,,,,,2265,,ACEPTABLE,"Pobreza Monetaria 2023 (DANE, catalogo ANDA 835)",
Ibagué,73,2023,Ene-Dic (12 meses),ingreso_pobreza,% propietarios en pobreza monetaria,16.9,,,,,2047,,ACEPTABLE,"Pobreza Monetaria 2023 (DANE, catalogo ANDA 835)",
Ibagué,73,2023,Ene-Dic (12 meses),ingreso_pobreza,Brecha de ingreso propietarios vs arrendatarios,60.53,,,,,0,,NO_APLICA,"Pobreza Monetaria 2023 (DANE, catalogo ANDA 835)",(+) = propietarios ganan mas; calculado sobre medianas ponderadas
Ibagué,73,2023,Ene-Dic (12 meses),ingreso_pobreza,Ingreso mediano hogares arrendatarios,1532941.88,,,,,3445,,ACEPTABLE,"Pobreza Monetaria 2023 (DANE, catalogo ANDA 835)",ingtotug = ingreso total unidad de gasto SIN imputar arriendo
Ibagué,73,2023,Ene-Dic (12 meses),ingreso_pobreza,Ingreso mediano hogares propietarios,2460840.76,,,,,2015,,ACEPTABLE,"Pobreza Monetaria 2023 (DANE, catalogo ANDA 835)",ingtotug = ingreso total unidad de gasto SIN imputar arriendo
Ibagué,73,2023,Ene-Dic (12 meses),servicios_publicos,Hogares sin acueducto,0.43,0.0857,0.2762,0.6079,1.1729,6867,19.8456,PRECAUCION,"GEIH 2023 (DANE, catalogo ANDA 782)",
Ibagué,73,2023,Ene-Dic (12 meses),servicios_publicos,Hogares sin alcantarillado,0.91,0.1192,0.6790,1.1228,1.0806,6867,13.0819,ACEPTABLE,"GEIH 2023 (DANE, catalogo ANDA 782)",
Ibagué,73,2023,Ene-Dic (12 meses),servicios_publicos,Hogares sin energia electrica,0.05,0.0310,0.0000,0.1133,1.2374,6867,58.0829,NO PUBLICAR,"GEIH 2023 (DANE, catalogo ANDA 782)",
Ibagué,73,2023,Ene-Dic (12 meses),servicios_publicos,Hogares sin gas natural conectado a red,3.84,0.2424,3.4090,4.3029,1.0934,6867,6.3163,ACEPTABLE,"GEIH 2023 (DANE, catalogo ANDA 782)",
Ibagué,73,2023,Ene-Dic (12 meses),servicios_publicos,Hogares sin recoleccion de basuras,0.14,0.0382,0.0677,0.2086,0.7263,6867,27.6333,NO PUBLICAR,"GEIH 2023 (DANE, catalogo ANDA 782)",
Ibagué,73,2023,Ene-Dic (12 meses),tenencia,Tenencia: En arriendo o subarriendo,53.33,0.6359,51.9942,54.4806,1.1158,3546,1.1925,EXCELENTE,"GEIH 2023 (DANE, catalogo ANDA 782)",
Ibagué,73,2023,Ene-Dic (12 meses),tenencia,Tenencia: En usufructo,12.44,0.3801,11.7548,13.1261,0.9110,873,3.0564,EXCELENTE,"GEIH 2023 (DANE, catalogo ANDA 782)",
Ibagué,73,2023,Ene-Dic (12 meses),tenencia,Tenencia: Otra,0.03,0.0224,0.0000,0.0783,1.0744,2,69.8728,NO PUBLICAR,"GEIH 2023 (DANE, catalogo ANDA 782)",
Ibagué,73,2023,Ene-Dic (12 meses),tenencia,Tenencia: Posesion sin titulo,1.03,0.1133,0.8281,1.2409,0.8658,76,11.0099,ACEPTABLE,"GEIH 2023 (DANE, catalogo ANDA 782)",
Ibagué,73,2023,Ene-Dic (12 meses),tenencia,"Tenencia: Propia, la estan pagando",3.48,0.2349,3.0341,3.9176,1.1282,220,6.7520,ACEPTABLE,"GEIH 2023 (DANE, catalogo ANDA 782)",
Ibagué,73,2023,Ene-Dic (12 meses),tenencia,"Tenencia: Propia, totalmente pagada",25.25,0.5155,24.3423,26.3414,0.9667,1827,2.0414,EXCELENTE,"GEIH 2023 (DANE, catalogo ANDA 782)",
Ibagué,73,2023,Ene-Dic (12 meses),tenencia,Tenencia: Propiedad colectiva,4.45,0.2434,3.9656,4.8870,0.9576,323,5.4751,ACEPTABLE,"GEIH 2023 (DANE, catalogo ANDA 782)",
Ibagué,73,2023,Ene-Dic (12 meses),tenencia,Tenencia: suma de categorias (control),100.0,,,,,6867,,NO_APLICA,"GEIH 2023 (DANE, catalogo ANDA 782)",Control de auditoria: debe ser 100% +/-0.1pp
Ibagué,73,2023,Ene-Dic (12 meses),vivienda_propia_credito,Arriendo imputado (estimado) - P25,450000.0,,,,,2503,,ACEPTABLE,"GEIH 2023 (DANE, catalogo ANDA 782)",26 registro(s) excluidos por valor extremo
Ibagué,73,2023,Ene-Dic (12 meses),vivienda_propia_credito,Arriendo imputado (estimado) - P75,800000.0,,,,,2503,,ACEPTABLE,"GEIH 2023 (DANE, catalogo ANDA 782)",26 registro(s) excluidos por valor extremo
Ibagué,73,2023,Ene-Dic (12 meses),vivienda_propia_credito,Arriendo imputado (estimado) - mediana,600000.0,0.0000,600000.0000,600000.0000,0.0000,2503,0.0000,EXCELENTE,"GEIH 2023 (DANE, catalogo ANDA 782)",26 registro(s) excluidos por valor extremo
Ibagué,73,2023,Ene-Dic (12 meses),vivienda_propia_credito,Arriendo imputado (estimado) - promedio,684839.7,9386.7480,668306.8436,703207.3924,1.3870,2503,1.3706,EXCELENTE,"GEIH 2023 (DANE, catalogo ANDA 782)",26 registro(s) excluidos por valor extremo
Ibagué,73,2023,Ene-Dic (12 meses),vivienda_propia_credito,Cuota hipotecaria mensual - P25,550000.0,,,,,186,,ACEPTABLE,"GEIH 2023 (DANE, catalogo ANDA 782)",
Ibagué,73,2023,Ene-Dic (12 meses),vivienda_propia_credito,Cuota hipotecaria mensual - P75,1207434.82,,,,,186,,ACEPTABLE,"GEIH 2023 (DANE, catalogo ANDA 782)",
Ibagué,73,2023,Ene-Dic (12 meses),vivienda_propia_credito,Cuota hipotecaria mensual - mediana,800000.0,42499.2315,700000.0000,900000.0000,0.3133,186,5.3124,ACEPTABLE,"GEIH 2023 (DANE, catalogo ANDA 782)",
Ibagué,73,2023,Ene-Dic (12 meses),vivienda_propia_credito,Cuota hipotecaria mensual - promedio,1066691.56,83231.0681,918596.9629,1241957.5575,1.2018,186,7.8027,ACEPTABLE,"GEIH 2023 (DANE, catalogo ANDA 782)",
Ibagué,73,2023,Ene-Dic (12 meses),vivienda_propia_credito,Valor estimado de venta de la vivienda - P25,120000000.0,,,,,1066,,ACEPTABLE,"GEIH 2023 (DANE, catalogo ANDA 782)",19 registro(s) excluidos por valor extremo
Ibagué,73,2023,Ene-Dic (12 meses),vivienda_propia_credito,Valor estimado de venta de la vivienda - P75,200000000.0,,,,,1066,,ACEPTABLE,"GEIH 2023 (DANE, catalogo ANDA 782)",19 registro(s) excluidos por valor extremo
Ibagué,73,2023,Ene-Dic (12 meses),vivienda_propia_credito,Valor estimado de venta de la vivienda - mediana,160000000.0,6366226.8060,160000000.0000,180000000.0000,2.4423,1066,3.9789,EXCELENTE,"GEIH 2023 (DANE, catalogo ANDA 782)",19 registro(s) excluidos por valor extremo
Ibagué,73,2023,Ene-Dic (12 meses),vivienda_propia_credito,Valor estimado de venta de la vivienda - promedio,189129383.8,5169347.3057,178951179.6343,200524581.0983,1.6103,1066,2.7332,EXCELENTE,"GEIH 2023 (DANE, catalogo ANDA 782)",19 registro(s) excluidos por valor extremo
Ibagué,73,2024,Ene-Dic (12 meses),arriendo,Canon de arriendo mensual - P25,420000.0,,,,,3226,,ACEPTABLE,"GEIH 2024 (DANE, catalogo ANDA 819)",24 registro(s) excluidos por valor extremo
Ibagué,73,2024,Ene-Dic (12 meses),arriendo,Canon de arriendo mensual - P75,700000.0,,,,,3226,,ACEPTABLE,"GEIH 2024 (DANE, catalogo ANDA 819)",24 registro(s) excluidos por valor extremo
Ibagué,73,2024,Ene-Dic (12 meses),arriendo,Canon de arriendo mensual - mediana,550000.0,2969.3067,550000.0000,550000.0000,0.3228,3226,0.5399,EXCELENTE,"GEIH 2024 (DANE, catalogo ANDA 819)",24 registro(s) excluidos por valor extremo
Ibagué,73,2024,Ene-Dic (12 meses),arriendo,Canon de arriendo mensual - promedio,605833.41,5503.8445,595956.1720,617220.1481,1.1091,3226,0.9085,EXCELENTE,"GEIH 2024 (DANE, catalogo ANDA 819)",24 registro(s) excluidos por valor extremo
Ibagué,73,2024,Ene-Dic (12 meses),deficit_habitacional,Deficit habitacional cualitativo,ND - pendiente Fase 2 (ECV),,,,,0,,ND,ECV (fuera de alcance Fase 1),ND - pendiente Fase 2 (ECV): fuente fuera de alcance de Fase 1
Ibagué,73,2024,Ene-Dic (12 meses),deficit_habitacional,Deficit habitacional cuantitativo,ND - pendiente Fase 2 (ECV),,,,,0,,ND,ECV (fuera de alcance Fase 1),ND - pendiente Fase 2 (ECV): fuente fuera de alcance de Fase 1
Ibagué,73,2024,Ene-Dic (12 meses),deficit_habitacional,Distribucion por estrato socioeconomico,ND - pendiente Fase 2 (ECV),,,,,0,,ND,ECV (fuera de alcance Fase 1),ND - pendiente Fase 2 (ECV): fuente fuera de alcance de Fase 1
Ibagué,73,2024,Ene-Dic (12 meses),esfuerzo_financiero,Arrendatarios que destinan >30% del ingreso al arriendo,47.13,,,,,3192,,ACEPTABLE,"Pobreza Monetaria 2024 (DANE, catalogo ANDA 874)",sobrecarga (>30%)
Ibagué,73,2024,Ene-Dic (12 meses),esfuerzo_financiero,Arrendatarios que destinan >50% del ingreso al arriendo,19.3,,,,,3192,,ACEPTABLE,"Pobreza Monetaria 2024 (DANE, catalogo ANDA 874)",sobrecarga severa (>50%)
Ibagué,73,2024,Ene-Dic (12 meses),esfuerzo_financiero,Arriendo/ingreso del hogar (mediana),28.73,,,,,3192,,ACEPTABLE,"Pobreza Monetaria 2024 (DANE, catalogo ANDA 874)",Merge con 95.9% de coincidencia
Ibagué,73,2024,Ene-Dic (12 meses),hacinamiento,Hogares con hacinamiento (>3 personas/cuarto para dormir),1.17,0.1392,0.9259,1.4243,1.1209,6681,11.9112,ACEPTABLE,"GEIH 2024 (DANE, catalogo ANDA 819)","Umbral >3 sobre CUARTOS PARA DORMIR (P5010), no cuartos totales"
Ibagué,73,2024,Ene-Dic (12 meses),hacinamiento,Hogares con hacinamiento critico NBI (>3 personas/cuarto TOTAL),0.18,,,,,6680,,NO PUBLICAR,"GEIH 2024 (DANE, catalogo ANDA 819)",Definicion oficial DANE-NBI (cuartos totales incl. sala-comedor)
Ibagué,73,2024,Ene-Dic (12 meses),hacinamiento,Personas por cuarto para dormir - mediana,1.33,,,,,6681,,ACEPTABLE,"GEIH 2024 (DANE, catalogo ANDA 819)",
Ibagué,73,2024,Ene-Dic (12 meses),hacinamiento,Personas por cuarto para dormir - promedio,1.42,0.0077,1.4037,1.4338,1.1157,6681,0.5402,EXCELENTE,"GEIH 2024 (DANE, catalogo ANDA 819)",
Ibagué,73,2024,Ene-Dic (12 meses),ingreso_pobreza,% arrendatarios en pobreza monetaria,33.3,,,,,3379,,ACEPTABLE,"Pobreza Monetaria 2024 (DANE, catalogo ANDA 874)",
Ibagué,73,2024,Ene-Dic (12 meses),ingreso_pobreza,% hogares no pobres que viven en arriendo,46.95,,,,,4844,,ACEPTABLE,"Pobreza Monetaria 2024 (DANE, catalogo ANDA 874)",
Ibagué,73,2024,Ene-Dic (12 meses),ingreso_pobreza,% hogares pobres que viven en arriendo,64.8,,,,,1837,,ACEPTABLE,"Pobreza Monetaria 2024 (DANE, catalogo ANDA 874)",
Ibagué,73,2024,Ene-Dic (12 meses),ingreso_pobreza,% propietarios en pobreza monetaria,13.21,,,,,2192,,ACEPTABLE,"Pobreza Monetaria 2024 (DANE, catalogo ANDA 874)",
Ibagué,73,2024,Ene-Dic (12 meses),ingreso_pobreza,Brecha de ingreso propietarios vs arrendatarios,66.64,,,,,0,,NO_APLICA,"Pobreza Monetaria 2024 (DANE, catalogo ANDA 874)",(+) = propietarios ganan mas; calculado sobre medianas ponderadas
Ibagué,73,2024,Ene-Dic (12 meses),ingreso_pobreza,Ingreso mediano hogares arrendatarios,1776613.84,,,,,3328,,ACEPTABLE,"Pobreza Monetaria 2024 (DANE, catalogo ANDA 874)",ingtotug = ingreso total unidad de gasto SIN imputar arriendo
Ibagué,73,2024,Ene-Dic (12 meses),ingreso_pobreza,Ingreso mediano hogares propietarios,2960609.48,,,,,2177,,ACEPTABLE,"Pobreza Monetaria 2024 (DANE, catalogo ANDA 874)",ingtotug = ingreso total unidad de gasto SIN imputar arriendo
Ibagué,73,2024,Ene-Dic (12 meses),servicios_publicos,Hogares sin acueducto,0.07,0.0357,0.0106,0.1474,1.2694,6681,53.2016,NO PUBLICAR,"GEIH 2024 (DANE, catalogo ANDA 819)",
Ibagué,73,2024,Ene-Dic (12 meses),servicios_publicos,Hogares sin alcantarillado,0.64,0.0921,0.4689,0.8257,0.8939,6681,14.4293,ACEPTABLE,"GEIH 2024 (DANE, catalogo ANDA 819)",
Ibagué,73,2024,Ene-Dic (12 meses),servicios_publicos,Hogares sin energia electrica,0.02,0.0194,0.0000,0.0789,1.2695,6681,97.9165,NO PUBLICAR,"GEIH 2024 (DANE, catalogo ANDA 819)",
Ibagué,73,2024,Ene-Dic (12 meses),servicios_publicos,Hogares sin gas natural conectado a red,3.82,0.2578,3.3183,4.3288,1.2095,6681,6.7544,ACEPTABLE,"GEIH 2024 (DANE, catalogo ANDA 819)",
Ibagué,73,2024,Ene-Dic (12 meses),servicios_publicos,Hogares sin recoleccion de basuras,0.1,0.0446,0.0203,0.2015,1.3785,6681,46.2236,NO PUBLICAR,"GEIH 2024 (DANE, catalogo ANDA 819)",
Ibagué,73,2024,Ene-Dic (12 meses),tenencia,Tenencia: En arriendo o subarriendo,51.69,0.6653,50.3478,53.0000,1.1843,3379,1.2872,EXCELENTE,"GEIH 2024 (DANE, catalogo ANDA 819)",
Ibagué,73,2024,Ene-Dic (12 meses),tenencia,Tenencia: En usufructo,11.07,0.4476,10.2334,12.0527,1.3595,760,4.0425,EXCELENTE,"GEIH 2024 (DANE, catalogo ANDA 819)",
Ibagué,73,2024,Ene-Dic (12 meses),tenencia,Tenencia: Otra,0.0,0.0000,0.0000,0.0000,,0,,ACEPTABLE,"GEIH 2024 (DANE, catalogo ANDA 819)",
Ibagué,73,2024,Ene-Dic (12 meses),tenencia,Tenencia: Posesion sin titulo,1.48,0.1616,1.1430,1.7851,1.1963,101,10.9134,ACEPTABLE,"GEIH 2024 (DANE, catalogo ANDA 819)",
Ibagué,73,2024,Ene-Dic (12 meses),tenencia,"Tenencia: Propia, la estan pagando",4.45,0.2751,3.8908,4.9488,1.1900,273,6.1871,ACEPTABLE,"GEIH 2024 (DANE, catalogo ANDA 819)",
Ibagué,73,2024,Ene-Dic (12 meses),tenencia,"Tenencia: Propia, totalmente pagada",27.68,0.6245,26.3932,28.8801,1.3018,1919,2.2563,EXCELENTE,"GEIH 2024 (DANE, catalogo ANDA 819)",
Ibagué,73,2024,Ene-Dic (12 meses),tenencia,Tenencia: Propiedad colectiva,3.63,0.2429,3.2168,4.1512,1.1262,249,6.6885,ACEPTABLE,"GEIH 2024 (DANE, catalogo ANDA 819)",
Ibagué,73,2024,Ene-Dic (12 meses),tenencia,Tenencia: suma de categorias (control),100.0,,,,,6681,,NO_APLICA,"GEIH 2024 (DANE, catalogo ANDA 819)",Control de auditoria: debe ser 100% +/-0.1pp
Ibagué,73,2024,Ene-Dic (12 meses),vivienda_propia_credito,Arriendo imputado (estimado) - P25,500000.0,,,,,2973,,ACEPTABLE,"GEIH 2024 (DANE, catalogo ANDA 819)",47 registro(s) excluidos por valor extremo
Ibagué,73,2024,Ene-Dic (12 meses),vivienda_propia_credito,Arriendo imputado (estimado) - P75,800000.0,,,,,2973,,ACEPTABLE,"GEIH 2024 (DANE, catalogo ANDA 819)",47 registro(s) excluidos por valor extremo
Ibagué,73,2024,Ene-Dic (12 meses),vivienda_propia_credito,Arriendo imputado (estimado) - mediana,600000.0,0.0000,600000.0000,600000.0000,0.0000,2973,0.0000,EXCELENTE,"GEIH 2024 (DANE, catalogo ANDA 819)",47 registro(s) excluidos por valor extremo
Ibagué,73,2024,Ene-Dic (12 meses),vivienda_propia_credito,Arriendo imputado (estimado) - promedio,721744.84,9288.0597,705234.2104,741249.9850,1.4596,2973,1.2869,EXCELENTE,"GEIH 2024 (DANE, catalogo ANDA 819)",47 registro(s) excluidos por valor extremo
Ibagué,73,2024,Ene-Dic (12 meses),vivienda_propia_credito,Cuota hipotecaria mensual - P25,500000.0,,,,,254,,PRECAUCION,"GEIH 2024 (DANE, catalogo ANDA 819)",2 registro(s) excluidos por valor extremo
Ibagué,73,2024,Ene-Dic (12 meses),vivienda_propia_credito,Cuota hipotecaria mensual - P75,1200000.0,,,,,254,,PRECAUCION,"GEIH 2024 (DANE, catalogo ANDA 819)",2 registro(s) excluidos por valor extremo
Ibagué,73,2024,Ene-Dic (12 meses),vivienda_propia_credito,Cuota hipotecaria mensual - mediana,708797.62,38820.2520,683210.0064,800000.0000,0.1729,254,5.4769,ACEPTABLE,"GEIH 2024 (DANE, catalogo ANDA 819)",2 registro(s) excluidos por valor extremo
Ibagué,73,2024,Ene-Dic (12 meses),vivienda_propia_credito,Cuota hipotecaria mensual - promedio,1105077.42,110820.3209,904978.8559,1332906.2759,1.4092,254,10.0283,ACEPTABLE,"GEIH 2024 (DANE, catalogo ANDA 819)",2 registro(s) excluidos por valor extremo
Ibagué,73,2024,Ene-Dic (12 meses),vivienda_propia_credito,Valor estimado de venta de la vivienda - P25,130000000.0,,,,,1585,,ACEPTABLE,"GEIH 2024 (DANE, catalogo ANDA 819)",24 registro(s) excluidos por valor extremo
Ibagué,73,2024,Ene-Dic (12 meses),vivienda_propia_credito,Valor estimado de venta de la vivienda - P75,280000000.0,,,,,1585,,ACEPTABLE,"GEIH 2024 (DANE, catalogo ANDA 819)",24 registro(s) excluidos por valor extremo
Ibagué,73,2024,Ene-Dic (12 meses),vivienda_propia_credito,Valor estimado de venta de la vivienda - mediana,200000000.0,823712.5889,200000000.0000,200000000.0000,0.0490,1585,0.4119,EXCELENTE,"GEIH 2024 (DANE, catalogo ANDA 819)",24 registro(s) excluidos por valor extremo
Ibagué,73,2024,Ene-Dic (12 meses),vivienda_propia_credito,Valor estimado de venta de la vivienda - promedio,228304690.63,3892268.9968,221088452.8565,236428696.4109,1.0931,1585,1.7049,EXCELENTE,"GEIH 2024 (DANE, catalogo ANDA 819)",24 registro(s) excluidos por valor extremo
Ibagué,73,2025,Ene-Dic (12 meses),arriendo,Canon de arriendo mensual - P25,450000.0,,,,,3316,,ACEPTABLE,"GEIH 2025 (DANE, catalogo ANDA 853)",25 registro(s) excluidos por valor extremo
Ibagué,73,2025,Ene-Dic (12 meses),arriendo,Canon de arriendo mensual - P75,700000.0,,,,,3316,,ACEPTABLE,"GEIH 2025 (DANE, catalogo ANDA 853)",25 registro(s) excluidos por valor extremo
Ibagué,73,2025,Ene-Dic (12 meses),arriendo,Canon de arriendo mensual - mediana,600000.0,11770.2486,559218.7696,600000.0000,5.3114,3316,1.9617,EXCELENTE,"GEIH 2025 (DANE, catalogo ANDA 853)",25 registro(s) excluidos por valor extremo
Ibagué,73,2025,Ene-Dic (12 meses),arriendo,Canon de arriendo mensual - promedio,633952.37,5722.5508,623858.7211,645376.3553,1.2555,3316,0.9027,EXCELENTE,"GEIH 2025 (DANE, catalogo ANDA 853)",25 registro(s) excluidos por valor extremo
Ibagué,73,2025,Ene-Dic (12 meses),deficit_habitacional,Deficit habitacional cualitativo,ND - pendiente Fase 2 (ECV),,,,,0,,ND,ECV (fuera de alcance Fase 1),ND - pendiente Fase 2 (ECV): fuente fuera de alcance de Fase 1
Ibagué,73,2025,Ene-Dic (12 meses),deficit_habitacional,Deficit habitacional cuantitativo,ND - pendiente Fase 2 (ECV),,,,,0,,ND,ECV (fuera de alcance Fase 1),ND - pendiente Fase 2 (ECV): fuente fuera de alcance de Fase 1
Ibagué,73,2025,Ene-Dic (12 meses),deficit_habitacional,Distribucion por estrato socioeconomico,ND - pendiente Fase 2 (ECV),,,,,0,,ND,ECV (fuera de alcance Fase 1),ND - pendiente Fase 2 (ECV): fuente fuera de alcance de Fase 1
Ibagué,73,2025,Ene-Dic (12 meses),esfuerzo_financiero,Arrendatarios que destinan >30% del ingreso al arriendo,43.25,,,,,3292,,ACEPTABLE,"Pobreza Monetaria 2025 (DANE, catalogo ANDA 908)",sobrecarga (>30%)
Ibagué,73,2025,Ene-Dic (12 meses),esfuerzo_financiero,Arrendatarios que destinan >50% del ingreso al arriendo,16.04,,,,,3292,,ACEPTABLE,"Pobreza Monetaria 2025 (DANE, catalogo ANDA 908)",sobrecarga severa (>50%)
Ibagué,73,2025,Ene-Dic (12 meses),esfuerzo_financiero,Arriendo/ingreso del hogar (mediana),27.27,,,,,3292,,ACEPTABLE,"Pobreza Monetaria 2025 (DANE, catalogo ANDA 908)",Merge con 99.2% de coincidencia
Ibagué,73,2025,Ene-Dic (12 meses),hacinamiento,Hogares con hacinamiento (>3 personas/cuarto para dormir),0.69,0.1051,0.4929,0.9120,1.0794,6711,15.1928,PRECAUCION,"GEIH 2025 (DANE, catalogo ANDA 853)","Umbral >3 sobre CUARTOS PARA DORMIR (P5010), no cuartos totales"
Ibagué,73,2025,Ene-Dic (12 meses),hacinamiento,Hogares con hacinamiento critico NBI (>3 personas/cuarto TOTAL),0.07,,,,,6711,,NO PUBLICAR,"GEIH 2025 (DANE, catalogo ANDA 853)",Definicion oficial DANE-NBI (cuartos totales incl. sala-comedor)
Ibagué,73,2025,Ene-Dic (12 meses),hacinamiento,Personas por cuarto para dormir - mediana,1.33,,,,,6711,,ACEPTABLE,"GEIH 2025 (DANE, catalogo ANDA 853)",
Ibagué,73,2025,Ene-Dic (12 meses),hacinamiento,Personas por cuarto para dormir - promedio,1.4,0.0073,1.3855,1.4139,1.1533,6711,0.5210,EXCELENTE,"GEIH 2025 (DANE, catalogo ANDA 853)",
Ibagué,73,2025,Ene-Dic (12 meses),ingreso_pobreza,% arrendatarios en pobreza monetaria,27.69,,,,,3342,,ACEPTABLE,"Pobreza Monetaria 2025 (DANE, catalogo ANDA 908)",
Ibagué,73,2025,Ene-Dic (12 meses),ingreso_pobreza,% hogares no pobres que viven en arriendo,48.33,,,,,5266,,ACEPTABLE,"Pobreza Monetaria 2025 (DANE, catalogo ANDA 908)",
Ibagué,73,2025,Ene-Dic (12 meses),ingreso_pobreza,% hogares pobres que viven en arriendo,69.12,,,,,1445,,ACEPTABLE,"Pobreza Monetaria 2025 (DANE, catalogo ANDA 908)",
Ibagué,73,2025,Ene-Dic (12 meses),ingreso_pobreza,% propietarios en pobreza monetaria,9.03,,,,,2287,,ACEPTABLE,"Pobreza Monetaria 2025 (DANE, catalogo ANDA 908)",
Ibagué,73,2025,Ene-Dic (12 meses),ingreso_pobreza,Brecha de ingreso propietarios vs arrendatarios,54.71,,,,,0,,NO_APLICA,"Pobreza Monetaria 2025 (DANE, catalogo ANDA 908)",(+) = propietarios ganan mas; calculado sobre medianas ponderadas
Ibagué,73,2025,Ene-Dic (12 meses),ingreso_pobreza,Ingreso mediano hogares arrendatarios,2000000.0,,,,,3318,,ACEPTABLE,"Pobreza Monetaria 2025 (DANE, catalogo ANDA 908)",ingtotug = ingreso total unidad de gasto SIN imputar arriendo
Ibagué,73,2025,Ene-Dic (12 meses),ingreso_pobreza,Ingreso mediano hogares propietarios,3094256.09,,,,,2277,,ACEPTABLE,"Pobreza Monetaria 2025 (DANE, catalogo ANDA 908)",ingtotug = ingreso total unidad de gasto SIN imputar arriendo
Ibagué,73,2025,Ene-Dic (12 meses),servicios_publicos,Hogares sin acueducto,0.36,0.0770,0.2008,0.4982,1.1206,6711,21.6048,PRECAUCION,"GEIH 2025 (DANE, catalogo ANDA 853)",
Ibagué,73,2025,Ene-Dic (12 meses),servicios_publicos,Hogares sin alcantarillado,0.8,0.1159,0.5868,1.0541,1.1346,6711,14.4735,ACEPTABLE,"GEIH 2025 (DANE, catalogo ANDA 853)",
Ibagué,73,2025,Ene-Dic (12 meses),servicios_publicos,Hogares sin energia electrica,0.0,0.0000,0.0000,0.0000,,6711,,ACEPTABLE,"GEIH 2025 (DANE, catalogo ANDA 853)",
Ibagué,73,2025,Ene-Dic (12 meses),servicios_publicos,Hogares sin gas natural conectado a red,3.47,0.2407,3.0040,3.9579,1.1628,6711,6.9476,ACEPTABLE,"GEIH 2025 (DANE, catalogo ANDA 853)",
Ibagué,73,2025,Ene-Dic (12 meses),servicios_publicos,Hogares sin recoleccion de basuras,0.28,0.0701,0.1540,0.4288,1.1892,6711,25.2232,NO PUBLICAR,"GEIH 2025 (DANE, catalogo ANDA 853)",
Ibagué,73,2025,Ene-Dic (12 meses),tenencia,Tenencia: En arriendo o subarriendo,52.72,0.6626,51.5030,54.0382,1.1819,3342,1.2567,EXCELENTE,"GEIH 2025 (DANE, catalogo ANDA 853)",
Ibagué,73,2025,Ene-Dic (12 meses),tenencia,Tenencia: En usufructo,12.2,0.4061,11.4165,12.9928,1.0330,849,3.3278,EXCELENTE,"GEIH 2025 (DANE, catalogo ANDA 853)",
Ibagué,73,2025,Ene-Dic (12 meses),tenencia,Tenencia: Otra,0.0,0.0000,0.0000,0.0000,,0,,ACEPTABLE,"GEIH 2025 (DANE, catalogo ANDA 853)",
Ibagué,73,2025,Ene-Dic (12 meses),tenencia,Tenencia: Posesion sin titulo,1.05,0.1291,0.8025,1.2857,1.0787,72,12.3170,ACEPTABLE,"GEIH 2025 (DANE, catalogo ANDA 853)",
Ibagué,73,2025,Ene-Dic (12 meses),tenencia,"Tenencia: Propia, la estan pagando",4.19,0.2738,3.6749,4.7721,1.2547,243,6.5414,ACEPTABLE,"GEIH 2025 (DANE, catalogo ANDA 853)",
Ibagué,73,2025,Ene-Dic (12 meses),tenencia,"Tenencia: Propia, totalmente pagada",27.63,0.5985,26.4897,28.9914,1.2021,2044,2.1661,EXCELENTE,"GEIH 2025 (DANE, catalogo ANDA 853)",
Ibagué,73,2025,Ene-Dic (12 meses),tenencia,Tenencia: Propiedad colectiva,2.21,0.1848,1.8697,2.5540,1.0604,161,8.3609,ACEPTABLE,"GEIH 2025 (DANE, catalogo ANDA 853)",
Ibagué,73,2025,Ene-Dic (12 meses),tenencia,Tenencia: suma de categorias (control),100.0,,,,,6711,,NO_APLICA,"GEIH 2025 (DANE, catalogo ANDA 853)",Control de auditoria: debe ser 100% +/-0.1pp
Ibagué,73,2025,Ene-Dic (12 meses),vivienda_propia_credito,Arriendo imputado (estimado) - P25,500000.0,,,,,3310,,ACEPTABLE,"GEIH 2025 (DANE, catalogo ANDA 853)",52 registro(s) excluidos por valor extremo
Ibagué,73,2025,Ene-Dic (12 meses),vivienda_propia_credito,Arriendo imputado (estimado) - P75,850000.0,,,,,3310,,ACEPTABLE,"GEIH 2025 (DANE, catalogo ANDA 853)",52 registro(s) excluidos por valor extremo
Ibagué,73,2025,Ene-Dic (12 meses),vivienda_propia_credito,Arriendo imputado (estimado) - mediana,600000.0,0.0000,600000.0000,600000.0000,0.0000,3310,0.0000,EXCELENTE,"GEIH 2025 (DANE, catalogo ANDA 853)",52 registro(s) excluidos por valor extremo
Ibagué,73,2025,Ene-Dic (12 meses),vivienda_propia_credito,Arriendo imputado (estimado) - promedio,757116.48,8414.1895,739622.7401,772686.7546,1.2030,3310,1.1113,EXCELENTE,"GEIH 2025 (DANE, catalogo ANDA 853)",52 registro(s) excluidos por valor extremo
Ibagué,73,2025,Ene-Dic (12 meses),vivienda_propia_credito,Cuota hipotecaria mensual - P25,400000.0,,,,,240,,ACEPTABLE,"GEIH 2025 (DANE, catalogo ANDA 853)",2 registro(s) excluidos por valor extremo
Ibagué,73,2025,Ene-Dic (12 meses),vivienda_propia_credito,Cuota hipotecaria mensual - P75,1211046.73,,,,,240,,ACEPTABLE,"GEIH 2025 (DANE, catalogo ANDA 853)",2 registro(s) excluidos por valor extremo
Ibagué,73,2025,Ene-Dic (12 meses),vivienda_propia_credito,Cuota hipotecaria mensual - mediana,664713.85,38125.1493,600000.0000,750000.0000,0.3117,240,5.7356,ACEPTABLE,"GEIH 2025 (DANE, catalogo ANDA 853)",2 registro(s) excluidos por valor extremo
Ibagué,73,2025,Ene-Dic (12 meses),vivienda_propia_credito,Cuota hipotecaria mensual - promedio,1001960.99,78369.7666,866664.3398,1174982.0942,1.3171,240,7.8216,ACEPTABLE,"GEIH 2025 (DANE, catalogo ANDA 853)",2 registro(s) excluidos por valor extremo
Ibagué,73,2025,Ene-Dic (12 meses),vivienda_propia_credito,Valor estimado de venta de la vivienda - P25,130000000.0,,,,,2190,,ACEPTABLE,"GEIH 2025 (DANE, catalogo ANDA 853)",17 registro(s) excluidos por valor extremo
Ibagué,73,2025,Ene-Dic (12 meses),vivienda_propia_credito,Valor estimado de venta de la vivienda - P75,260000000.0,,,,,2190,,ACEPTABLE,"GEIH 2025 (DANE, catalogo ANDA 853)",17 registro(s) excluidos por valor extremo
Ibagué,73,2025,Ene-Dic (12 meses),vivienda_propia_credito,Valor estimado de venta de la vivienda - mediana,180000000.0,2061685.5264,180000000.0000,190000000.0000,0.4374,2190,1.1454,EXCELENTE,"GEIH 2025 (DANE, catalogo ANDA 853)",17 registro(s) excluidos por valor extremo
Ibagué,73,2025,Ene-Dic (12 meses),vivienda_propia_credito,Valor estimado de venta de la vivienda - promedio,219900766.64,3539417.7526,213112139.1852,226863737.5913,1.2890,2190,1.6096,EXCELENTE,"GEIH 2025 (DANE, catalogo ANDA 853)",17 registro(s) excluidos por valor extremo
Ibagué,73,2026*,Ene-Jun (parcial),arriendo,Canon de arriendo mensual - P25,500000.0,,,,,1590,,ACEPTABLE,"GEIH 2026 Ene-Jun (DANE, catalogo ANDA 900)",11 registro(s) excluidos por valor extremo
Ibagué,73,2026*,Ene-Jun (parcial),arriendo,Canon de arriendo mensual - P75,800000.0,,,,,1590,,ACEPTABLE,"GEIH 2026 Ene-Jun (DANE, catalogo ANDA 900)",11 registro(s) excluidos por valor extremo
Ibagué,73,2026*,Ene-Jun (parcial),arriendo,Canon de arriendo mensual - mediana,600000.0,1732.0508,600000.0000,600000.0000,0.0411,1590,0.2887,EXCELENTE,"GEIH 2026 Ene-Jun (DANE, catalogo ANDA 900)",11 registro(s) excluidos por valor extremo
Ibagué,73,2026*,Ene-Jun (parcial),arriendo,Canon de arriendo mensual - promedio,701806.89,8476.6660,686509.9956,717335.0520,0.9854,1590,1.2078,EXCELENTE,"GEIH 2026 Ene-Jun (DANE, catalogo ANDA 900)",11 registro(s) excluidos por valor extremo
Ibagué,73,2026*,Ene-Jun (parcial),deficit_habitacional,Deficit habitacional cualitativo,ND - pendiente Fase 2 (ECV),,,,,0,,ND,ECV (fuera de alcance Fase 1),ND - pendiente Fase 2 (ECV): fuente fuera de alcance de Fase 1
Ibagué,73,2026*,Ene-Jun (parcial),deficit_habitacional,Deficit habitacional cuantitativo,ND - pendiente Fase 2 (ECV),,,,,0,,ND,ECV (fuera de alcance Fase 1),ND - pendiente Fase 2 (ECV): fuente fuera de alcance de Fase 1
Ibagué,73,2026*,Ene-Jun (parcial),deficit_habitacional,Distribucion por estrato socioeconomico,ND - pendiente Fase 2 (ECV),,,,,0,,ND,ECV (fuera de alcance Fase 1),ND - pendiente Fase 2 (ECV): fuente fuera de alcance de Fase 1
Ibagué,73,2026*,Ene-Jun (parcial),esfuerzo_financiero,Arrendatarios que destinan >30% del ingreso al arriendo,ND,,,,,0,,ND,ND - DANE no publica Pobreza Monetaria 2026,DANE no publica Medicion de Pobreza Monetaria y Desigualdad 2026 (requiere año calendario completo); no se calcula ni se extrapola
Ibagué,73,2026*,Ene-Jun (parcial),esfuerzo_financiero,Arrendatarios que destinan >50% del ingreso al arriendo,ND,,,,,0,,ND,ND - DANE no publica Pobreza Monetaria 2026,DANE no publica Medicion de Pobreza Monetaria y Desigualdad 2026 (requiere año calendario completo); no se calcula ni se extrapola
Ibagué,73,2026*,Ene-Jun (parcial),esfuerzo_financiero,Arriendo/ingreso del hogar (mediana),ND,,,,,0,,ND,ND - DANE no publica Pobreza Monetaria 2026,DANE no publica Medicion de Pobreza Monetaria y Desigualdad 2026 (requiere año calendario completo); no se calcula ni se extrapola
Ibagué,73,2026*,Ene-Jun (parcial),hacinamiento,Hogares con hacinamiento (>3 personas/cuarto para dormir),0.55,0.1356,0.2896,0.8369,1.0802,3208,24.6912,PRECAUCION,"GEIH 2026 Ene-Jun (DANE, catalogo ANDA 900)","Umbral >3 sobre CUARTOS PARA DORMIR (P5010), no cuartos totales"
Ibagué,73,2026*,Ene-Jun (parcial),hacinamiento,Hogares con hacinamiento critico NBI (>3 personas/cuarto TOTAL),0.03,,,,,3208,,NO PUBLICAR,"GEIH 2026 Ene-Jun (DANE, catalogo ANDA 900)",Definicion oficial DANE-NBI (cuartos totales incl. sala-comedor)
Ibagué,73,2026*,Ene-Jun (parcial),hacinamiento,Personas por cuarto para dormir - mediana,1.33,,,,,3208,,ACEPTABLE,"GEIH 2026 Ene-Jun (DANE, catalogo ANDA 900)",
Ibagué,73,2026*,Ene-Jun (parcial),hacinamiento,Personas por cuarto para dormir - promedio,1.38,0.0096,1.3587,1.3974,1.0555,3208,0.6977,EXCELENTE,"GEIH 2026 Ene-Jun (DANE, catalogo ANDA 900)",
Ibagué,73,2026*,Ene-Jun (parcial),ingreso_pobreza,% arrendatarios en pobreza monetaria,ND,,,,,0,,ND,ND - DANE no publica Pobreza Monetaria 2026,DANE no publica Medicion de Pobreza Monetaria y Desigualdad 2026 (requiere año calendario completo); no se calcula ni se extrapola
Ibagué,73,2026*,Ene-Jun (parcial),ingreso_pobreza,% hogares no pobres que viven en arriendo,ND,,,,,0,,ND,ND - DANE no publica Pobreza Monetaria 2026,DANE no publica Medicion de Pobreza Monetaria y Desigualdad 2026 (requiere año calendario completo); no se calcula ni se extrapola
Ibagué,73,2026*,Ene-Jun (parcial),ingreso_pobreza,% hogares pobres que viven en arriendo,ND,,,,,0,,ND,ND - DANE no publica Pobreza Monetaria 2026,DANE no publica Medicion de Pobreza Monetaria y Desigualdad 2026 (requiere año calendario completo); no se calcula ni se extrapola
Ibagué,73,2026*,Ene-Jun (parcial),ingreso_pobreza,% propietarios en pobreza monetaria,ND,,,,,0,,ND,ND - DANE no publica Pobreza Monetaria 2026,DANE no publica Medicion de Pobreza Monetaria y Desigualdad 2026 (requiere año calendario completo); no se calcula ni se extrapola
Ibagué,73,2026*,Ene-Jun (parcial),ingreso_pobreza,Brecha de ingreso propietarios vs arrendatarios,ND,,,,,0,,ND,ND - DANE no publica Pobreza Monetaria 2026,DANE no publica Medicion de Pobreza Monetaria y Desigualdad 2026 (requiere año calendario completo); no se calcula ni se extrapola
Ibagué,73,2026*,Ene-Jun (parcial),ingreso_pobreza,Ingreso mediano hogares arrendatarios,ND,,,,,0,,ND,ND - DANE no publica Pobreza Monetaria 2026,DANE no publica Medicion de Pobreza Monetaria y Desigualdad 2026 (requiere año calendario completo); no se calcula ni se extrapola
Ibagué,73,2026*,Ene-Jun (parcial),ingreso_pobreza,Ingreso mediano hogares propietarios,ND,,,,,0,,ND,ND - DANE no publica Pobreza Monetaria 2026,DANE no publica Medicion de Pobreza Monetaria y Desigualdad 2026 (requiere año calendario completo); no se calcula ni se extrapola
Ibagué,73,2026*,Ene-Jun (parcial),servicios_publicos,Hogares sin acueducto,0.22,0.0890,0.0654,0.4095,1.1435,3208,39.9835,NO PUBLICAR,"GEIH 2026 Ene-Jun (DANE, catalogo ANDA 900)",
Ibagué,73,2026*,Ene-Jun (parcial),servicios_publicos,Hogares sin alcantarillado,1.45,0.2288,0.9844,1.8531,1.1771,3208,15.8059,PRECAUCION,"GEIH 2026 Ene-Jun (DANE, catalogo ANDA 900)",
Ibagué,73,2026*,Ene-Jun (parcial),servicios_publicos,Hogares sin energia electrica,0.0,0.0000,0.0000,0.0000,,3208,,ACEPTABLE,"GEIH 2026 Ene-Jun (DANE, catalogo ANDA 900)",
Ibagué,73,2026*,Ene-Jun (parcial),servicios_publicos,Hogares sin gas natural conectado a red,4.2,0.3668,3.4520,4.8235,1.0717,3208,8.7244,ACEPTABLE,"GEIH 2026 Ene-Jun (DANE, catalogo ANDA 900)",
Ibagué,73,2026*,Ene-Jun (parcial),servicios_publicos,Hogares sin recoleccion de basuras,0.66,0.1542,0.3641,0.9549,1.1671,3208,23.4396,PRECAUCION,"GEIH 2026 Ene-Jun (DANE, catalogo ANDA 900)",
Ibagué,73,2026*,Ene-Jun (parcial),tenencia,Tenencia: En arriendo o subarriendo,50.58,0.9494,48.7959,52.3828,1.1568,1601,1.8772,EXCELENTE,"GEIH 2026 Ene-Jun (DANE, catalogo ANDA 900)",
Ibagué,73,2026*,Ene-Jun (parcial),tenencia,Tenencia: En usufructo,12.29,0.6081,11.0579,13.3934,1.1003,400,4.9464,EXCELENTE,"GEIH 2026 Ene-Jun (DANE, catalogo ANDA 900)",
Ibagué,73,2026*,Ene-Jun (parcial),tenencia,Tenencia: Otra,0.0,0.0000,0.0000,0.0000,,0,,ACEPTABLE,"GEIH 2026 Ene-Jun (DANE, catalogo ANDA 900)",
Ibagué,73,2026*,Ene-Jun (parcial),tenencia,Tenencia: Posesion sin titulo,1.92,0.2519,1.4243,2.3953,1.0810,59,13.1194,ACEPTABLE,"GEIH 2026 Ene-Jun (DANE, catalogo ANDA 900)",
Ibagué,73,2026*,Ene-Jun (parcial),tenencia,"Tenencia: Propia, la estan pagando",6.37,0.4524,5.4462,7.2230,1.1005,189,7.0989,ACEPTABLE,"GEIH 2026 Ene-Jun (DANE, catalogo ANDA 900)",
Ibagué,73,2026*,Ene-Jun (parcial),tenencia,"Tenencia: Propia, totalmente pagada",27.5,0.8396,26.0860,29.1663,1.1343,915,3.0532,EXCELENTE,"GEIH 2026 Ene-Jun (DANE, catalogo ANDA 900)",
Ibagué,73,2026*,Ene-Jun (parcial),tenencia,Tenencia: Propiedad colectiva,1.34,0.2143,0.9207,1.7602,1.1164,44,16.0213,PRECAUCION,"GEIH 2026 Ene-Jun (DANE, catalogo ANDA 900)",
Ibagué,73,2026*,Ene-Jun (parcial),tenencia,Tenencia: suma de categorias (control),100.0,,,,,3208,,NO_APLICA,"GEIH 2026 Ene-Jun (DANE, catalogo ANDA 900)",Control de auditoria: debe ser 100% +/-0.1pp
Ibagué,73,2026*,Ene-Jun (parcial),vivienda_propia_credito,Arriendo imputado (estimado) - P25,500000.0,,,,,1581,,ACEPTABLE,"GEIH 2026 Ene-Jun (DANE, catalogo ANDA 900)",22 registro(s) excluidos por valor extremo
Ibagué,73,2026*,Ene-Jun (parcial),vivienda_propia_credito,Arriendo imputado (estimado) - P75,950000.0,,,,,1581,,ACEPTABLE,"GEIH 2026 Ene-Jun (DANE, catalogo ANDA 900)",22 registro(s) excluidos por valor extremo
Ibagué,73,2026*,Ene-Jun (parcial),vivienda_propia_credito,Arriendo imputado (estimado) - mediana,700000.0,15263.6617,650000.0000,700000.0000,1.6695,1581,2.1805,EXCELENTE,"GEIH 2026 Ene-Jun (DANE, catalogo ANDA 900)",22 registro(s) excluidos por valor extremo
Ibagué,73,2026*,Ene-Jun (parcial),vivienda_propia_credito,Arriendo imputado (estimado) - promedio,814544.8,12385.6848,787323.3400,837985.2337,1.0992,1581,1.5206,EXCELENTE,"GEIH 2026 Ene-Jun (DANE, catalogo ANDA 900)",22 registro(s) excluidos por valor extremo
Ibagué,73,2026*,Ene-Jun (parcial),vivienda_propia_credito,Cuota hipotecaria mensual - P25,470891.99,,,,,187,,ACEPTABLE,"GEIH 2026 Ene-Jun (DANE, catalogo ANDA 900)",2 registro(s) excluidos por valor extremo
Ibagué,73,2026*,Ene-Jun (parcial),vivienda_propia_credito,Cuota hipotecaria mensual - P75,1056302.85,,,,,187,,ACEPTABLE,"GEIH 2026 Ene-Jun (DANE, catalogo ANDA 900)",2 registro(s) excluidos por valor extremo
Ibagué,73,2026*,Ene-Jun (parcial),vivienda_propia_credito,Cuota hipotecaria mensual - mediana,750000.0,51064.7216,626079.4283,800000.0000,1.4401,187,6.8086,ACEPTABLE,"GEIH 2026 Ene-Jun (DANE, catalogo ANDA 900)",2 registro(s) excluidos por valor extremo
Ibagué,73,2026*,Ene-Jun (parcial),vivienda_propia_credito,Cuota hipotecaria mensual - promedio,871387.21,44032.7697,786929.1924,964179.7439,1.0708,187,5.0532,ACEPTABLE,"GEIH 2026 Ene-Jun (DANE, catalogo ANDA 900)",2 registro(s) excluidos por valor extremo
Ibagué,73,2026*,Ene-Jun (parcial),vivienda_propia_credito,Valor estimado de venta de la vivienda - P25,145000000.0,,,,,1055,,ACEPTABLE,"GEIH 2026 Ene-Jun (DANE, catalogo ANDA 900)",13 registro(s) excluidos por valor extremo
Ibagué,73,2026*,Ene-Jun (parcial),vivienda_propia_credito,Valor estimado de venta de la vivienda - P75,250000000.0,,,,,1055,,ACEPTABLE,"GEIH 2026 Ene-Jun (DANE, catalogo ANDA 900)",13 registro(s) excluidos por valor extremo
Ibagué,73,2026*,Ene-Jun (parcial),vivienda_propia_credito,Valor estimado de venta de la vivienda - mediana,180000000.0,4699327.1538,180000000.0000,195000000.0000,0.8336,1055,2.6107,EXCELENTE,"GEIH 2026 Ene-Jun (DANE, catalogo ANDA 900)",13 registro(s) excluidos por valor extremo
Ibagué,73,2026*,Ene-Jun (parcial),vivienda_propia_credito,Valor estimado de venta de la vivienda - promedio,230031610.88,5372340.4846,218843034.4477,239113984.8443,1.0894,1055,2.3355,EXCELENTE,"GEIH 2026 Ene-Jun (DANE, catalogo ANDA 900)",13 registro(s) excluidos por valor extremo
Manizales A.M.,17,2023,Ene-Dic (12 meses),arriendo,Canon de arriendo mensual - P25,470000.0,,,,,5304,,ACEPTABLE,"GEIH 2023 (DANE, catalogo ANDA 782)",25 registro(s) excluidos por valor extremo
Manizales A.M.,17,2023,Ene-Dic (12 meses),arriendo,Canon de arriendo mensual - P75,800000.0,,,,,5304,,ACEPTABLE,"GEIH 2023 (DANE, catalogo ANDA 782)",25 registro(s) excluidos por valor extremo
Manizales A.M.,17,2023,Ene-Dic (12 meses),arriendo,Canon de arriendo mensual - mediana,600000.0,0.0000,600000.0000,600000.0000,0.0000,5304,0.0000,EXCELENTE,"GEIH 2023 (DANE, catalogo ANDA 782)",25 registro(s) excluidos por valor extremo
Manizales A.M.,17,2023,Ene-Dic (12 meses),arriendo,Canon de arriendo mensual - promedio,689070.81,5701.8746,677045.5952,699550.5653,1.2958,5304,0.8275,EXCELENTE,"GEIH 2023 (DANE, catalogo ANDA 782)",25 registro(s) excluidos por valor extremo
Manizales A.M.,17,2023,Ene-Dic (12 meses),deficit_habitacional,Deficit habitacional cualitativo,ND - pendiente Fase 2 (ECV),,,,,0,,ND,ECV (fuera de alcance Fase 1),ND - pendiente Fase 2 (ECV): fuente fuera de alcance de Fase 1
Manizales A.M.,17,2023,Ene-Dic (12 meses),deficit_habitacional,Deficit habitacional cuantitativo,ND - pendiente Fase 2 (ECV),,,,,0,,ND,ECV (fuera de alcance Fase 1),ND - pendiente Fase 2 (ECV): fuente fuera de alcance de Fase 1
Manizales A.M.,17,2023,Ene-Dic (12 meses),deficit_habitacional,Distribucion por estrato socioeconomico,ND - pendiente Fase 2 (ECV),,,,,0,,ND,ECV (fuera de alcance Fase 1),ND - pendiente Fase 2 (ECV): fuente fuera de alcance de Fase 1
Manizales A.M.,17,2023,Ene-Dic (12 meses),esfuerzo_financiero,Arrendatarios que destinan >30% del ingreso al arriendo,41.37,,,,,5250,,ACEPTABLE,"Pobreza Monetaria 2023 (DANE, catalogo ANDA 835)",sobrecarga (>30%)
Manizales A.M.,17,2023,Ene-Dic (12 meses),esfuerzo_financiero,Arrendatarios que destinan >50% del ingreso al arriendo,14.8,,,,,5250,,ACEPTABLE,"Pobreza Monetaria 2023 (DANE, catalogo ANDA 835)",sobrecarga severa (>50%)
Manizales A.M.,17,2023,Ene-Dic (12 meses),esfuerzo_financiero,Arriendo/ingreso del hogar (mediana),26.49,,,,,5250,,ACEPTABLE,"Pobreza Monetaria 2023 (DANE, catalogo ANDA 835)",Merge con 98.7% de coincidencia
Manizales A.M.,17,2023,Ene-Dic (12 meses),hacinamiento,Hogares con hacinamiento (>3 personas/cuarto para dormir),0.7,0.0960,0.5313,0.9190,1.4976,11379,13.6198,ACEPTABLE,"GEIH 2023 (DANE, catalogo ANDA 782)","Umbral >3 sobre CUARTOS PARA DORMIR (P5010), no cuartos totales"
Manizales A.M.,17,2023,Ene-Dic (12 meses),hacinamiento,Hogares con hacinamiento critico NBI (>3 personas/cuarto TOTAL),0.22,,,,,11379,,NO PUBLICAR,"GEIH 2023 (DANE, catalogo ANDA 782)",Definicion oficial DANE-NBI (cuartos totales incl. sala-comedor)
Manizales A.M.,17,2023,Ene-Dic (12 meses),hacinamiento,Personas por cuarto para dormir - mediana,1.33,,,,,11379,,ACEPTABLE,"GEIH 2023 (DANE, catalogo ANDA 782)",
Manizales A.M.,17,2023,Ene-Dic (12 meses),hacinamiento,Personas por cuarto para dormir - promedio,1.45,0.0057,1.4349,1.4567,1.2889,11379,0.3950,EXCELENTE,"GEIH 2023 (DANE, catalogo ANDA 782)",
Manizales A.M.,17,2023,Ene-Dic (12 meses),ingreso_pobreza,% arrendatarios en pobreza monetaria,21.14,,,,,5374,,ACEPTABLE,"Pobreza Monetaria 2023 (DANE, catalogo ANDA 835)",
Manizales A.M.,17,2023,Ene-Dic (12 meses),ingreso_pobreza,% hogares no pobres que viven en arriendo,45.28,,,,,9756,,ACEPTABLE,"Pobreza Monetaria 2023 (DANE, catalogo ANDA 835)",
Manizales A.M.,17,2023,Ene-Dic (12 meses),ingreso_pobreza,% hogares pobres que viven en arriendo,67.26,,,,,1623,,ACEPTABLE,"Pobreza Monetaria 2023 (DANE, catalogo ANDA 835)",
Manizales A.M.,17,2023,Ene-Dic (12 meses),ingreso_pobreza,% propietarios en pobreza monetaria,6.87,,,,,4368,,ACEPTABLE,"Pobreza Monetaria 2023 (DANE, catalogo ANDA 835)",
Manizales A.M.,17,2023,Ene-Dic (12 meses),ingreso_pobreza,Brecha de ingreso propietarios vs arrendatarios,44.91,,,,,0,,NO_APLICA,"Pobreza Monetaria 2023 (DANE, catalogo ANDA 835)",(+) = propietarios ganan mas; calculado sobre medianas ponderadas
Manizales A.M.,17,2023,Ene-Dic (12 meses),ingreso_pobreza,Ingreso mediano hogares arrendatarios,2320000.0,,,,,5318,,ACEPTABLE,"Pobreza Monetaria 2023 (DANE, catalogo ANDA 835)",ingtotug = ingreso total unidad de gasto SIN imputar arriendo
Manizales A.M.,17,2023,Ene-Dic (12 meses),ingreso_pobreza,Ingreso mediano hogares propietarios,3361859.07,,,,,4328,,ACEPTABLE,"Pobreza Monetaria 2023 (DANE, catalogo ANDA 835)",ingtotug = ingreso total unidad de gasto SIN imputar arriendo
Manizales A.M.,17,2023,Ene-Dic (12 meses),servicios_publicos,Hogares sin acueducto,0.38,0.0668,0.2522,0.5126,1.3517,11379,17.7124,PRECAUCION,"GEIH 2023 (DANE, catalogo ANDA 782)",
Manizales A.M.,17,2023,Ene-Dic (12 meses),servicios_publicos,Hogares sin alcantarillado,0.84,0.0975,0.6658,1.0271,1.2945,11379,11.5754,ACEPTABLE,"GEIH 2023 (DANE, catalogo ANDA 782)",
Manizales A.M.,17,2023,Ene-Dic (12 meses),servicios_publicos,Hogares sin energia electrica,0.02,0.0121,0.0000,0.0423,1.0121,11379,73.3054,NO PUBLICAR,"GEIH 2023 (DANE, catalogo ANDA 782)",
Manizales A.M.,17,2023,Ene-Dic (12 meses),servicios_publicos,Hogares sin gas natural conectado a red,10.54,0.3094,9.9081,11.1445,1.1550,11379,2.9351,EXCELENTE,"GEIH 2023 (DANE, catalogo ANDA 782)",
Manizales A.M.,17,2023,Ene-Dic (12 meses),servicios_publicos,Hogares sin recoleccion de basuras,0.16,0.0388,0.0814,0.2273,1.1057,11379,24.9957,PRECAUCION,"GEIH 2023 (DANE, catalogo ANDA 782)",
Manizales A.M.,17,2023,Ene-Dic (12 meses),tenencia,Tenencia: En arriendo o subarriendo,48.64,0.4937,47.7332,49.5998,1.1104,5374,1.0150,EXCELENTE,"GEIH 2023 (DANE, catalogo ANDA 782)",
Manizales A.M.,17,2023,Ene-Dic (12 meses),tenencia,Tenencia: En usufructo,11.6,0.3194,10.9857,12.1933,1.1320,1380,2.7532,EXCELENTE,"GEIH 2023 (DANE, catalogo ANDA 782)",
Manizales A.M.,17,2023,Ene-Dic (12 meses),tenencia,Tenencia: Otra,0.05,0.0209,0.0125,0.0917,1.0714,5,45.0337,NO PUBLICAR,"GEIH 2023 (DANE, catalogo ANDA 782)",
Manizales A.M.,17,2023,Ene-Dic (12 meses),tenencia,Tenencia: Posesion sin titulo,0.66,0.0840,0.5090,0.8363,1.2318,68,12.8028,ACEPTABLE,"GEIH 2023 (DANE, catalogo ANDA 782)",
Manizales A.M.,17,2023,Ene-Dic (12 meses),tenencia,"Tenencia: Propia, la estan pagando",7.12,0.2615,6.6267,7.6306,1.1765,776,3.6717,EXCELENTE,"GEIH 2023 (DANE, catalogo ANDA 782)",
Manizales A.M.,17,2023,Ene-Dic (12 meses),tenencia,"Tenencia: Propia, totalmente pagada",30.41,0.4543,29.5897,31.3323,1.1099,3592,1.4940,EXCELENTE,"GEIH 2023 (DANE, catalogo ANDA 782)",
Manizales A.M.,17,2023,Ene-Dic (12 meses),tenencia,Tenencia: Propiedad colectiva,1.52,0.1199,1.2772,1.7721,1.0940,184,7.8989,ACEPTABLE,"GEIH 2023 (DANE, catalogo ANDA 782)",
Manizales A.M.,17,2023,Ene-Dic (12 meses),tenencia,Tenencia: suma de categorias (control),100.0,,,,,11379,,NO_APLICA,"GEIH 2023 (DANE, catalogo ANDA 782)",Control de auditoria: debe ser 100% +/-0.1pp
Manizales A.M.,17,2023,Ene-Dic (12 meses),vivienda_propia_credito,Arriendo imputado (estimado) - P25,500000.0,,,,,5740,,ACEPTABLE,"GEIH 2023 (DANE, catalogo ANDA 782)",25 registro(s) excluidos por valor extremo
Manizales A.M.,17,2023,Ene-Dic (12 meses),vivienda_propia_credito,Arriendo imputado (estimado) - P75,1000000.0,,,,,5740,,ACEPTABLE,"GEIH 2023 (DANE, catalogo ANDA 782)",25 registro(s) excluidos por valor extremo
Manizales A.M.,17,2023,Ene-Dic (12 meses),vivienda_propia_credito,Arriendo imputado (estimado) - mediana,700000.0,0.0000,700000.0000,700000.0000,0.0000,5740,0.0000,EXCELENTE,"GEIH 2023 (DANE, catalogo ANDA 782)",25 registro(s) excluidos por valor extremo
Manizales A.M.,17,2023,Ene-Dic (12 meses),vivienda_propia_credito,Arriendo imputado (estimado) - promedio,884040.69,8189.6578,866803.7716,897751.3369,1.0944,5740,0.9264,EXCELENTE,"GEIH 2023 (DANE, catalogo ANDA 782)",25 registro(s) excluidos por valor extremo
Manizales A.M.,17,2023,Ene-Dic (12 meses),vivienda_propia_credito,Cuota hipotecaria mensual - P25,450000.0,,,,,746,,ACEPTABLE,"GEIH 2023 (DANE, catalogo ANDA 782)",
Manizales A.M.,17,2023,Ene-Dic (12 meses),vivienda_propia_credito,Cuota hipotecaria mensual - P75,1214570.7,,,,,746,,ACEPTABLE,"GEIH 2023 (DANE, catalogo ANDA 782)",
Manizales A.M.,17,2023,Ene-Dic (12 meses),vivienda_propia_credito,Cuota hipotecaria mensual - mediana,719470.67,30016.0739,690983.1730,800000.0000,0.4648,746,4.1720,EXCELENTE,"GEIH 2023 (DANE, catalogo ANDA 782)",
Manizales A.M.,17,2023,Ene-Dic (12 meses),vivienda_propia_credito,Cuota hipotecaria mensual - promedio,1011292.86,49664.8505,925689.8683,1116174.8265,1.2725,746,4.9110,EXCELENTE,"GEIH 2023 (DANE, catalogo ANDA 782)",
Manizales A.M.,17,2023,Ene-Dic (12 meses),vivienda_propia_credito,Valor estimado de venta de la vivienda - P25,130000000.0,,,,,3051,,ACEPTABLE,"GEIH 2023 (DANE, catalogo ANDA 782)",39 registro(s) excluidos por valor extremo
Manizales A.M.,17,2023,Ene-Dic (12 meses),vivienda_propia_credito,Valor estimado de venta de la vivienda - P75,300000000.0,,,,,3051,,ACEPTABLE,"GEIH 2023 (DANE, catalogo ANDA 782)",39 registro(s) excluidos por valor extremo
Manizales A.M.,17,2023,Ene-Dic (12 meses),vivienda_propia_credito,Valor estimado de venta de la vivienda - mediana,200000000.0,1217834.6134,200000000.0000,200000000.0000,0.1010,3051,0.6089,EXCELENTE,"GEIH 2023 (DANE, catalogo ANDA 782)",39 registro(s) excluidos por valor extremo
Manizales A.M.,17,2023,Ene-Dic (12 meses),vivienda_propia_credito,Valor estimado de venta de la vivienda - promedio,246193821.53,4067866.8573,239458411.1427,254702176.9466,1.1267,3051,1.6523,EXCELENTE,"GEIH 2023 (DANE, catalogo ANDA 782)",39 registro(s) excluidos por valor extremo
Manizales A.M.,17,2024,Ene-Dic (12 meses),arriendo,Canon de arriendo mensual - P25,500000.0,,,,,5268,,ACEPTABLE,"GEIH 2024 (DANE, catalogo ANDA 819)",18 registro(s) excluidos por valor extremo
Manizales A.M.,17,2024,Ene-Dic (12 meses),arriendo,Canon de arriendo mensual - P75,860000.0,,,,,5268,,ACEPTABLE,"GEIH 2024 (DANE, catalogo ANDA 819)",18 registro(s) excluidos por valor extremo
Manizales A.M.,17,2024,Ene-Dic (12 meses),arriendo,Canon de arriendo mensual - mediana,650000.0,1691.2163,650000.0000,650000.0000,0.0920,5268,0.2602,EXCELENTE,"GEIH 2024 (DANE, catalogo ANDA 819)",18 registro(s) excluidos por valor extremo
Manizales A.M.,17,2024,Ene-Dic (12 meses),arriendo,Canon de arriendo mensual - promedio,754846.19,6382.9269,741945.6100,766351.3073,1.3106,5268,0.8456,EXCELENTE,"GEIH 2024 (DANE, catalogo ANDA 819)",18 registro(s) excluidos por valor extremo
Manizales A.M.,17,2024,Ene-Dic (12 meses),deficit_habitacional,Deficit habitacional cualitativo,ND - pendiente Fase 2 (ECV),,,,,0,,ND,ECV (fuera de alcance Fase 1),ND - pendiente Fase 2 (ECV): fuente fuera de alcance de Fase 1
Manizales A.M.,17,2024,Ene-Dic (12 meses),deficit_habitacional,Deficit habitacional cuantitativo,ND - pendiente Fase 2 (ECV),,,,,0,,ND,ECV (fuera de alcance Fase 1),ND - pendiente Fase 2 (ECV): fuente fuera de alcance de Fase 1
Manizales A.M.,17,2024,Ene-Dic (12 meses),deficit_habitacional,Distribucion por estrato socioeconomico,ND - pendiente Fase 2 (ECV),,,,,0,,ND,ECV (fuera de alcance Fase 1),ND - pendiente Fase 2 (ECV): fuente fuera de alcance de Fase 1
Manizales A.M.,17,2024,Ene-Dic (12 meses),esfuerzo_financiero,Arrendatarios que destinan >30% del ingreso al arriendo,41.42,,,,,5206,,ACEPTABLE,"Pobreza Monetaria 2024 (DANE, catalogo ANDA 874)",sobrecarga (>30%)
Manizales A.M.,17,2024,Ene-Dic (12 meses),esfuerzo_financiero,Arrendatarios que destinan >50% del ingreso al arriendo,13.6,,,,,5206,,ACEPTABLE,"Pobreza Monetaria 2024 (DANE, catalogo ANDA 874)",sobrecarga severa (>50%)
Manizales A.M.,17,2024,Ene-Dic (12 meses),esfuerzo_financiero,Arriendo/ingreso del hogar (mediana),26.4,,,,,5206,,ACEPTABLE,"Pobreza Monetaria 2024 (DANE, catalogo ANDA 874)",Merge con 98.9% de coincidencia
Manizales A.M.,17,2024,Ene-Dic (12 meses),hacinamiento,Hogares con hacinamiento (>3 personas/cuarto para dormir),0.89,0.1162,0.6900,1.1216,1.7307,11334,13.0228,ACEPTABLE,"GEIH 2024 (DANE, catalogo ANDA 819)","Umbral >3 sobre CUARTOS PARA DORMIR (P5010), no cuartos totales"
Manizales A.M.,17,2024,Ene-Dic (12 meses),hacinamiento,Hogares con hacinamiento critico NBI (>3 personas/cuarto TOTAL),0.2,,,,,11334,,NO PUBLICAR,"GEIH 2024 (DANE, catalogo ANDA 819)",Definicion oficial DANE-NBI (cuartos totales incl. sala-comedor)
Manizales A.M.,17,2024,Ene-Dic (12 meses),hacinamiento,Personas por cuarto para dormir - mediana,1.33,,,,,11334,,ACEPTABLE,"GEIH 2024 (DANE, catalogo ANDA 819)",
Manizales A.M.,17,2024,Ene-Dic (12 meses),hacinamiento,Personas por cuarto para dormir - promedio,1.45,0.0056,1.4347,1.4561,1.3016,11334,0.3898,EXCELENTE,"GEIH 2024 (DANE, catalogo ANDA 819)",
Manizales A.M.,17,2024,Ene-Dic (12 meses),ingreso_pobreza,% arrendatarios en pobreza monetaria,18.85,,,,,5329,,ACEPTABLE,"Pobreza Monetaria 2024 (DANE, catalogo ANDA 874)",
Manizales A.M.,17,2024,Ene-Dic (12 meses),ingreso_pobreza,% hogares no pobres que viven en arriendo,45.92,,,,,9873,,ACEPTABLE,"Pobreza Monetaria 2024 (DANE, catalogo ANDA 874)",
Manizales A.M.,17,2024,Ene-Dic (12 meses),ingreso_pobreza,% hogares pobres que viven en arriendo,66.51,,,,,1461,,ACEPTABLE,"Pobreza Monetaria 2024 (DANE, catalogo ANDA 874)",
Manizales A.M.,17,2024,Ene-Dic (12 meses),ingreso_pobreza,% propietarios en pobreza monetaria,7.12,,,,,4437,,ACEPTABLE,"Pobreza Monetaria 2024 (DANE, catalogo ANDA 874)",
Manizales A.M.,17,2024,Ene-Dic (12 meses),ingreso_pobreza,Brecha de ingreso propietarios vs arrendatarios,43.25,,,,,0,,NO_APLICA,"Pobreza Monetaria 2024 (DANE, catalogo ANDA 874)",(+) = propietarios ganan mas; calculado sobre medianas ponderadas
Manizales A.M.,17,2024,Ene-Dic (12 meses),ingreso_pobreza,Ingreso mediano hogares arrendatarios,2500000.0,,,,,5263,,ACEPTABLE,"Pobreza Monetaria 2024 (DANE, catalogo ANDA 874)",ingtotug = ingreso total unidad de gasto SIN imputar arriendo
Manizales A.M.,17,2024,Ene-Dic (12 meses),ingreso_pobreza,Ingreso mediano hogares propietarios,3581334.71,,,,,4402,,ACEPTABLE,"Pobreza Monetaria 2024 (DANE, catalogo ANDA 874)",ingtotug = ingreso total unidad de gasto SIN imputar arriendo
Manizales A.M.,17,2024,Ene-Dic (12 meses),servicios_publicos,Hogares sin acueducto,0.26,0.0472,0.1846,0.3633,0.9562,11334,17.8293,PRECAUCION,"GEIH 2024 (DANE, catalogo ANDA 819)",
Manizales A.M.,17,2024,Ene-Dic (12 meses),servicios_publicos,Hogares sin alcantarillado,0.25,0.0457,0.1756,0.3472,0.9360,11334,18.0171,PRECAUCION,"GEIH 2024 (DANE, catalogo ANDA 819)",
Manizales A.M.,17,2024,Ene-Dic (12 meses),servicios_publicos,Hogares sin energia electrica,0.01,0.0058,0.0025,0.0248,0.3334,11334,50.4738,NO PUBLICAR,"GEIH 2024 (DANE, catalogo ANDA 819)",
Manizales A.M.,17,2024,Ene-Dic (12 meses),servicios_publicos,Hogares sin gas natural conectado a red,9.74,0.2965,9.1716,10.3106,1.1336,11334,3.0451,EXCELENTE,"GEIH 2024 (DANE, catalogo ANDA 819)",
Manizales A.M.,17,2024,Ene-Dic (12 meses),servicios_publicos,Hogares sin recoleccion de basuras,0.25,0.0629,0.1495,0.3869,1.8111,11334,25.3515,NO PUBLICAR,"GEIH 2024 (DANE, catalogo ANDA 819)",
Manizales A.M.,17,2024,Ene-Dic (12 meses),tenencia,Tenencia: En arriendo o subarriendo,48.76,0.5055,47.6677,49.7425,1.1590,5329,1.0366,EXCELENTE,"GEIH 2024 (DANE, catalogo ANDA 819)",
Manizales A.M.,17,2024,Ene-Dic (12 meses),tenencia,Tenencia: En usufructo,10.91,0.2998,10.3379,11.4113,1.0476,1295,2.7470,EXCELENTE,"GEIH 2024 (DANE, catalogo ANDA 819)",
Manizales A.M.,17,2024,Ene-Dic (12 meses),tenencia,Tenencia: Otra,0.11,0.0323,0.0545,0.1759,1.1180,11,30.4948,NO PUBLICAR,"GEIH 2024 (DANE, catalogo ANDA 819)",
Manizales A.M.,17,2024,Ene-Dic (12 meses),tenencia,Tenencia: Posesion sin titulo,0.47,0.0748,0.3304,0.6132,1.3652,50,16.0259,PRECAUCION,"GEIH 2024 (DANE, catalogo ANDA 819)",
Manizales A.M.,17,2024,Ene-Dic (12 meses),tenencia,"Tenencia: Propia, la estan pagando",7.17,0.2554,6.6662,7.6927,1.1111,767,3.5631,EXCELENTE,"GEIH 2024 (DANE, catalogo ANDA 819)",
Manizales A.M.,17,2024,Ene-Dic (12 meses),tenencia,"Tenencia: Propia, totalmente pagada",30.81,0.4718,29.8597,31.6874,1.1836,3670,1.5315,EXCELENTE,"GEIH 2024 (DANE, catalogo ANDA 819)",
Manizales A.M.,17,2024,Ene-Dic (12 meses),tenencia,Tenencia: Propiedad colectiva,1.78,0.1267,1.5665,2.0587,1.0419,212,7.1280,ACEPTABLE,"GEIH 2024 (DANE, catalogo ANDA 819)",
Manizales A.M.,17,2024,Ene-Dic (12 meses),tenencia,Tenencia: suma de categorias (control),100.0,,,,,11334,,NO_APLICA,"GEIH 2024 (DANE, catalogo ANDA 819)",Control de auditoria: debe ser 100% +/-0.1pp
Manizales A.M.,17,2024,Ene-Dic (12 meses),vivienda_propia_credito,Arriendo imputado (estimado) - P25,600000.0,,,,,5605,,ACEPTABLE,"GEIH 2024 (DANE, catalogo ANDA 819)",33 registro(s) excluidos por valor extremo
Manizales A.M.,17,2024,Ene-Dic (12 meses),vivienda_propia_credito,Arriendo imputado (estimado) - P75,1100000.0,,,,,5605,,ACEPTABLE,"GEIH 2024 (DANE, catalogo ANDA 819)",33 registro(s) excluidos por valor extremo
Manizales A.M.,17,2024,Ene-Dic (12 meses),vivienda_propia_credito,Arriendo imputado (estimado) - mediana,800000.0,0.0000,800000.0000,800000.0000,0.0000,5605,0.0000,EXCELENTE,"GEIH 2024 (DANE, catalogo ANDA 819)",33 registro(s) excluidos por valor extremo
Manizales A.M.,17,2024,Ene-Dic (12 meses),vivienda_propia_credito,Arriendo imputado (estimado) - promedio,962648.67,9630.0689,943134.4591,982529.4781,1.1685,5605,1.0004,EXCELENTE,"GEIH 2024 (DANE, catalogo ANDA 819)",33 registro(s) excluidos por valor extremo
Manizales A.M.,17,2024,Ene-Dic (12 meses),vivienda_propia_credito,Cuota hipotecaria mensual - P25,500000.0,,,,,736,,ACEPTABLE,"GEIH 2024 (DANE, catalogo ANDA 819)",
Manizales A.M.,17,2024,Ene-Dic (12 meses),vivienda_propia_credito,Cuota hipotecaria mensual - P75,1400000.0,,,,,736,,ACEPTABLE,"GEIH 2024 (DANE, catalogo ANDA 819)",
Manizales A.M.,17,2024,Ene-Dic (12 meses),vivienda_propia_credito,Cuota hipotecaria mensual - mediana,800000.0,35527.8199,700000.0000,850000.0000,1.4068,736,4.4410,EXCELENTE,"GEIH 2024 (DANE, catalogo ANDA 819)",
Manizales A.M.,17,2024,Ene-Dic (12 meses),vivienda_propia_credito,Cuota hipotecaria mensual - promedio,1059129.33,33059.0738,1002045.8577,1131932.6479,1.2181,736,3.1213,EXCELENTE,"GEIH 2024 (DANE, catalogo ANDA 819)",
Manizales A.M.,17,2024,Ene-Dic (12 meses),vivienda_propia_credito,Valor estimado de venta de la vivienda - P25,140000000.0,,,,,2884,,ACEPTABLE,"GEIH 2024 (DANE, catalogo ANDA 819)",35 registro(s) excluidos por valor extremo
Manizales A.M.,17,2024,Ene-Dic (12 meses),vivienda_propia_credito,Valor estimado de venta de la vivienda - P75,300000000.0,,,,,2884,,ACEPTABLE,"GEIH 2024 (DANE, catalogo ANDA 819)",35 registro(s) excluidos por valor extremo
Manizales A.M.,17,2024,Ene-Dic (12 meses),vivienda_propia_credito,Valor estimado de venta de la vivienda - mediana,200000000.0,0.0000,200000000.0000,200000000.0000,0.0000,2884,0.0000,EXCELENTE,"GEIH 2024 (DANE, catalogo ANDA 819)",35 registro(s) excluidos por valor extremo
Manizales A.M.,17,2024,Ene-Dic (12 meses),vivienda_propia_credito,Valor estimado de venta de la vivienda - promedio,250695411.52,3489707.2598,243523724.3145,257102625.9869,1.2193,2884,1.3920,EXCELENTE,"GEIH 2024 (DANE, catalogo ANDA 819)",35 registro(s) excluidos por valor extremo
Manizales A.M.,17,2025,Ene-Dic (12 meses),arriendo,Canon de arriendo mensual - P25,550000.0,,,,,5574,,ACEPTABLE,"GEIH 2025 (DANE, catalogo ANDA 853)",11 registro(s) excluidos por valor extremo
Manizales A.M.,17,2025,Ene-Dic (12 meses),arriendo,Canon de arriendo mensual - P75,900000.0,,,,,5574,,ACEPTABLE,"GEIH 2025 (DANE, catalogo ANDA 853)",11 registro(s) excluidos por valor extremo
Manizales A.M.,17,2025,Ene-Dic (12 meses),arriendo,Canon de arriendo mensual - mediana,700000.0,0.0000,700000.0000,700000.0000,0.0000,5574,0.0000,EXCELENTE,"GEIH 2025 (DANE, catalogo ANDA 853)",11 registro(s) excluidos por valor extremo
Manizales A.M.,17,2025,Ene-Dic (12 meses),arriendo,Canon de arriendo mensual - promedio,781849.05,6010.0492,770234.1189,792877.1029,1.1739,5574,0.7687,EXCELENTE,"GEIH 2025 (DANE, catalogo ANDA 853)",11 registro(s) excluidos por valor extremo
Manizales A.M.,17,2025,Ene-Dic (12 meses),deficit_habitacional,Deficit habitacional cualitativo,ND - pendiente Fase 2 (ECV),,,,,0,,ND,ECV (fuera de alcance Fase 1),ND - pendiente Fase 2 (ECV): fuente fuera de alcance de Fase 1
Manizales A.M.,17,2025,Ene-Dic (12 meses),deficit_habitacional,Deficit habitacional cuantitativo,ND - pendiente Fase 2 (ECV),,,,,0,,ND,ECV (fuera de alcance Fase 1),ND - pendiente Fase 2 (ECV): fuente fuera de alcance de Fase 1
Manizales A.M.,17,2025,Ene-Dic (12 meses),deficit_habitacional,Distribucion por estrato socioeconomico,ND - pendiente Fase 2 (ECV),,,,,0,,ND,ECV (fuera de alcance Fase 1),ND - pendiente Fase 2 (ECV): fuente fuera de alcance de Fase 1
Manizales A.M.,17,2025,Ene-Dic (12 meses),esfuerzo_financiero,Arrendatarios que destinan >30% del ingreso al arriendo,38.51,,,,,5547,,ACEPTABLE,"Pobreza Monetaria 2025 (DANE, catalogo ANDA 908)",sobrecarga (>30%)
Manizales A.M.,17,2025,Ene-Dic (12 meses),esfuerzo_financiero,Arrendatarios que destinan >50% del ingreso al arriendo,12.23,,,,,5547,,ACEPTABLE,"Pobreza Monetaria 2025 (DANE, catalogo ANDA 908)",sobrecarga severa (>50%)
Manizales A.M.,17,2025,Ene-Dic (12 meses),esfuerzo_financiero,Arriendo/ingreso del hogar (mediana),25.35,,,,,5547,,ACEPTABLE,"Pobreza Monetaria 2025 (DANE, catalogo ANDA 908)",Merge con 99.4% de coincidencia
Manizales A.M.,17,2025,Ene-Dic (12 meses),hacinamiento,Hogares con hacinamiento (>3 personas/cuarto para dormir),0.72,0.0944,0.5448,0.9096,1.4512,11639,13.1132,ACEPTABLE,"GEIH 2025 (DANE, catalogo ANDA 853)","Umbral >3 sobre CUARTOS PARA DORMIR (P5010), no cuartos totales"
Manizales A.M.,17,2025,Ene-Dic (12 meses),hacinamiento,Hogares con hacinamiento critico NBI (>3 personas/cuarto TOTAL),0.31,,,,,11639,,NO PUBLICAR,"GEIH 2025 (DANE, catalogo ANDA 853)",Definicion oficial DANE-NBI (cuartos totales incl. sala-comedor)
Manizales A.M.,17,2025,Ene-Dic (12 meses),hacinamiento,Personas por cuarto para dormir - mediana,1.33,,,,,11639,,ACEPTABLE,"GEIH 2025 (DANE, catalogo ANDA 853)",
Manizales A.M.,17,2025,Ene-Dic (12 meses),hacinamiento,Personas por cuarto para dormir - promedio,1.45,0.0056,1.4382,1.4602,1.2600,11639,0.3845,EXCELENTE,"GEIH 2025 (DANE, catalogo ANDA 853)",
Manizales A.M.,17,2025,Ene-Dic (12 meses),ingreso_pobreza,% arrendatarios en pobreza monetaria,14.48,,,,,5606,,ACEPTABLE,"Pobreza Monetaria 2025 (DANE, catalogo ANDA 908)",
Manizales A.M.,17,2025,Ene-Dic (12 meses),ingreso_pobreza,% hogares no pobres que viven en arriendo,47.5,,,,,10541,,ACEPTABLE,"Pobreza Monetaria 2025 (DANE, catalogo ANDA 908)",
Manizales A.M.,17,2025,Ene-Dic (12 meses),ingreso_pobreza,% hogares pobres que viven en arriendo,69.07,,,,,1098,,ACEPTABLE,"Pobreza Monetaria 2025 (DANE, catalogo ANDA 908)",
Manizales A.M.,17,2025,Ene-Dic (12 meses),ingreso_pobreza,% propietarios en pobreza monetaria,4.02,,,,,4375,,ACEPTABLE,"Pobreza Monetaria 2025 (DANE, catalogo ANDA 908)",
Manizales A.M.,17,2025,Ene-Dic (12 meses),ingreso_pobreza,Brecha de ingreso propietarios vs arrendatarios,43.93,,,,,0,,NO_APLICA,"Pobreza Monetaria 2025 (DANE, catalogo ANDA 908)",(+) = propietarios ganan mas; calculado sobre medianas ponderadas
Manizales A.M.,17,2025,Ene-Dic (12 meses),ingreso_pobreza,Ingreso mediano hogares arrendatarios,2731833.33,,,,,5578,,ACEPTABLE,"Pobreza Monetaria 2025 (DANE, catalogo ANDA 908)",ingtotug = ingreso total unidad de gasto SIN imputar arriendo
Manizales A.M.,17,2025,Ene-Dic (12 meses),ingreso_pobreza,Ingreso mediano hogares propietarios,3931821.4,,,,,4361,,ACEPTABLE,"Pobreza Monetaria 2025 (DANE, catalogo ANDA 908)",ingtotug = ingreso total unidad de gasto SIN imputar arriendo
Manizales A.M.,17,2025,Ene-Dic (12 meses),servicios_publicos,Hogares sin acueducto,0.43,0.0839,0.2908,0.6132,1.9193,11639,19.5814,PRECAUCION,"GEIH 2025 (DANE, catalogo ANDA 853)",
Manizales A.M.,17,2025,Ene-Dic (12 meses),servicios_publicos,Hogares sin alcantarillado,0.63,0.0997,0.4576,0.8465,1.8476,11639,15.8214,PRECAUCION,"GEIH 2025 (DANE, catalogo ANDA 853)",
Manizales A.M.,17,2025,Ene-Dic (12 meses),servicios_publicos,Hogares sin energia electrica,0.06,0.0290,0.0085,0.1174,1.7617,11639,52.2315,NO PUBLICAR,"GEIH 2025 (DANE, catalogo ANDA 853)",
Manizales A.M.,17,2025,Ene-Dic (12 meses),servicios_publicos,Hogares sin gas natural conectado a red,9.67,0.3142,9.0755,10.2444,1.3157,11639,3.2502,EXCELENTE,"GEIH 2025 (DANE, catalogo ANDA 853)",
Manizales A.M.,17,2025,Ene-Dic (12 meses),servicios_publicos,Hogares sin recoleccion de basuras,0.17,0.0500,0.0792,0.2810,1.7658,11639,30.2682,NO PUBLICAR,"GEIH 2025 (DANE, catalogo ANDA 853)",
Manizales A.M.,17,2025,Ene-Dic (12 meses),tenencia,Tenencia: En arriendo o subarriendo,49.75,0.5169,48.7283,50.8481,1.2441,5606,1.0392,EXCELENTE,"GEIH 2025 (DANE, catalogo ANDA 853)",
Manizales A.M.,17,2025,Ene-Dic (12 meses),tenencia,Tenencia: En usufructo,11.39,0.3156,10.8363,12.0454,1.1487,1346,2.7713,EXCELENTE,"GEIH 2025 (DANE, catalogo ANDA 853)",
Manizales A.M.,17,2025,Ene-Dic (12 meses),tenencia,Tenencia: Otra,0.02,0.0143,0.0000,0.0566,0.9730,3,58.4630,NO PUBLICAR,"GEIH 2025 (DANE, catalogo ANDA 853)",
Manizales A.M.,17,2025,Ene-Dic (12 meses),tenencia,Tenencia: Posesion sin titulo,1.16,0.1237,0.9465,1.4147,1.5593,117,10.7068,ACEPTABLE,"GEIH 2025 (DANE, catalogo ANDA 853)",
Manizales A.M.,17,2025,Ene-Dic (12 meses),tenencia,"Tenencia: Propia, la estan pagando",6.33,0.2340,5.8586,6.8102,1.0750,717,3.6980,EXCELENTE,"GEIH 2025 (DANE, catalogo ANDA 853)",
Manizales A.M.,17,2025,Ene-Dic (12 meses),tenencia,"Tenencia: Propia, totalmente pagada",29.73,0.4279,28.7797,30.5959,1.0200,3658,1.4391,EXCELENTE,"GEIH 2025 (DANE, catalogo ANDA 853)",
Manizales A.M.,17,2025,Ene-Dic (12 meses),tenencia,Tenencia: Propiedad colectiva,1.63,0.1297,1.3627,1.8791,1.2230,192,7.9706,ACEPTABLE,"GEIH 2025 (DANE, catalogo ANDA 853)",
Manizales A.M.,17,2025,Ene-Dic (12 meses),tenencia,Tenencia: suma de categorias (control),100.0,,,,,11639,,NO_APLICA,"GEIH 2025 (DANE, catalogo ANDA 853)",Control de auditoria: debe ser 100% +/-0.1pp
Manizales A.M.,17,2025,Ene-Dic (12 meses),vivienda_propia_credito,Arriendo imputado (estimado) - P25,600000.0,,,,,5787,,ACEPTABLE,"GEIH 2025 (DANE, catalogo ANDA 853)",22 registro(s) excluidos por valor extremo
Manizales A.M.,17,2025,Ene-Dic (12 meses),vivienda_propia_credito,Arriendo imputado (estimado) - P75,1200000.0,,,,,5787,,ACEPTABLE,"GEIH 2025 (DANE, catalogo ANDA 853)",22 registro(s) excluidos por valor extremo
Manizales A.M.,17,2025,Ene-Dic (12 meses),vivienda_propia_credito,Arriendo imputado (estimado) - mediana,800000.0,0.0000,800000.0000,800000.0000,0.0000,5787,0.0000,EXCELENTE,"GEIH 2025 (DANE, catalogo ANDA 853)",22 registro(s) excluidos por valor extremo
Manizales A.M.,17,2025,Ene-Dic (12 meses),vivienda_propia_credito,Arriendo imputado (estimado) - promedio,974111.52,8261.0277,957781.7642,990510.0760,1.0893,5787,0.8481,EXCELENTE,"GEIH 2025 (DANE, catalogo ANDA 853)",22 registro(s) excluidos por valor extremo
Manizales A.M.,17,2025,Ene-Dic (12 meses),vivienda_propia_credito,Cuota hipotecaria mensual - P25,510039.23,,,,,694,,ACEPTABLE,"GEIH 2025 (DANE, catalogo ANDA 853)",
Manizales A.M.,17,2025,Ene-Dic (12 meses),vivienda_propia_credito,Cuota hipotecaria mensual - P75,1200000.0,,,,,694,,ACEPTABLE,"GEIH 2025 (DANE, catalogo ANDA 853)",
Manizales A.M.,17,2025,Ene-Dic (12 meses),vivienda_propia_credito,Cuota hipotecaria mensual - mediana,750000.0,26246.8889,700000.0000,800000.0000,0.8306,694,3.4996,EXCELENTE,"GEIH 2025 (DANE, catalogo ANDA 853)",
Manizales A.M.,17,2025,Ene-Dic (12 meses),vivienda_propia_credito,Cuota hipotecaria mensual - promedio,989934.22,28877.4547,932866.0788,1042095.1540,1.0054,694,2.9171,EXCELENTE,"GEIH 2025 (DANE, catalogo ANDA 853)",
Manizales A.M.,17,2025,Ene-Dic (12 meses),vivienda_propia_credito,Valor estimado de venta de la vivienda - P25,160000000.0,,,,,2792,,ACEPTABLE,"GEIH 2025 (DANE, catalogo ANDA 853)",31 registro(s) excluidos por valor extremo
Manizales A.M.,17,2025,Ene-Dic (12 meses),vivienda_propia_credito,Valor estimado de venta de la vivienda - P75,300000000.0,,,,,2792,,ACEPTABLE,"GEIH 2025 (DANE, catalogo ANDA 853)",31 registro(s) excluidos por valor extremo
Manizales A.M.,17,2025,Ene-Dic (12 meses),vivienda_propia_credito,Valor estimado de venta de la vivienda - mediana,220000000.0,4657912.2913,210000000.0000,230000000.0000,2.4834,2792,2.1172,EXCELENTE,"GEIH 2025 (DANE, catalogo ANDA 853)",31 registro(s) excluidos por valor extremo
Manizales A.M.,17,2025,Ene-Dic (12 meses),vivienda_propia_credito,Valor estimado de venta de la vivienda - promedio,261832722.55,3235646.4642,255923349.2365,268679526.3844,1.1984,2792,1.2358,EXCELENTE,"GEIH 2025 (DANE, catalogo ANDA 853)",31 registro(s) excluidos por valor extremo
Manizales A.M.,17,2026*,Ene-Jun (parcial),arriendo,Canon de arriendo mensual - P25,600000.0,,,,,2937,,ACEPTABLE,"GEIH 2026 Ene-Jun (DANE, catalogo ANDA 900)",16 registro(s) excluidos por valor extremo
Manizales A.M.,17,2026*,Ene-Jun (parcial),arriendo,Canon de arriendo mensual - P75,1000000.0,,,,,2937,,ACEPTABLE,"GEIH 2026 Ene-Jun (DANE, catalogo ANDA 900)",16 registro(s) excluidos por valor extremo
Manizales A.M.,17,2026*,Ene-Jun (parcial),arriendo,Canon de arriendo mensual - mediana,800000.0,15536.8894,750000.0000,800000.0000,3.3492,2937,1.9421,EXCELENTE,"GEIH 2026 Ene-Jun (DANE, catalogo ANDA 900)",16 registro(s) excluidos por valor extremo
Manizales A.M.,17,2026*,Ene-Jun (parcial),arriendo,Canon de arriendo mensual - promedio,889384.06,9527.2485,872013.0517,909884.5384,1.2593,2937,1.0712,EXCELENTE,"GEIH 2026 Ene-Jun (DANE, catalogo ANDA 900)",16 registro(s) excluidos por valor extremo
Manizales A.M.,17,2026*,Ene-Jun (parcial),deficit_habitacional,Deficit habitacional cualitativo,ND - pendiente Fase 2 (ECV),,,,,0,,ND,ECV (fuera de alcance Fase 1),ND - pendiente Fase 2 (ECV): fuente fuera de alcance de Fase 1
Manizales A.M.,17,2026*,Ene-Jun (parcial),deficit_habitacional,Deficit habitacional cuantitativo,ND - pendiente Fase 2 (ECV),,,,,0,,ND,ECV (fuera de alcance Fase 1),ND - pendiente Fase 2 (ECV): fuente fuera de alcance de Fase 1
Manizales A.M.,17,2026*,Ene-Jun (parcial),deficit_habitacional,Distribucion por estrato socioeconomico,ND - pendiente Fase 2 (ECV),,,,,0,,ND,ECV (fuera de alcance Fase 1),ND - pendiente Fase 2 (ECV): fuente fuera de alcance de Fase 1
Manizales A.M.,17,2026*,Ene-Jun (parcial),esfuerzo_financiero,Arrendatarios que destinan >30% del ingreso al arriendo,ND,,,,,0,,ND,ND - DANE no publica Pobreza Monetaria 2026,DANE no publica Medicion de Pobreza Monetaria y Desigualdad 2026 (requiere año calendario completo); no se calcula ni se extrapola
Manizales A.M.,17,2026*,Ene-Jun (parcial),esfuerzo_financiero,Arrendatarios que destinan >50% del ingreso al arriendo,ND,,,,,0,,ND,ND - DANE no publica Pobreza Monetaria 2026,DANE no publica Medicion de Pobreza Monetaria y Desigualdad 2026 (requiere año calendario completo); no se calcula ni se extrapola
Manizales A.M.,17,2026*,Ene-Jun (parcial),esfuerzo_financiero,Arriendo/ingreso del hogar (mediana),ND,,,,,0,,ND,ND - DANE no publica Pobreza Monetaria 2026,DANE no publica Medicion de Pobreza Monetaria y Desigualdad 2026 (requiere año calendario completo); no se calcula ni se extrapola
Manizales A.M.,17,2026*,Ene-Jun (parcial),hacinamiento,Hogares con hacinamiento (>3 personas/cuarto para dormir),0.58,0.1355,0.3577,0.8582,1.8932,5964,23.2913,PRECAUCION,"GEIH 2026 Ene-Jun (DANE, catalogo ANDA 900)","Umbral >3 sobre CUARTOS PARA DORMIR (P5010), no cuartos totales"
Manizales A.M.,17,2026*,Ene-Jun (parcial),hacinamiento,Hogares con hacinamiento critico NBI (>3 personas/cuarto TOTAL),0.09,,,,,5964,,NO PUBLICAR,"GEIH 2026 Ene-Jun (DANE, catalogo ANDA 900)",Definicion oficial DANE-NBI (cuartos totales incl. sala-comedor)
Manizales A.M.,17,2026*,Ene-Jun (parcial),hacinamiento,Personas por cuarto para dormir - mediana,1.33,,,,,5964,,ACEPTABLE,"GEIH 2026 Ene-Jun (DANE, catalogo ANDA 900)",
Manizales A.M.,17,2026*,Ene-Jun (parcial),hacinamiento,Personas por cuarto para dormir - promedio,1.43,0.0078,1.4177,1.4458,1.3763,5964,0.5434,EXCELENTE,"GEIH 2026 Ene-Jun (DANE, catalogo ANDA 900)",
Manizales A.M.,17,2026*,Ene-Jun (parcial),ingreso_pobreza,% arrendatarios en pobreza monetaria,ND,,,,,0,,ND,ND - DANE no publica Pobreza Monetaria 2026,DANE no publica Medicion de Pobreza Monetaria y Desigualdad 2026 (requiere año calendario completo); no se calcula ni se extrapola
Manizales A.M.,17,2026*,Ene-Jun (parcial),ingreso_pobreza,% hogares no pobres que viven en arriendo,ND,,,,,0,,ND,ND - DANE no publica Pobreza Monetaria 2026,DANE no publica Medicion de Pobreza Monetaria y Desigualdad 2026 (requiere año calendario completo); no se calcula ni se extrapola
Manizales A.M.,17,2026*,Ene-Jun (parcial),ingreso_pobreza,% hogares pobres que viven en arriendo,ND,,,,,0,,ND,ND - DANE no publica Pobreza Monetaria 2026,DANE no publica Medicion de Pobreza Monetaria y Desigualdad 2026 (requiere año calendario completo); no se calcula ni se extrapola
Manizales A.M.,17,2026*,Ene-Jun (parcial),ingreso_pobreza,% propietarios en pobreza monetaria,ND,,,,,0,,ND,ND - DANE no publica Pobreza Monetaria 2026,DANE no publica Medicion de Pobreza Monetaria y Desigualdad 2026 (requiere año calendario completo); no se calcula ni se extrapola
Manizales A.M.,17,2026*,Ene-Jun (parcial),ingreso_pobreza,Brecha de ingreso propietarios vs arrendatarios,ND,,,,,0,,ND,ND - DANE no publica Pobreza Monetaria 2026,DANE no publica Medicion de Pobreza Monetaria y Desigualdad 2026 (requiere año calendario completo); no se calcula ni se extrapola
Manizales A.M.,17,2026*,Ene-Jun (parcial),ingreso_pobreza,Ingreso mediano hogares arrendatarios,ND,,,,,0,,ND,ND - DANE no publica Pobreza Monetaria 2026,DANE no publica Medicion de Pobreza Monetaria y Desigualdad 2026 (requiere año calendario completo); no se calcula ni se extrapola
Manizales A.M.,17,2026*,Ene-Jun (parcial),ingreso_pobreza,Ingreso mediano hogares propietarios,ND,,,,,0,,ND,ND - DANE no publica Pobreza Monetaria 2026,DANE no publica Medicion de Pobreza Monetaria y Desigualdad 2026 (requiere año calendario completo); no se calcula ni se extrapola
Manizales A.M.,17,2026*,Ene-Jun (parcial),servicios_publicos,Hogares sin acueducto,0.0,0.0000,0.0000,0.0000,,5964,,ACEPTABLE,"GEIH 2026 Ene-Jun (DANE, catalogo ANDA 900)",
Manizales A.M.,17,2026*,Ene-Jun (parcial),servicios_publicos,Hogares sin alcantarillado,0.03,0.0324,0.0000,0.1019,1.8501,5964,95.6929,NO PUBLICAR,"GEIH 2026 Ene-Jun (DANE, catalogo ANDA 900)",
Manizales A.M.,17,2026*,Ene-Jun (parcial),servicios_publicos,Hogares sin energia electrica,0.0,0.0000,0.0000,0.0000,,5964,,ACEPTABLE,"GEIH 2026 Ene-Jun (DANE, catalogo ANDA 900)",
Manizales A.M.,17,2026*,Ene-Jun (parcial),servicios_publicos,Hogares sin gas natural conectado a red,8.02,0.3712,7.2645,8.8200,1.1137,5964,4.6276,EXCELENTE,"GEIH 2026 Ene-Jun (DANE, catalogo ANDA 900)",
Manizales A.M.,17,2026*,Ene-Jun (parcial),servicios_publicos,Hogares sin recoleccion de basuras,0.0,0.0000,0.0000,0.0000,,5964,,ACEPTABLE,"GEIH 2026 Ene-Jun (DANE, catalogo ANDA 900)",
Manizales A.M.,17,2026*,Ene-Jun (parcial),tenencia,Tenencia: En arriendo o subarriendo,50.86,0.6811,49.5524,52.1178,1.1069,2958,1.3392,EXCELENTE,"GEIH 2026 Ene-Jun (DANE, catalogo ANDA 900)",
Manizales A.M.,17,2026*,Ene-Jun (parcial),tenencia,Tenencia: En usufructo,10.01,0.3792,9.2659,10.6966,0.9516,604,3.7864,EXCELENTE,"GEIH 2026 Ene-Jun (DANE, catalogo ANDA 900)",
Manizales A.M.,17,2026*,Ene-Jun (parcial),tenencia,Tenencia: Otra,0.0,0.0000,0.0000,0.0000,,0,,ACEPTABLE,"GEIH 2026 Ene-Jun (DANE, catalogo ANDA 900)",
Manizales A.M.,17,2026*,Ene-Jun (parcial),tenencia,Tenencia: Posesion sin titulo,0.71,0.1322,0.4589,0.9993,1.4835,38,18.6865,PRECAUCION,"GEIH 2026 Ene-Jun (DANE, catalogo ANDA 900)",
Manizales A.M.,17,2026*,Ene-Jun (parcial),tenencia,"Tenencia: Propia, la estan pagando",6.73,0.3462,6.0165,7.3811,1.1392,404,5.1458,ACEPTABLE,"GEIH 2026 Ene-Jun (DANE, catalogo ANDA 900)",
Manizales A.M.,17,2026*,Ene-Jun (parcial),tenencia,"Tenencia: Propia, totalmente pagada",30.03,0.6137,28.8363,31.1843,1.0691,1858,2.0438,EXCELENTE,"GEIH 2026 Ene-Jun (DANE, catalogo ANDA 900)",
Manizales A.M.,17,2026*,Ene-Jun (parcial),tenencia,Tenencia: Propiedad colectiva,1.66,0.1569,1.3432,1.9608,0.8975,102,9.4294,ACEPTABLE,"GEIH 2026 Ene-Jun (DANE, catalogo ANDA 900)",
Manizales A.M.,17,2026*,Ene-Jun (parcial),tenencia,Tenencia: suma de categorias (control),100.0,,,,,5964,,NO_APLICA,"GEIH 2026 Ene-Jun (DANE, catalogo ANDA 900)",Control de auditoria: debe ser 100% +/-0.1pp
Manizales A.M.,17,2026*,Ene-Jun (parcial),vivienda_propia_credito,Arriendo imputado (estimado) - P25,700000.0,,,,,2865,,ACEPTABLE,"GEIH 2026 Ene-Jun (DANE, catalogo ANDA 900)",23 registro(s) excluidos por valor extremo
Manizales A.M.,17,2026*,Ene-Jun (parcial),vivienda_propia_credito,Arriendo imputado (estimado) - P75,1300000.0,,,,,2865,,ACEPTABLE,"GEIH 2026 Ene-Jun (DANE, catalogo ANDA 900)",23 registro(s) excluidos por valor extremo
Manizales A.M.,17,2026*,Ene-Jun (parcial),vivienda_propia_credito,Arriendo imputado (estimado) - mediana,900000.0,19383.0887,900000.0000,960129.0603,1.7970,2865,2.1537,EXCELENTE,"GEIH 2026 Ene-Jun (DANE, catalogo ANDA 900)",23 registro(s) excluidos por valor extremo
Manizales A.M.,17,2026*,Ene-Jun (parcial),vivienda_propia_credito,Arriendo imputado (estimado) - promedio,1136325.27,15197.2842,1108749.1743,1163910.3275,1.1047,2865,1.3374,EXCELENTE,"GEIH 2026 Ene-Jun (DANE, catalogo ANDA 900)",23 registro(s) excluidos por valor extremo
Manizales A.M.,17,2026*,Ene-Jun (parcial),vivienda_propia_credito,Cuota hipotecaria mensual - P25,600000.0,,,,,391,,ACEPTABLE,"GEIH 2026 Ene-Jun (DANE, catalogo ANDA 900)",2 registro(s) excluidos por valor extremo
Manizales A.M.,17,2026*,Ene-Jun (parcial),vivienda_propia_credito,Cuota hipotecaria mensual - P75,1500000.0,,,,,391,,ACEPTABLE,"GEIH 2026 Ene-Jun (DANE, catalogo ANDA 900)",2 registro(s) excluidos por valor extremo
Manizales A.M.,17,2026*,Ene-Jun (parcial),vivienda_propia_credito,Cuota hipotecaria mensual - mediana,992269.01,54338.0928,850000.0000,1100000.0000,1.2771,391,5.4761,ACEPTABLE,"GEIH 2026 Ene-Jun (DANE, catalogo ANDA 900)",2 registro(s) excluidos por valor extremo
Manizales A.M.,17,2026*,Ene-Jun (parcial),vivienda_propia_credito,Cuota hipotecaria mensual - promedio,1235493.15,59861.1532,1129806.9676,1349766.2995,1.5499,391,4.8451,EXCELENTE,"GEIH 2026 Ene-Jun (DANE, catalogo ANDA 900)",2 registro(s) excluidos por valor extremo
Manizales A.M.,17,2026*,Ene-Jun (parcial),vivienda_propia_credito,Valor estimado de venta de la vivienda - P25,170000000.0,,,,,1555,,ACEPTABLE,"GEIH 2026 Ene-Jun (DANE, catalogo ANDA 900)",9 registro(s) excluidos por valor extremo
Manizales A.M.,17,2026*,Ene-Jun (parcial),vivienda_propia_credito,Valor estimado de venta de la vivienda - P75,350000000.0,,,,,1555,,ACEPTABLE,"GEIH 2026 Ene-Jun (DANE, catalogo ANDA 900)",9 registro(s) excluidos por valor extremo
Manizales A.M.,17,2026*,Ene-Jun (parcial),vivienda_propia_credito,Valor estimado de venta de la vivienda - mediana,250000000.0,815130.0585,250000000.0000,250000000.0000,0.0133,1555,0.3261,EXCELENTE,"GEIH 2026 Ene-Jun (DANE, catalogo ANDA 900)",9 registro(s) excluidos por valor extremo
Manizales A.M.,17,2026*,Ene-Jun (parcial),vivienda_propia_credito,Valor estimado de venta de la vivienda - promedio,316149804.96,7600405.8593,302349149.9176,330715643.2095,1.1586,1555,2.4041,EXCELENTE,"GEIH 2026 Ene-Jun (DANE, catalogo ANDA 900)",9 registro(s) excluidos por valor extremo
Medellín A.M.,05,2023,Ene-Dic (12 meses),arriendo,Canon de arriendo mensual - P25,500000.0,,,,,6200,,ACEPTABLE,"GEIH 2023 (DANE, catalogo ANDA 782)",5 registro(s) excluidos por valor extremo
Medellín A.M.,05,2023,Ene-Dic (12 meses),arriendo,Canon de arriendo mensual - P75,950000.0,,,,,6200,,ACEPTABLE,"GEIH 2023 (DANE, catalogo ANDA 782)",5 registro(s) excluidos por valor extremo
Medellín A.M.,05,2023,Ene-Dic (12 meses),arriendo,Canon de arriendo mensual - mediana,650000.0,13204.6144,650000.0000,695250.0000,2.4628,6200,2.0315,EXCELENTE,"GEIH 2023 (DANE, catalogo ANDA 782)",5 registro(s) excluidos por valor extremo
Medellín A.M.,05,2023,Ene-Dic (12 meses),arriendo,Canon de arriendo mensual - promedio,835466.74,10900.4857,813697.7521,857782.2560,1.6783,6200,1.3047,EXCELENTE,"GEIH 2023 (DANE, catalogo ANDA 782)",5 registro(s) excluidos por valor extremo
Medellín A.M.,05,2023,Ene-Dic (12 meses),deficit_habitacional,Deficit habitacional cualitativo,ND - pendiente Fase 2 (ECV),,,,,0,,ND,ECV (fuera de alcance Fase 1),ND - pendiente Fase 2 (ECV): fuente fuera de alcance de Fase 1
Medellín A.M.,05,2023,Ene-Dic (12 meses),deficit_habitacional,Deficit habitacional cuantitativo,ND - pendiente Fase 2 (ECV),,,,,0,,ND,ECV (fuera de alcance Fase 1),ND - pendiente Fase 2 (ECV): fuente fuera de alcance de Fase 1
Medellín A.M.,05,2023,Ene-Dic (12 meses),deficit_habitacional,Distribucion por estrato socioeconomico,ND - pendiente Fase 2 (ECV),,,,,0,,ND,ECV (fuera de alcance Fase 1),ND - pendiente Fase 2 (ECV): fuente fuera de alcance de Fase 1
Medellín A.M.,05,2023,Ene-Dic (12 meses),esfuerzo_financiero,Arrendatarios que destinan >30% del ingreso al arriendo,45.0,,,,,6119,,ACEPTABLE,"Pobreza Monetaria 2023 (DANE, catalogo ANDA 835)",sobrecarga (>30%)
Medellín A.M.,05,2023,Ene-Dic (12 meses),esfuerzo_financiero,Arrendatarios que destinan >50% del ingreso al arriendo,18.68,,,,,6119,,ACEPTABLE,"Pobreza Monetaria 2023 (DANE, catalogo ANDA 835)",sobrecarga severa (>50%)
Medellín A.M.,05,2023,Ene-Dic (12 meses),esfuerzo_financiero,Arriendo/ingreso del hogar (mediana),27.66,,,,,6119,,ACEPTABLE,"Pobreza Monetaria 2023 (DANE, catalogo ANDA 835)",Merge con 99.4% de coincidencia
Medellín A.M.,05,2023,Ene-Dic (12 meses),hacinamiento,Hogares con hacinamiento (>3 personas/cuarto para dormir),1.48,0.1433,1.2086,1.7723,1.6890,11994,9.6848,ACEPTABLE,"GEIH 2023 (DANE, catalogo ANDA 782)","Umbral >3 sobre CUARTOS PARA DORMIR (P5010), no cuartos totales"
Medellín A.M.,05,2023,Ene-Dic (12 meses),hacinamiento,Hogares con hacinamiento critico NBI (>3 personas/cuarto TOTAL),0.6,,,,,11994,,PRECAUCION,"GEIH 2023 (DANE, catalogo ANDA 782)",Definicion oficial DANE-NBI (cuartos totales incl. sala-comedor)
Medellín A.M.,05,2023,Ene-Dic (12 meses),hacinamiento,Personas por cuarto para dormir - mediana,1.33,,,,,11994,,ACEPTABLE,"GEIH 2023 (DANE, catalogo ANDA 782)",
Medellín A.M.,05,2023,Ene-Dic (12 meses),hacinamiento,Personas por cuarto para dormir - promedio,1.47,0.0067,1.4599,1.4866,1.3620,11994,0.4577,EXCELENTE,"GEIH 2023 (DANE, catalogo ANDA 782)",
Medellín A.M.,05,2023,Ene-Dic (12 meses),ingreso_pobreza,% arrendatarios en pobreza monetaria,24.22,,,,,6240,,ACEPTABLE,"Pobreza Monetaria 2023 (DANE, catalogo ANDA 835)",
Medellín A.M.,05,2023,Ene-Dic (12 meses),ingreso_pobreza,% hogares no pobres que viven en arriendo,49.47,,,,,9695,,ACEPTABLE,"Pobreza Monetaria 2023 (DANE, catalogo ANDA 835)",
Medellín A.M.,05,2023,Ene-Dic (12 meses),ingreso_pobreza,% hogares pobres que viven en arriendo,70.72,,,,,2299,,ACEPTABLE,"Pobreza Monetaria 2023 (DANE, catalogo ANDA 835)",
Medellín A.M.,05,2023,Ene-Dic (12 meses),ingreso_pobreza,% propietarios en pobreza monetaria,8.82,,,,,4265,,ACEPTABLE,"Pobreza Monetaria 2023 (DANE, catalogo ANDA 835)",
Medellín A.M.,05,2023,Ene-Dic (12 meses),ingreso_pobreza,Brecha de ingreso propietarios vs arrendatarios,45.69,,,,,0,,NO_APLICA,"Pobreza Monetaria 2023 (DANE, catalogo ANDA 835)",(+) = propietarios ganan mas; calculado sobre medianas ponderadas
Medellín A.M.,05,2023,Ene-Dic (12 meses),ingreso_pobreza,Ingreso mediano hogares arrendatarios,2439251.7,,,,,6154,,ACEPTABLE,"Pobreza Monetaria 2023 (DANE, catalogo ANDA 835)",ingtotug = ingreso total unidad de gasto SIN imputar arriendo
Medellín A.M.,05,2023,Ene-Dic (12 meses),ingreso_pobreza,Ingreso mediano hogares propietarios,3553626.6,,,,,4211,,ACEPTABLE,"Pobreza Monetaria 2023 (DANE, catalogo ANDA 835)",ingtotug = ingreso total unidad de gasto SIN imputar arriendo
Medellín A.M.,05,2023,Ene-Dic (12 meses),servicios_publicos,Hogares sin acueducto,0.19,0.0388,0.1176,0.2702,0.9732,11994,20.8974,PRECAUCION,"GEIH 2023 (DANE, catalogo ANDA 782)",
Medellín A.M.,05,2023,Ene-Dic (12 meses),servicios_publicos,Hogares sin alcantarillado,1.27,0.1129,1.0807,1.5001,1.2241,11994,8.9213,ACEPTABLE,"GEIH 2023 (DANE, catalogo ANDA 782)",
Medellín A.M.,05,2023,Ene-Dic (12 meses),servicios_publicos,Hogares sin energia electrica,0.02,0.0100,0.0000,0.0371,0.7138,11994,59.5540,NO PUBLICAR,"GEIH 2023 (DANE, catalogo ANDA 782)",
Medellín A.M.,05,2023,Ene-Dic (12 meses),servicios_publicos,Hogares sin gas natural conectado a red,18.32,0.4166,17.5465,19.0964,1.3912,11994,2.2744,EXCELENTE,"GEIH 2023 (DANE, catalogo ANDA 782)",
Medellín A.M.,05,2023,Ene-Dic (12 meses),servicios_publicos,Hogares sin recoleccion de basuras,0.04,0.0141,0.0203,0.0744,0.5413,11994,31.9732,NO PUBLICAR,"GEIH 2023 (DANE, catalogo ANDA 782)",
Medellín A.M.,05,2023,Ene-Dic (12 meses),tenencia,Tenencia: En arriendo o subarriendo,53.35,0.5524,52.1799,54.2862,1.4703,6240,1.0354,EXCELENTE,"GEIH 2023 (DANE, catalogo ANDA 782)",
Medellín A.M.,05,2023,Ene-Dic (12 meses),tenencia,Tenencia: En usufructo,10.91,0.3076,10.3036,11.5304,1.1674,1393,2.8194,EXCELENTE,"GEIH 2023 (DANE, catalogo ANDA 782)",
Medellín A.M.,05,2023,Ene-Dic (12 meses),tenencia,Tenencia: Otra,0.06,0.0276,0.0156,0.1249,1.4542,6,43.9442,NO PUBLICAR,"GEIH 2023 (DANE, catalogo ANDA 782)",
Medellín A.M.,05,2023,Ene-Dic (12 meses),tenencia,Tenencia: Posesion sin titulo,0.45,0.0808,0.3198,0.6318,1.7434,49,17.9132,PRECAUCION,"GEIH 2023 (DANE, catalogo ANDA 782)",
Medellín A.M.,05,2023,Ene-Dic (12 meses),tenencia,"Tenencia: Propia, la estan pagando",5.49,0.2492,5.0095,5.9920,1.4365,570,4.5420,EXCELENTE,"GEIH 2023 (DANE, catalogo ANDA 782)",
Medellín A.M.,05,2023,Ene-Dic (12 meses),tenencia,"Tenencia: Propia, totalmente pagada",29.45,0.4697,28.6153,30.4265,1.2740,3695,1.5953,EXCELENTE,"GEIH 2023 (DANE, catalogo ANDA 782)",
Medellín A.M.,05,2023,Ene-Dic (12 meses),tenencia,Tenencia: Propiedad colectiva,0.3,0.0523,0.1901,0.3994,1.1113,41,17.6656,PRECAUCION,"GEIH 2023 (DANE, catalogo ANDA 782)",
Medellín A.M.,05,2023,Ene-Dic (12 meses),tenencia,Tenencia: suma de categorias (control),100.0,,,,,11994,,NO_APLICA,"GEIH 2023 (DANE, catalogo ANDA 782)",Control de auditoria: debe ser 100% +/-0.1pp
Medellín A.M.,05,2023,Ene-Dic (12 meses),vivienda_propia_credito,Arriendo imputado (estimado) - P25,600000.0,,,,,5521,,ACEPTABLE,"GEIH 2023 (DANE, catalogo ANDA 782)",12 registro(s) excluidos por valor extremo
Medellín A.M.,05,2023,Ene-Dic (12 meses),vivienda_propia_credito,Arriendo imputado (estimado) - P75,1500000.0,,,,,5521,,ACEPTABLE,"GEIH 2023 (DANE, catalogo ANDA 782)",12 registro(s) excluidos por valor extremo
Medellín A.M.,05,2023,Ene-Dic (12 meses),vivienda_propia_credito,Arriendo imputado (estimado) - mediana,900000.0,4075.6503,900000.0000,900000.0000,0.0495,5521,0.4529,EXCELENTE,"GEIH 2023 (DANE, catalogo ANDA 782)",12 registro(s) excluidos por valor extremo
Medellín A.M.,05,2023,Ene-Dic (12 meses),vivienda_propia_credito,Arriendo imputado (estimado) - promedio,1313423.94,22151.9481,1271419.8021,1356582.7861,1.4625,5521,1.6866,EXCELENTE,"GEIH 2023 (DANE, catalogo ANDA 782)",12 registro(s) excluidos por valor extremo
Medellín A.M.,05,2023,Ene-Dic (12 meses),vivienda_propia_credito,Cuota hipotecaria mensual - P25,600000.0,,,,,538,,ACEPTABLE,"GEIH 2023 (DANE, catalogo ANDA 782)",4 registro(s) excluidos por valor extremo
Medellín A.M.,05,2023,Ene-Dic (12 meses),vivienda_propia_credito,Cuota hipotecaria mensual - P75,1799185.25,,,,,538,,ACEPTABLE,"GEIH 2023 (DANE, catalogo ANDA 782)",4 registro(s) excluidos por valor extremo
Medellín A.M.,05,2023,Ene-Dic (12 meses),vivienda_propia_credito,Cuota hipotecaria mensual - mediana,1000000.0,38987.0249,928574.6765,1100000.0000,0.5951,538,3.8987,EXCELENTE,"GEIH 2023 (DANE, catalogo ANDA 782)",4 registro(s) excluidos por valor extremo
Medellín A.M.,05,2023,Ene-Dic (12 meses),vivienda_propia_credito,Cuota hipotecaria mensual - promedio,1341974.78,58636.6726,1221674.8029,1447325.2824,1.3461,538,4.3694,EXCELENTE,"GEIH 2023 (DANE, catalogo ANDA 782)",4 registro(s) excluidos por valor extremo
Medellín A.M.,05,2023,Ene-Dic (12 meses),vivienda_propia_credito,Valor estimado de venta de la vivienda - P25,100000000.0,,,,,3589,,ACEPTABLE,"GEIH 2023 (DANE, catalogo ANDA 782)",22 registro(s) excluidos por valor extremo
Medellín A.M.,05,2023,Ene-Dic (12 meses),vivienda_propia_credito,Valor estimado de venta de la vivienda - P75,350000000.0,,,,,3589,,ACEPTABLE,"GEIH 2023 (DANE, catalogo ANDA 782)",22 registro(s) excluidos por valor extremo
Medellín A.M.,05,2023,Ene-Dic (12 meses),vivienda_propia_credito,Valor estimado de venta de la vivienda - mediana,200000000.0,6674300.9429,180000000.0000,200000000.0000,1.2857,3589,3.3372,EXCELENTE,"GEIH 2023 (DANE, catalogo ANDA 782)",22 registro(s) excluidos por valor extremo
Medellín A.M.,05,2023,Ene-Dic (12 meses),vivienda_propia_credito,Valor estimado de venta de la vivienda - promedio,274541605.18,6761065.2105,261906647.7428,289073193.0583,1.3193,3589,2.4627,EXCELENTE,"GEIH 2023 (DANE, catalogo ANDA 782)",22 registro(s) excluidos por valor extremo
Medellín A.M.,05,2024,Ene-Dic (12 meses),arriendo,Canon de arriendo mensual - P25,500000.0,,,,,6083,,ACEPTABLE,"GEIH 2024 (DANE, catalogo ANDA 819)",3 registro(s) excluidos por valor extremo
Medellín A.M.,05,2024,Ene-Dic (12 meses),arriendo,Canon de arriendo mensual - P75,1100000.0,,,,,6083,,ACEPTABLE,"GEIH 2024 (DANE, catalogo ANDA 819)",3 registro(s) excluidos por valor extremo
Medellín A.M.,05,2024,Ene-Dic (12 meses),arriendo,Canon de arriendo mensual - mediana,750000.0,16204.3116,700000.0000,750000.0000,2.7093,6083,2.1606,EXCELENTE,"GEIH 2024 (DANE, catalogo ANDA 819)",3 registro(s) excluidos por valor extremo
Medellín A.M.,05,2024,Ene-Dic (12 meses),arriendo,Canon de arriendo mensual - promedio,955801.98,13062.7899,930562.8597,979737.7624,1.7606,6083,1.3667,EXCELENTE,"GEIH 2024 (DANE, catalogo ANDA 819)",3 registro(s) excluidos por valor extremo
Medellín A.M.,05,2024,Ene-Dic (12 meses),deficit_habitacional,Deficit habitacional cualitativo,ND - pendiente Fase 2 (ECV),,,,,0,,ND,ECV (fuera de alcance Fase 1),ND - pendiente Fase 2 (ECV): fuente fuera de alcance de Fase 1
Medellín A.M.,05,2024,Ene-Dic (12 meses),deficit_habitacional,Deficit habitacional cuantitativo,ND - pendiente Fase 2 (ECV),,,,,0,,ND,ECV (fuera de alcance Fase 1),ND - pendiente Fase 2 (ECV): fuente fuera de alcance de Fase 1
Medellín A.M.,05,2024,Ene-Dic (12 meses),deficit_habitacional,Distribucion por estrato socioeconomico,ND - pendiente Fase 2 (ECV),,,,,0,,ND,ECV (fuera de alcance Fase 1),ND - pendiente Fase 2 (ECV): fuente fuera de alcance de Fase 1
Medellín A.M.,05,2024,Ene-Dic (12 meses),esfuerzo_financiero,Arrendatarios que destinan >30% del ingreso al arriendo,43.43,,,,,6026,,ACEPTABLE,"Pobreza Monetaria 2024 (DANE, catalogo ANDA 874)",sobrecarga (>30%)
Medellín A.M.,05,2024,Ene-Dic (12 meses),esfuerzo_financiero,Arrendatarios que destinan >50% del ingreso al arriendo,16.5,,,,,6026,,ACEPTABLE,"Pobreza Monetaria 2024 (DANE, catalogo ANDA 874)",sobrecarga severa (>50%)
Medellín A.M.,05,2024,Ene-Dic (12 meses),esfuerzo_financiero,Arriendo/ingreso del hogar (mediana),26.8,,,,,6026,,ACEPTABLE,"Pobreza Monetaria 2024 (DANE, catalogo ANDA 874)",Merge con 99.7% de coincidencia
Medellín A.M.,05,2024,Ene-Dic (12 meses),hacinamiento,Hogares con hacinamiento (>3 personas/cuarto para dormir),1.34,0.1313,1.0879,1.6070,1.5420,11849,9.7748,ACEPTABLE,"GEIH 2024 (DANE, catalogo ANDA 819)","Umbral >3 sobre CUARTOS PARA DORMIR (P5010), no cuartos totales"
Medellín A.M.,05,2024,Ene-Dic (12 meses),hacinamiento,Hogares con hacinamiento critico NBI (>3 personas/cuarto TOTAL),0.51,,,,,11849,,PRECAUCION,"GEIH 2024 (DANE, catalogo ANDA 819)",Definicion oficial DANE-NBI (cuartos totales incl. sala-comedor)
Medellín A.M.,05,2024,Ene-Dic (12 meses),hacinamiento,Personas por cuarto para dormir - mediana,1.33,,,,,11849,,ACEPTABLE,"GEIH 2024 (DANE, catalogo ANDA 819)",
Medellín A.M.,05,2024,Ene-Dic (12 meses),hacinamiento,Personas por cuarto para dormir - promedio,1.44,0.0061,1.4332,1.4557,1.2209,11849,0.4232,EXCELENTE,"GEIH 2024 (DANE, catalogo ANDA 819)",
Medellín A.M.,05,2024,Ene-Dic (12 meses),ingreso_pobreza,% arrendatarios en pobreza monetaria,20.23,,,,,6105,,ACEPTABLE,"Pobreza Monetaria 2024 (DANE, catalogo ANDA 874)",
Medellín A.M.,05,2024,Ene-Dic (12 meses),ingreso_pobreza,% hogares no pobres que viven en arriendo,49.67,,,,,9958,,ACEPTABLE,"Pobreza Monetaria 2024 (DANE, catalogo ANDA 874)",
Medellín A.M.,05,2024,Ene-Dic (12 meses),ingreso_pobreza,% hogares pobres que viven en arriendo,70.32,,,,,1891,,ACEPTABLE,"Pobreza Monetaria 2024 (DANE, catalogo ANDA 874)",
Medellín A.M.,05,2024,Ene-Dic (12 meses),ingreso_pobreza,% propietarios en pobreza monetaria,7.02,,,,,4217,,ACEPTABLE,"Pobreza Monetaria 2024 (DANE, catalogo ANDA 874)",
Medellín A.M.,05,2024,Ene-Dic (12 meses),ingreso_pobreza,Brecha de ingreso propietarios vs arrendatarios,34.84,,,,,0,,NO_APLICA,"Pobreza Monetaria 2024 (DANE, catalogo ANDA 874)",(+) = propietarios ganan mas; calculado sobre medianas ponderadas
Medellín A.M.,05,2024,Ene-Dic (12 meses),ingreso_pobreza,Ingreso mediano hogares arrendatarios,2891300.92,,,,,6047,,ACEPTABLE,"Pobreza Monetaria 2024 (DANE, catalogo ANDA 874)",ingtotug = ingreso total unidad de gasto SIN imputar arriendo
Medellín A.M.,05,2024,Ene-Dic (12 meses),ingreso_pobreza,Ingreso mediano hogares propietarios,3898605.09,,,,,4175,,ACEPTABLE,"Pobreza Monetaria 2024 (DANE, catalogo ANDA 874)",ingtotug = ingreso total unidad de gasto SIN imputar arriendo
Medellín A.M.,05,2024,Ene-Dic (12 meses),servicios_publicos,Hogares sin acueducto,0.18,0.0482,0.0908,0.2871,1.4938,11849,26.1136,NO PUBLICAR,"GEIH 2024 (DANE, catalogo ANDA 819)",
Medellín A.M.,05,2024,Ene-Dic (12 meses),servicios_publicos,Hogares sin alcantarillado,2.76,0.1984,2.3916,3.1815,1.7404,11849,7.1997,ACEPTABLE,"GEIH 2024 (DANE, catalogo ANDA 819)",
Medellín A.M.,05,2024,Ene-Dic (12 meses),servicios_publicos,Hogares sin energia electrica,0.02,0.0087,0.0000,0.0338,0.5767,11849,56.1437,NO PUBLICAR,"GEIH 2024 (DANE, catalogo ANDA 819)",
Medellín A.M.,05,2024,Ene-Dic (12 meses),servicios_publicos,Hogares sin gas natural conectado a red,17.69,0.4198,16.9928,18.5694,1.4344,11849,2.3734,EXCELENTE,"GEIH 2024 (DANE, catalogo ANDA 819)",
Medellín A.M.,05,2024,Ene-Dic (12 meses),servicios_publicos,Hogares sin recoleccion de basuras,0.01,0.0095,0.0000,0.0277,1.1760,11849,104.0676,NO PUBLICAR,"GEIH 2024 (DANE, catalogo ANDA 819)",
Medellín A.M.,05,2024,Ene-Dic (12 meses),tenencia,Tenencia: En arriendo o subarriendo,52.81,0.5651,51.7625,53.9583,1.5183,6105,1.0701,EXCELENTE,"GEIH 2024 (DANE, catalogo ANDA 819)",
Medellín A.M.,05,2024,Ene-Dic (12 meses),tenencia,Tenencia: En usufructo,10.42,0.2952,9.8483,11.0279,1.1060,1328,2.8329,EXCELENTE,"GEIH 2024 (DANE, catalogo ANDA 819)",
Medellín A.M.,05,2024,Ene-Dic (12 meses),tenencia,Tenencia: Otra,0.04,0.0182,0.0042,0.0760,1.0118,5,46.8581,NO PUBLICAR,"GEIH 2024 (DANE, catalogo ANDA 819)",
Medellín A.M.,05,2024,Ene-Dic (12 meses),tenencia,Tenencia: Posesion sin titulo,0.81,0.0907,0.6441,1.0002,1.2073,106,11.1429,ACEPTABLE,"GEIH 2024 (DANE, catalogo ANDA 819)",
Medellín A.M.,05,2024,Ene-Dic (12 meses),tenencia,"Tenencia: Propia, la estan pagando",4.82,0.2614,4.2508,5.3498,1.7632,506,5.4183,ACEPTABLE,"GEIH 2024 (DANE, catalogo ANDA 819)",
Medellín A.M.,05,2024,Ene-Dic (12 meses),tenencia,"Tenencia: Propia, totalmente pagada",30.45,0.4892,29.5382,31.4976,1.3390,3711,1.6067,EXCELENTE,"GEIH 2024 (DANE, catalogo ANDA 819)",
Medellín A.M.,05,2024,Ene-Dic (12 meses),tenencia,Tenencia: Propiedad colectiva,0.65,0.0822,0.4907,0.8304,1.2418,88,12.6617,ACEPTABLE,"GEIH 2024 (DANE, catalogo ANDA 819)",
Medellín A.M.,05,2024,Ene-Dic (12 meses),tenencia,Tenencia: suma de categorias (control),100.0,,,,,11849,,NO_APLICA,"GEIH 2024 (DANE, catalogo ANDA 819)",Control de auditoria: debe ser 100% +/-0.1pp
Medellín A.M.,05,2024,Ene-Dic (12 meses),vivienda_propia_credito,Arriendo imputado (estimado) - P25,650000.0,,,,,5644,,ACEPTABLE,"GEIH 2024 (DANE, catalogo ANDA 819)",14 registro(s) excluidos por valor extremo
Medellín A.M.,05,2024,Ene-Dic (12 meses),vivienda_propia_credito,Arriendo imputado (estimado) - P75,1800000.0,,,,,5644,,ACEPTABLE,"GEIH 2024 (DANE, catalogo ANDA 819)",14 registro(s) excluidos por valor extremo
Medellín A.M.,05,2024,Ene-Dic (12 meses),vivienda_propia_credito,Arriendo imputado (estimado) - mediana,1000000.0,0.0000,1000000.0000,1000000.0000,0.0000,5644,0.0000,EXCELENTE,"GEIH 2024 (DANE, catalogo ANDA 819)",14 registro(s) excluidos por valor extremo
Medellín A.M.,05,2024,Ene-Dic (12 meses),vivienda_propia_credito,Arriendo imputado (estimado) - promedio,1470885.38,25970.6734,1422870.1109,1522627.4110,1.7162,5644,1.7656,EXCELENTE,"GEIH 2024 (DANE, catalogo ANDA 819)",14 registro(s) excluidos por valor extremo
Medellín A.M.,05,2024,Ene-Dic (12 meses),vivienda_propia_credito,Cuota hipotecaria mensual - P25,600000.0,,,,,497,,ACEPTABLE,"GEIH 2024 (DANE, catalogo ANDA 819)",1 registro(s) excluidos por valor extremo
Medellín A.M.,05,2024,Ene-Dic (12 meses),vivienda_propia_credito,Cuota hipotecaria mensual - P75,1893025.91,,,,,497,,ACEPTABLE,"GEIH 2024 (DANE, catalogo ANDA 819)",1 registro(s) excluidos por valor extremo
Medellín A.M.,05,2024,Ene-Dic (12 meses),vivienda_propia_credito,Cuota hipotecaria mensual - mediana,1000000.0,68583.5651,948004.7263,1200000.0000,0.4822,497,6.8584,ACEPTABLE,"GEIH 2024 (DANE, catalogo ANDA 819)",1 registro(s) excluidos por valor extremo
Medellín A.M.,05,2024,Ene-Dic (12 meses),vivienda_propia_credito,Cuota hipotecaria mensual - promedio,1624408.66,115521.7117,1431115.5285,1862780.2289,1.3682,497,7.1116,ACEPTABLE,"GEIH 2024 (DANE, catalogo ANDA 819)",1 registro(s) excluidos por valor extremo
Medellín A.M.,05,2024,Ene-Dic (12 meses),vivienda_propia_credito,Valor estimado de venta de la vivienda - P25,120000000.0,,,,,3753,,ACEPTABLE,"GEIH 2024 (DANE, catalogo ANDA 819)",21 registro(s) excluidos por valor extremo
Medellín A.M.,05,2024,Ene-Dic (12 meses),vivienda_propia_credito,Valor estimado de venta de la vivienda - P75,350000000.0,,,,,3753,,ACEPTABLE,"GEIH 2024 (DANE, catalogo ANDA 819)",21 registro(s) excluidos por valor extremo
Medellín A.M.,05,2024,Ene-Dic (12 meses),vivienda_propia_credito,Valor estimado de venta de la vivienda - mediana,200000000.0,577350.2692,200000000.0000,200000000.0000,0.0330,3753,0.2887,EXCELENTE,"GEIH 2024 (DANE, catalogo ANDA 819)",21 registro(s) excluidos por valor extremo
Medellín A.M.,05,2024,Ene-Dic (12 meses),vivienda_propia_credito,Valor estimado de venta de la vivienda - promedio,254731450.63,3769585.4287,248220182.7256,262060363.4374,1.4066,3753,1.4798,EXCELENTE,"GEIH 2024 (DANE, catalogo ANDA 819)",21 registro(s) excluidos por valor extremo
Medellín A.M.,05,2025,Ene-Dic (12 meses),arriendo,Canon de arriendo mensual - P25,600000.0,,,,,6113,,ACEPTABLE,"GEIH 2025 (DANE, catalogo ANDA 853)",8 registro(s) excluidos por valor extremo
Medellín A.M.,05,2025,Ene-Dic (12 meses),arriendo,Canon de arriendo mensual - P75,1200000.0,,,,,6113,,ACEPTABLE,"GEIH 2025 (DANE, catalogo ANDA 853)",8 registro(s) excluidos por valor extremo
Medellín A.M.,05,2025,Ene-Dic (12 meses),arriendo,Canon de arriendo mensual - mediana,800000.0,0.0000,800000.0000,800000.0000,0.0000,6113,0.0000,EXCELENTE,"GEIH 2025 (DANE, catalogo ANDA 853)",8 registro(s) excluidos por valor extremo
Medellín A.M.,05,2025,Ene-Dic (12 meses),arriendo,Canon de arriendo mensual - promedio,1023826.86,12348.8396,998427.7107,1049051.6117,1.5404,6113,1.2061,EXCELENTE,"GEIH 2025 (DANE, catalogo ANDA 853)",8 registro(s) excluidos por valor extremo
Medellín A.M.,05,2025,Ene-Dic (12 meses),deficit_habitacional,Deficit habitacional cualitativo,ND - pendiente Fase 2 (ECV),,,,,0,,ND,ECV (fuera de alcance Fase 1),ND - pendiente Fase 2 (ECV): fuente fuera de alcance de Fase 1
Medellín A.M.,05,2025,Ene-Dic (12 meses),deficit_habitacional,Deficit habitacional cuantitativo,ND - pendiente Fase 2 (ECV),,,,,0,,ND,ECV (fuera de alcance Fase 1),ND - pendiente Fase 2 (ECV): fuente fuera de alcance de Fase 1
Medellín A.M.,05,2025,Ene-Dic (12 meses),deficit_habitacional,Distribucion por estrato socioeconomico,ND - pendiente Fase 2 (ECV),,,,,0,,ND,ECV (fuera de alcance Fase 1),ND - pendiente Fase 2 (ECV): fuente fuera de alcance de Fase 1
Medellín A.M.,05,2025,Ene-Dic (12 meses),esfuerzo_financiero,Arrendatarios que destinan >30% del ingreso al arriendo,42.87,,,,,6062,,ACEPTABLE,"Pobreza Monetaria 2025 (DANE, catalogo ANDA 908)",sobrecarga (>30%)
Medellín A.M.,05,2025,Ene-Dic (12 meses),esfuerzo_financiero,Arrendatarios que destinan >50% del ingreso al arriendo,16.2,,,,,6062,,ACEPTABLE,"Pobreza Monetaria 2025 (DANE, catalogo ANDA 908)",sobrecarga severa (>50%)
Medellín A.M.,05,2025,Ene-Dic (12 meses),esfuerzo_financiero,Arriendo/ingreso del hogar (mediana),26.99,,,,,6062,,ACEPTABLE,"Pobreza Monetaria 2025 (DANE, catalogo ANDA 908)",Merge con 99.7% de coincidencia
Medellín A.M.,05,2025,Ene-Dic (12 meses),hacinamiento,Hogares con hacinamiento (>3 personas/cuarto para dormir),1.06,0.1117,0.8477,1.2879,1.4111,11825,10.5682,ACEPTABLE,"GEIH 2025 (DANE, catalogo ANDA 853)","Umbral >3 sobre CUARTOS PARA DORMIR (P5010), no cuartos totales"
Medellín A.M.,05,2025,Ene-Dic (12 meses),hacinamiento,Hogares con hacinamiento critico NBI (>3 personas/cuarto TOTAL),0.49,,,,,11825,,PRECAUCION,"GEIH 2025 (DANE, catalogo ANDA 853)",Definicion oficial DANE-NBI (cuartos totales incl. sala-comedor)
Medellín A.M.,05,2025,Ene-Dic (12 meses),hacinamiento,Personas por cuarto para dormir - mediana,1.33,,,,,11825,,ACEPTABLE,"GEIH 2025 (DANE, catalogo ANDA 853)",
Medellín A.M.,05,2025,Ene-Dic (12 meses),hacinamiento,Personas por cuarto para dormir - promedio,1.43,0.0065,1.4147,1.4398,1.4222,11825,0.4556,EXCELENTE,"GEIH 2025 (DANE, catalogo ANDA 853)",
Medellín A.M.,05,2025,Ene-Dic (12 meses),ingreso_pobreza,% arrendatarios en pobreza monetaria,16.07,,,,,6132,,ACEPTABLE,"Pobreza Monetaria 2025 (DANE, catalogo ANDA 908)",
Medellín A.M.,05,2025,Ene-Dic (12 meses),ingreso_pobreza,% hogares no pobres que viven en arriendo,50.28,,,,,10447,,ACEPTABLE,"Pobreza Monetaria 2025 (DANE, catalogo ANDA 908)",
Medellín A.M.,05,2025,Ene-Dic (12 meses),ingreso_pobreza,% hogares pobres que viven en arriendo,74.59,,,,,1378,,ACEPTABLE,"Pobreza Monetaria 2025 (DANE, catalogo ANDA 908)",
Medellín A.M.,05,2025,Ene-Dic (12 meses),ingreso_pobreza,% propietarios en pobreza monetaria,4.62,,,,,4214,,ACEPTABLE,"Pobreza Monetaria 2025 (DANE, catalogo ANDA 908)",
Medellín A.M.,05,2025,Ene-Dic (12 meses),ingreso_pobreza,Brecha de ingreso propietarios vs arrendatarios,33.69,,,,,0,,NO_APLICA,"Pobreza Monetaria 2025 (DANE, catalogo ANDA 908)",(+) = propietarios ganan mas; calculado sobre medianas ponderadas
Medellín A.M.,05,2025,Ene-Dic (12 meses),ingreso_pobreza,Ingreso mediano hogares arrendatarios,3141666.32,,,,,6081,,ACEPTABLE,"Pobreza Monetaria 2025 (DANE, catalogo ANDA 908)",ingtotug = ingreso total unidad de gasto SIN imputar arriendo
Medellín A.M.,05,2025,Ene-Dic (12 meses),ingreso_pobreza,Ingreso mediano hogares propietarios,4200000.0,,,,,4183,,ACEPTABLE,"Pobreza Monetaria 2025 (DANE, catalogo ANDA 908)",ingtotug = ingreso total unidad de gasto SIN imputar arriendo
Medellín A.M.,05,2025,Ene-Dic (12 meses),servicios_publicos,Hogares sin acueducto,0.09,0.0346,0.0255,0.1559,1.6419,11825,40.0933,NO PUBLICAR,"GEIH 2025 (DANE, catalogo ANDA 853)",
Medellín A.M.,05,2025,Ene-Dic (12 meses),servicios_publicos,Hogares sin alcantarillado,1.65,0.1462,1.4057,1.9509,1.5547,11825,8.8431,ACEPTABLE,"GEIH 2025 (DANE, catalogo ANDA 853)",
Medellín A.M.,05,2025,Ene-Dic (12 meses),servicios_publicos,Hogares sin energia electrica,0.0,0.0000,0.0000,0.0000,,11825,,ACEPTABLE,"GEIH 2025 (DANE, catalogo ANDA 853)",
Medellín A.M.,05,2025,Ene-Dic (12 meses),servicios_publicos,Hogares sin gas natural conectado a red,16.06,0.3902,15.3714,16.7728,1.3360,11825,2.4302,EXCELENTE,"GEIH 2025 (DANE, catalogo ANDA 853)",
Medellín A.M.,05,2025,Ene-Dic (12 meses),servicios_publicos,Hogares sin recoleccion de basuras,0.0,0.0000,0.0000,0.0000,,11825,,ACEPTABLE,"GEIH 2025 (DANE, catalogo ANDA 853)",
Medellín A.M.,05,2025,Ene-Dic (12 meses),tenencia,Tenencia: En arriendo o subarriendo,53.06,0.5395,52.0133,54.0565,1.3821,6132,1.0169,EXCELENTE,"GEIH 2025 (DANE, catalogo ANDA 853)",
Medellín A.M.,05,2025,Ene-Dic (12 meses),tenencia,Tenencia: En usufructo,10.78,0.3401,10.2134,11.4846,1.4220,1346,3.1547,EXCELENTE,"GEIH 2025 (DANE, catalogo ANDA 853)",
Medellín A.M.,05,2025,Ene-Dic (12 meses),tenencia,Tenencia: Otra,0.01,0.0071,0.0000,0.0218,0.8266,1,98.3021,NO PUBLICAR,"GEIH 2025 (DANE, catalogo ANDA 853)",
Medellín A.M.,05,2025,Ene-Dic (12 meses),tenencia,Tenencia: Posesion sin titulo,0.48,0.0669,0.3623,0.6292,1.1090,65,13.9477,ACEPTABLE,"GEIH 2025 (DANE, catalogo ANDA 853)",
Medellín A.M.,05,2025,Ene-Dic (12 meses),tenencia,"Tenencia: Propia, la estan pagando",5.56,0.2906,5.0548,6.1500,1.9008,549,5.2236,ACEPTABLE,"GEIH 2025 (DANE, catalogo ANDA 853)",
Medellín A.M.,05,2025,Ene-Dic (12 meses),tenencia,"Tenencia: Propia, totalmente pagada",29.67,0.4867,28.7171,30.6585,1.3423,3665,1.6404,EXCELENTE,"GEIH 2025 (DANE, catalogo ANDA 853)",
Medellín A.M.,05,2025,Ene-Dic (12 meses),tenencia,Tenencia: Propiedad colectiva,0.44,0.0587,0.3332,0.5617,0.9220,67,13.2218,ACEPTABLE,"GEIH 2025 (DANE, catalogo ANDA 853)",
Medellín A.M.,05,2025,Ene-Dic (12 meses),tenencia,Tenencia: suma de categorias (control),100.0,,,,,11825,,NO_APLICA,"GEIH 2025 (DANE, catalogo ANDA 853)",Control de auditoria: debe ser 100% +/-0.1pp
Medellín A.M.,05,2025,Ene-Dic (12 meses),vivienda_propia_credito,Arriendo imputado (estimado) - P25,700000.0,,,,,5652,,ACEPTABLE,"GEIH 2025 (DANE, catalogo ANDA 853)",13 registro(s) excluidos por valor extremo
Medellín A.M.,05,2025,Ene-Dic (12 meses),vivienda_propia_credito,Arriendo imputado (estimado) - P75,1800000.0,,,,,5652,,ACEPTABLE,"GEIH 2025 (DANE, catalogo ANDA 853)",13 registro(s) excluidos por valor extremo
Medellín A.M.,05,2025,Ene-Dic (12 meses),vivienda_propia_credito,Arriendo imputado (estimado) - mediana,1000000.0,50191.6978,1000000.0000,1100000.0000,6.4042,5652,5.0192,ACEPTABLE,"GEIH 2025 (DANE, catalogo ANDA 853)",13 registro(s) excluidos por valor extremo
Medellín A.M.,05,2025,Ene-Dic (12 meses),vivienda_propia_credito,Arriendo imputado (estimado) - promedio,1554823.42,25284.0267,1510099.6605,1604383.8558,1.6251,5652,1.6262,EXCELENTE,"GEIH 2025 (DANE, catalogo ANDA 853)",13 registro(s) excluidos por valor extremo
Medellín A.M.,05,2025,Ene-Dic (12 meses),vivienda_propia_credito,Cuota hipotecaria mensual - P25,600000.0,,,,,540,,ACEPTABLE,"GEIH 2025 (DANE, catalogo ANDA 853)",5 registro(s) excluidos por valor extremo
Medellín A.M.,05,2025,Ene-Dic (12 meses),vivienda_propia_credito,Cuota hipotecaria mensual - P75,1800000.0,,,,,540,,ACEPTABLE,"GEIH 2025 (DANE, catalogo ANDA 853)",5 registro(s) excluidos por valor extremo
Medellín A.M.,05,2025,Ene-Dic (12 meses),vivienda_propia_credito,Cuota hipotecaria mensual - mediana,1000000.0,58064.5547,900000.0000,1159682.2451,1.2420,540,5.8065,ACEPTABLE,"GEIH 2025 (DANE, catalogo ANDA 853)",5 registro(s) excluidos por valor extremo
Medellín A.M.,05,2025,Ene-Dic (12 meses),vivienda_propia_credito,Cuota hipotecaria mensual - promedio,1350260.81,66333.9187,1243097.8201,1495552.1527,1.6209,540,4.9127,EXCELENTE,"GEIH 2025 (DANE, catalogo ANDA 853)",5 registro(s) excluidos por valor extremo
Medellín A.M.,05,2025,Ene-Dic (12 meses),vivienda_propia_credito,Valor estimado de venta de la vivienda - P25,120000000.0,,,,,4099,,ACEPTABLE,"GEIH 2025 (DANE, catalogo ANDA 853)",7 registro(s) excluidos por valor extremo
Medellín A.M.,05,2025,Ene-Dic (12 meses),vivienda_propia_credito,Valor estimado de venta de la vivienda - P75,350000000.0,,,,,4099,,ACEPTABLE,"GEIH 2025 (DANE, catalogo ANDA 853)",7 registro(s) excluidos por valor extremo
Medellín A.M.,05,2025,Ene-Dic (12 meses),vivienda_propia_credito,Valor estimado de venta de la vivienda - mediana,200000000.0,0.0000,200000000.0000,200000000.0000,0.0000,4099,0.0000,EXCELENTE,"GEIH 2025 (DANE, catalogo ANDA 853)",7 registro(s) excluidos por valor extremo
Medellín A.M.,05,2025,Ene-Dic (12 meses),vivienda_propia_credito,Valor estimado de venta de la vivienda - promedio,272823437.72,3786592.3379,265830876.1679,280094574.0742,1.2650,4099,1.3879,EXCELENTE,"GEIH 2025 (DANE, catalogo ANDA 853)",7 registro(s) excluidos por valor extremo
Medellín A.M.,05,2026*,Ene-Jun (parcial),arriendo,Canon de arriendo mensual - P25,641368.0,,,,,3167,,ACEPTABLE,"GEIH 2026 Ene-Jun (DANE, catalogo ANDA 900)",3 registro(s) excluidos por valor extremo
Medellín A.M.,05,2026*,Ene-Jun (parcial),arriendo,Canon de arriendo mensual - P75,1300000.0,,,,,3167,,ACEPTABLE,"GEIH 2026 Ene-Jun (DANE, catalogo ANDA 900)",3 registro(s) excluidos por valor extremo
Medellín A.M.,05,2026*,Ene-Jun (parcial),arriendo,Canon de arriendo mensual - mediana,850000.0,22111.1819,850000.0000,900000.0000,1.7616,3167,2.6013,EXCELENTE,"GEIH 2026 Ene-Jun (DANE, catalogo ANDA 900)",3 registro(s) excluidos por valor extremo
Medellín A.M.,05,2026*,Ene-Jun (parcial),arriendo,Canon de arriendo mensual - promedio,1147459.23,19956.0798,1113323.7417,1187240.1604,1.4350,3167,1.7392,EXCELENTE,"GEIH 2026 Ene-Jun (DANE, catalogo ANDA 900)",3 registro(s) excluidos por valor extremo
Medellín A.M.,05,2026*,Ene-Jun (parcial),deficit_habitacional,Deficit habitacional cualitativo,ND - pendiente Fase 2 (ECV),,,,,0,,ND,ECV (fuera de alcance Fase 1),ND - pendiente Fase 2 (ECV): fuente fuera de alcance de Fase 1
Medellín A.M.,05,2026*,Ene-Jun (parcial),deficit_habitacional,Deficit habitacional cuantitativo,ND - pendiente Fase 2 (ECV),,,,,0,,ND,ECV (fuera de alcance Fase 1),ND - pendiente Fase 2 (ECV): fuente fuera de alcance de Fase 1
Medellín A.M.,05,2026*,Ene-Jun (parcial),deficit_habitacional,Distribucion por estrato socioeconomico,ND - pendiente Fase 2 (ECV),,,,,0,,ND,ECV (fuera de alcance Fase 1),ND - pendiente Fase 2 (ECV): fuente fuera de alcance de Fase 1
Medellín A.M.,05,2026*,Ene-Jun (parcial),esfuerzo_financiero,Arrendatarios que destinan >30% del ingreso al arriendo,ND,,,,,0,,ND,ND - DANE no publica Pobreza Monetaria 2026,DANE no publica Medicion de Pobreza Monetaria y Desigualdad 2026 (requiere año calendario completo); no se calcula ni se extrapola
Medellín A.M.,05,2026*,Ene-Jun (parcial),esfuerzo_financiero,Arrendatarios que destinan >50% del ingreso al arriendo,ND,,,,,0,,ND,ND - DANE no publica Pobreza Monetaria 2026,DANE no publica Medicion de Pobreza Monetaria y Desigualdad 2026 (requiere año calendario completo); no se calcula ni se extrapola
Medellín A.M.,05,2026*,Ene-Jun (parcial),esfuerzo_financiero,Arriendo/ingreso del hogar (mediana),ND,,,,,0,,ND,ND - DANE no publica Pobreza Monetaria 2026,DANE no publica Medicion de Pobreza Monetaria y Desigualdad 2026 (requiere año calendario completo); no se calcula ni se extrapola
Medellín A.M.,05,2026*,Ene-Jun (parcial),hacinamiento,Hogares con hacinamiento (>3 personas/cuarto para dormir),0.88,0.1263,0.6374,1.1374,1.0856,5927,14.3733,ACEPTABLE,"GEIH 2026 Ene-Jun (DANE, catalogo ANDA 900)","Umbral >3 sobre CUARTOS PARA DORMIR (P5010), no cuartos totales"
Medellín A.M.,05,2026*,Ene-Jun (parcial),hacinamiento,Hogares con hacinamiento critico NBI (>3 personas/cuarto TOTAL),0.33,,,,,5927,,NO PUBLICAR,"GEIH 2026 Ene-Jun (DANE, catalogo ANDA 900)",Definicion oficial DANE-NBI (cuartos totales incl. sala-comedor)
Medellín A.M.,05,2026*,Ene-Jun (parcial),hacinamiento,Personas por cuarto para dormir - mediana,1.33,,,,,5927,,ACEPTABLE,"GEIH 2026 Ene-Jun (DANE, catalogo ANDA 900)",
Medellín A.M.,05,2026*,Ene-Jun (parcial),hacinamiento,Personas por cuarto para dormir - promedio,1.42,0.0083,1.4071,1.4371,1.2740,5927,0.5802,EXCELENTE,"GEIH 2026 Ene-Jun (DANE, catalogo ANDA 900)",
Medellín A.M.,05,2026*,Ene-Jun (parcial),ingreso_pobreza,% arrendatarios en pobreza monetaria,ND,,,,,0,,ND,ND - DANE no publica Pobreza Monetaria 2026,DANE no publica Medicion de Pobreza Monetaria y Desigualdad 2026 (requiere año calendario completo); no se calcula ni se extrapola
Medellín A.M.,05,2026*,Ene-Jun (parcial),ingreso_pobreza,% hogares no pobres que viven en arriendo,ND,,,,,0,,ND,ND - DANE no publica Pobreza Monetaria 2026,DANE no publica Medicion de Pobreza Monetaria y Desigualdad 2026 (requiere año calendario completo); no se calcula ni se extrapola
Medellín A.M.,05,2026*,Ene-Jun (parcial),ingreso_pobreza,% hogares pobres que viven en arriendo,ND,,,,,0,,ND,ND - DANE no publica Pobreza Monetaria 2026,DANE no publica Medicion de Pobreza Monetaria y Desigualdad 2026 (requiere año calendario completo); no se calcula ni se extrapola
Medellín A.M.,05,2026*,Ene-Jun (parcial),ingreso_pobreza,% propietarios en pobreza monetaria,ND,,,,,0,,ND,ND - DANE no publica Pobreza Monetaria 2026,DANE no publica Medicion de Pobreza Monetaria y Desigualdad 2026 (requiere año calendario completo); no se calcula ni se extrapola
Medellín A.M.,05,2026*,Ene-Jun (parcial),ingreso_pobreza,Brecha de ingreso propietarios vs arrendatarios,ND,,,,,0,,ND,ND - DANE no publica Pobreza Monetaria 2026,DANE no publica Medicion de Pobreza Monetaria y Desigualdad 2026 (requiere año calendario completo); no se calcula ni se extrapola
Medellín A.M.,05,2026*,Ene-Jun (parcial),ingreso_pobreza,Ingreso mediano hogares arrendatarios,ND,,,,,0,,ND,ND - DANE no publica Pobreza Monetaria 2026,DANE no publica Medicion de Pobreza Monetaria y Desigualdad 2026 (requiere año calendario completo); no se calcula ni se extrapola
Medellín A.M.,05,2026*,Ene-Jun (parcial),ingreso_pobreza,Ingreso mediano hogares propietarios,ND,,,,,0,,ND,ND - DANE no publica Pobreza Monetaria 2026,DANE no publica Medicion de Pobreza Monetaria y Desigualdad 2026 (requiere año calendario completo); no se calcula ni se extrapola
Medellín A.M.,05,2026*,Ene-Jun (parcial),servicios_publicos,Hogares sin acueducto,0.01,0.0114,0.0000,0.0370,0.6258,5927,92.7413,NO PUBLICAR,"GEIH 2026 Ene-Jun (DANE, catalogo ANDA 900)",
Medellín A.M.,05,2026*,Ene-Jun (parcial),servicios_publicos,Hogares sin alcantarillado,1.69,0.1873,1.3330,2.0347,1.2488,5927,11.0570,ACEPTABLE,"GEIH 2026 Ene-Jun (DANE, catalogo ANDA 900)",
Medellín A.M.,05,2026*,Ene-Jun (parcial),servicios_publicos,Hogares sin energia electrica,0.0,0.0000,0.0000,0.0000,,5927,,ACEPTABLE,"GEIH 2026 Ene-Jun (DANE, catalogo ANDA 900)",
Medellín A.M.,05,2026*,Ene-Jun (parcial),servicios_publicos,Hogares sin gas natural conectado a red,15.63,0.5261,14.6389,16.6968,1.2441,5927,3.3666,EXCELENTE,"GEIH 2026 Ene-Jun (DANE, catalogo ANDA 900)",
Medellín A.M.,05,2026*,Ene-Jun (parcial),servicios_publicos,Hogares sin recoleccion de basuras,0.0,0.0000,0.0000,0.0000,,5927,,ACEPTABLE,"GEIH 2026 Ene-Jun (DANE, catalogo ANDA 900)",
Medellín A.M.,05,2026*,Ene-Jun (parcial),tenencia,Tenencia: En arriendo o subarriendo,53.99,0.7629,52.5142,55.3905,1.3888,3175,1.4130,EXCELENTE,"GEIH 2026 Ene-Jun (DANE, catalogo ANDA 900)",
Medellín A.M.,05,2026*,Ene-Jun (parcial),tenencia,Tenencia: En usufructo,10.1,0.4858,9.1261,11.1121,1.5402,599,4.8083,EXCELENTE,"GEIH 2026 Ene-Jun (DANE, catalogo ANDA 900)",
Medellín A.M.,05,2026*,Ene-Jun (parcial),tenencia,Tenencia: Otra,0.04,0.0219,0.0000,0.0887,0.7608,3,58.6921,NO PUBLICAR,"GEIH 2026 Ene-Jun (DANE, catalogo ANDA 900)",
Medellín A.M.,05,2026*,Ene-Jun (parcial),tenencia,Tenencia: Posesion sin titulo,0.54,0.1059,0.3447,0.7511,1.2374,36,19.6008,PRECAUCION,"GEIH 2026 Ene-Jun (DANE, catalogo ANDA 900)",
Medellín A.M.,05,2026*,Ene-Jun (parcial),tenencia,"Tenencia: Propia, la estan pagando",5.53,0.3906,4.7682,6.3129,1.7310,277,7.0632,ACEPTABLE,"GEIH 2026 Ene-Jun (DANE, catalogo ANDA 900)",
Medellín A.M.,05,2026*,Ene-Jun (parcial),tenencia,"Tenencia: Propia, totalmente pagada",28.42,0.7062,27.0843,29.7548,1.4531,1764,2.4849,EXCELENTE,"GEIH 2026 Ene-Jun (DANE, catalogo ANDA 900)",
Medellín A.M.,05,2026*,Ene-Jun (parcial),tenencia,Tenencia: Propiedad colectiva,1.37,0.2100,1.0256,1.7891,1.9319,73,15.3052,PRECAUCION,"GEIH 2026 Ene-Jun (DANE, catalogo ANDA 900)",
Medellín A.M.,05,2026*,Ene-Jun (parcial),tenencia,Tenencia: suma de categorias (control),100.0,,,,,5927,,NO_APLICA,"GEIH 2026 Ene-Jun (DANE, catalogo ANDA 900)",Control de auditoria: debe ser 100% +/-0.1pp
Medellín A.M.,05,2026*,Ene-Jun (parcial),vivienda_propia_credito,Arriendo imputado (estimado) - P25,800000.0,,,,,2730,,ACEPTABLE,"GEIH 2026 Ene-Jun (DANE, catalogo ANDA 900)",7 registro(s) excluidos por valor extremo
Medellín A.M.,05,2026*,Ene-Jun (parcial),vivienda_propia_credito,Arriendo imputado (estimado) - P75,2000000.0,,,,,2730,,ACEPTABLE,"GEIH 2026 Ene-Jun (DANE, catalogo ANDA 900)",7 registro(s) excluidos por valor extremo
Medellín A.M.,05,2026*,Ene-Jun (parcial),vivienda_propia_credito,Arriendo imputado (estimado) - mediana,1200000.0,5773.5027,1200000.0000,1200000.0000,0.0378,2730,0.4811,EXCELENTE,"GEIH 2026 Ene-Jun (DANE, catalogo ANDA 900)",7 registro(s) excluidos por valor extremo
Medellín A.M.,05,2026*,Ene-Jun (parcial),vivienda_propia_credito,Arriendo imputado (estimado) - promedio,1675334.71,34940.2957,1611667.8923,1748658.5259,1.3843,2730,2.0856,EXCELENTE,"GEIH 2026 Ene-Jun (DANE, catalogo ANDA 900)",7 registro(s) excluidos por valor extremo
Medellín A.M.,05,2026*,Ene-Jun (parcial),vivienda_propia_credito,Cuota hipotecaria mensual - P25,750000.0,,,,,275,,ACEPTABLE,"GEIH 2026 Ene-Jun (DANE, catalogo ANDA 900)",1 registro(s) excluidos por valor extremo
Medellín A.M.,05,2026*,Ene-Jun (parcial),vivienda_propia_credito,Cuota hipotecaria mensual - P75,2401985.5,,,,,275,,ACEPTABLE,"GEIH 2026 Ene-Jun (DANE, catalogo ANDA 900)",1 registro(s) excluidos por valor extremo
Medellín A.M.,05,2026*,Ene-Jun (parcial),vivienda_propia_credito,Cuota hipotecaria mensual - mediana,1400000.0,87428.8721,1200000.0000,1500000.0000,0.7530,275,6.2449,ACEPTABLE,"GEIH 2026 Ene-Jun (DANE, catalogo ANDA 900)",1 registro(s) excluidos por valor extremo
Medellín A.M.,05,2026*,Ene-Jun (parcial),vivienda_propia_credito,Cuota hipotecaria mensual - promedio,1783781.43,113570.7807,1580740.7378,1990458.4630,1.2706,275,6.3669,ACEPTABLE,"GEIH 2026 Ene-Jun (DANE, catalogo ANDA 900)",1 registro(s) excluidos por valor extremo
Medellín A.M.,05,2026*,Ene-Jun (parcial),vivienda_propia_credito,Valor estimado de venta de la vivienda - P25,130000000.0,,,,,1888,,ACEPTABLE,"GEIH 2026 Ene-Jun (DANE, catalogo ANDA 900)",3 registro(s) excluidos por valor extremo
Medellín A.M.,05,2026*,Ene-Jun (parcial),vivienda_propia_credito,Valor estimado de venta de la vivienda - P75,380039159.21,,,,,1888,,ACEPTABLE,"GEIH 2026 Ene-Jun (DANE, catalogo ANDA 900)",3 registro(s) excluidos por valor extremo
Medellín A.M.,05,2026*,Ene-Jun (parcial),vivienda_propia_credito,Valor estimado de venta de la vivienda - mediana,235638452.58,12581439.9189,220000000.0000,250000000.0000,4.0272,1888,5.3393,ACEPTABLE,"GEIH 2026 Ene-Jun (DANE, catalogo ANDA 900)",3 registro(s) excluidos por valor extremo
Medellín A.M.,05,2026*,Ene-Jun (parcial),vivienda_propia_credito,Valor estimado de venta de la vivienda - promedio,310167907.71,7449420.9435,296498994.2785,326695506.4569,1.4118,1888,2.4017,EXCELENTE,"GEIH 2026 Ene-Jun (DANE, catalogo ANDA 900)",3 registro(s) excluidos por valor extremo
Montería,23,2023,Ene-Dic (12 meses),arriendo,Canon de arriendo mensual - P25,350000.0,,,,,2170,,ACEPTABLE,"GEIH 2023 (DANE, catalogo ANDA 782)",3 registro(s) excluidos por valor extremo
Montería,23,2023,Ene-Dic (12 meses),arriendo,Canon de arriendo mensual - P75,650000.0,,,,,2170,,ACEPTABLE,"GEIH 2023 (DANE, catalogo ANDA 782)",3 registro(s) excluidos por valor extremo
Montería,23,2023,Ene-Dic (12 meses),arriendo,Canon de arriendo mensual - mediana,450000.0,9792.3399,450000.0000,480000.0000,1.7642,2170,2.1761,EXCELENTE,"GEIH 2023 (DANE, catalogo ANDA 782)",3 registro(s) excluidos por valor extremo
Montería,23,2023,Ene-Dic (12 meses),arriendo,Canon de arriendo mensual - promedio,557013.18,8157.2745,541694.8134,575187.5006,1.2242,2170,1.4645,EXCELENTE,"GEIH 2023 (DANE, catalogo ANDA 782)",3 registro(s) excluidos por valor extremo
Montería,23,2023,Ene-Dic (12 meses),deficit_habitacional,Deficit habitacional cualitativo,ND - pendiente Fase 2 (ECV),,,,,0,,ND,ECV (fuera de alcance Fase 1),ND - pendiente Fase 2 (ECV): fuente fuera de alcance de Fase 1
Montería,23,2023,Ene-Dic (12 meses),deficit_habitacional,Deficit habitacional cuantitativo,ND - pendiente Fase 2 (ECV),,,,,0,,ND,ECV (fuera de alcance Fase 1),ND - pendiente Fase 2 (ECV): fuente fuera de alcance de Fase 1
Montería,23,2023,Ene-Dic (12 meses),deficit_habitacional,Distribucion por estrato socioeconomico,ND - pendiente Fase 2 (ECV),,,,,0,,ND,ECV (fuera de alcance Fase 1),ND - pendiente Fase 2 (ECV): fuente fuera de alcance de Fase 1
Montería,23,2023,Ene-Dic (12 meses),esfuerzo_financiero,Arrendatarios que destinan >30% del ingreso al arriendo,43.39,,,,,2162,,ACEPTABLE,"Pobreza Monetaria 2023 (DANE, catalogo ANDA 835)",sobrecarga (>30%)
Montería,23,2023,Ene-Dic (12 meses),esfuerzo_financiero,Arrendatarios que destinan >50% del ingreso al arriendo,15.94,,,,,2162,,ACEPTABLE,"Pobreza Monetaria 2023 (DANE, catalogo ANDA 835)",sobrecarga severa (>50%)
Montería,23,2023,Ene-Dic (12 meses),esfuerzo_financiero,Arriendo/ingreso del hogar (mediana),26.91,,,,,2162,,ACEPTABLE,"Pobreza Monetaria 2023 (DANE, catalogo ANDA 835)",Merge con 99.8% de coincidencia
Montería,23,2023,Ene-Dic (12 meses),hacinamiento,Hogares con hacinamiento (>3 personas/cuarto para dormir),3.18,0.2389,2.7708,3.6830,1.1098,5991,7.5080,ACEPTABLE,"GEIH 2023 (DANE, catalogo ANDA 782)","Umbral >3 sobre CUARTOS PARA DORMIR (P5010), no cuartos totales"
Montería,23,2023,Ene-Dic (12 meses),hacinamiento,Hogares con hacinamiento critico NBI (>3 personas/cuarto TOTAL),0.31,,,,,5991,,NO PUBLICAR,"GEIH 2023 (DANE, catalogo ANDA 782)",Definicion oficial DANE-NBI (cuartos totales incl. sala-comedor)
Montería,23,2023,Ene-Dic (12 meses),hacinamiento,Personas por cuarto para dormir - mediana,1.5,,,,,5991,,ACEPTABLE,"GEIH 2023 (DANE, catalogo ANDA 782)",
Montería,23,2023,Ene-Dic (12 meses),hacinamiento,Personas por cuarto para dormir - promedio,1.67,0.0104,1.6543,1.6948,1.1680,5991,0.6215,EXCELENTE,"GEIH 2023 (DANE, catalogo ANDA 782)",
Montería,23,2023,Ene-Dic (12 meses),ingreso_pobreza,% arrendatarios en pobreza monetaria,31.84,,,,,2174,,ACEPTABLE,"Pobreza Monetaria 2023 (DANE, catalogo ANDA 835)",
Montería,23,2023,Ene-Dic (12 meses),ingreso_pobreza,% hogares no pobres que viven en arriendo,37.45,,,,,4077,,ACEPTABLE,"Pobreza Monetaria 2023 (DANE, catalogo ANDA 835)",
Montería,23,2023,Ene-Dic (12 meses),ingreso_pobreza,% hogares pobres que viven en arriendo,43.17,,,,,1914,,ACEPTABLE,"Pobreza Monetaria 2023 (DANE, catalogo ANDA 835)",
Montería,23,2023,Ene-Dic (12 meses),ingreso_pobreza,% propietarios en pobreza monetaria,21.64,,,,,2278,,ACEPTABLE,"Pobreza Monetaria 2023 (DANE, catalogo ANDA 835)",
Montería,23,2023,Ene-Dic (12 meses),ingreso_pobreza,Brecha de ingreso propietarios vs arrendatarios,9.19,,,,,0,,NO_APLICA,"Pobreza Monetaria 2023 (DANE, catalogo ANDA 835)",(+) = propietarios ganan mas; calculado sobre medianas ponderadas
Montería,23,2023,Ene-Dic (12 meses),ingreso_pobreza,Ingreso mediano hogares arrendatarios,1660000.0,,,,,2166,,ACEPTABLE,"Pobreza Monetaria 2023 (DANE, catalogo ANDA 835)",ingtotug = ingreso total unidad de gasto SIN imputar arriendo
Montería,23,2023,Ene-Dic (12 meses),ingreso_pobreza,Ingreso mediano hogares propietarios,1812555.05,,,,,2271,,ACEPTABLE,"Pobreza Monetaria 2023 (DANE, catalogo ANDA 835)",ingtotug = ingreso total unidad de gasto SIN imputar arriendo
Montería,23,2023,Ene-Dic (12 meses),servicios_publicos,Hogares sin acueducto,0.78,0.1350,0.5180,1.0443,1.4146,5991,17.3496,PRECAUCION,"GEIH 2023 (DANE, catalogo ANDA 782)",
Montería,23,2023,Ene-Dic (12 meses),servicios_publicos,Hogares sin alcantarillado,8.9,0.4502,8.0450,9.8411,1.4967,5991,5.0555,ACEPTABLE,"GEIH 2023 (DANE, catalogo ANDA 782)",
Montería,23,2023,Ene-Dic (12 meses),servicios_publicos,Hogares sin energia electrica,0.0,0.0000,0.0000,0.0000,,5991,,ACEPTABLE,"GEIH 2023 (DANE, catalogo ANDA 782)",
Montería,23,2023,Ene-Dic (12 meses),servicios_publicos,Hogares sin gas natural conectado a red,5.57,0.3692,4.9411,6.3111,1.5528,5991,6.6292,ACEPTABLE,"GEIH 2023 (DANE, catalogo ANDA 782)",
Montería,23,2023,Ene-Dic (12 meses),servicios_publicos,Hogares sin recoleccion de basuras,0.64,0.1224,0.4286,0.9139,1.4047,5991,19.0382,PRECAUCION,"GEIH 2023 (DANE, catalogo ANDA 782)",
Montería,23,2023,Ene-Dic (12 meses),tenencia,Tenencia: En arriendo o subarriendo,39.1,0.7234,37.6242,40.5723,1.3165,2174,1.8500,EXCELENTE,"GEIH 2023 (DANE, catalogo ANDA 782)",
Montería,23,2023,Ene-Dic (12 meses),tenencia,Tenencia: En usufructo,21.16,0.5804,19.9866,22.3146,1.2096,1307,2.7424,EXCELENTE,"GEIH 2023 (DANE, catalogo ANDA 782)",
Montería,23,2023,Ene-Dic (12 meses),tenencia,Tenencia: Otra,0.04,0.0270,0.0000,0.1014,1.1518,2,71.1306,NO PUBLICAR,"GEIH 2023 (DANE, catalogo ANDA 782)",
Montería,23,2023,Ene-Dic (12 meses),tenencia,Tenencia: Posesion sin titulo,4.05,0.3125,3.4366,4.6307,1.5073,224,7.7249,ACEPTABLE,"GEIH 2023 (DANE, catalogo ANDA 782)",
Montería,23,2023,Ene-Dic (12 meses),tenencia,"Tenencia: Propia, la estan pagando",1.78,0.2084,1.3601,2.2503,1.4901,101,11.7251,ACEPTABLE,"GEIH 2023 (DANE, catalogo ANDA 782)",
Montería,23,2023,Ene-Dic (12 meses),tenencia,"Tenencia: Propia, totalmente pagada",33.81,0.7070,32.3386,35.1629,1.3383,2177,2.0913,EXCELENTE,"GEIH 2023 (DANE, catalogo ANDA 782)",
Montería,23,2023,Ene-Dic (12 meses),tenencia,Tenencia: Propiedad colectiva,0.06,0.0301,0.0170,0.1350,0.8427,6,46.7503,NO PUBLICAR,"GEIH 2023 (DANE, catalogo ANDA 782)",
Montería,23,2023,Ene-Dic (12 meses),tenencia,Tenencia: suma de categorias (control),100.0,,,,,5991,,NO_APLICA,"GEIH 2023 (DANE, catalogo ANDA 782)",Control de auditoria: debe ser 100% +/-0.1pp
Montería,23,2023,Ene-Dic (12 meses),vivienda_propia_credito,Arriendo imputado (estimado) - P25,350000.0,,,,,3785,,ACEPTABLE,"GEIH 2023 (DANE, catalogo ANDA 782)",18 registro(s) excluidos por valor extremo
Montería,23,2023,Ene-Dic (12 meses),vivienda_propia_credito,Arriendo imputado (estimado) - P75,700000.0,,,,,3785,,ACEPTABLE,"GEIH 2023 (DANE, catalogo ANDA 782)",18 registro(s) excluidos por valor extremo
Montería,23,2023,Ene-Dic (12 meses),vivienda_propia_credito,Arriendo imputado (estimado) - mediana,500000.0,7879.0476,474750.0000,500000.0000,1.1419,3785,1.5758,EXCELENTE,"GEIH 2023 (DANE, catalogo ANDA 782)",18 registro(s) excluidos por valor extremo
Montería,23,2023,Ene-Dic (12 meses),vivienda_propia_credito,Arriendo imputado (estimado) - promedio,587768.55,8928.6677,570863.9744,605768.4444,1.4664,3785,1.5191,EXCELENTE,"GEIH 2023 (DANE, catalogo ANDA 782)",18 registro(s) excluidos por valor extremo
Montería,23,2023,Ene-Dic (12 meses),vivienda_propia_credito,Cuota hipotecaria mensual - P25,448033.16,,,,,97,,PRECAUCION,"GEIH 2023 (DANE, catalogo ANDA 782)",2 registro(s) excluidos por valor extremo
Montería,23,2023,Ene-Dic (12 meses),vivienda_propia_credito,Cuota hipotecaria mensual - P75,1299107.51,,,,,97,,PRECAUCION,"GEIH 2023 (DANE, catalogo ANDA 782)",2 registro(s) excluidos por valor extremo
Montería,23,2023,Ene-Dic (12 meses),vivienda_propia_credito,Cuota hipotecaria mensual - mediana,694160.46,64560.5813,546684.5454,773884.5837,0.9394,97,9.3005,PRECAUCION,"GEIH 2023 (DANE, catalogo ANDA 782)",2 registro(s) excluidos por valor extremo
Montería,23,2023,Ene-Dic (12 meses),vivienda_propia_credito,Cuota hipotecaria mensual - promedio,914428.29,69388.2789,779177.5800,1050219.6831,1.0851,97,7.5882,PRECAUCION,"GEIH 2023 (DANE, catalogo ANDA 782)",2 registro(s) excluidos por valor extremo
Montería,23,2023,Ene-Dic (12 meses),vivienda_propia_credito,Valor estimado de venta de la vivienda - P25,55000000.0,,,,,2192,,ACEPTABLE,"GEIH 2023 (DANE, catalogo ANDA 782)",11 registro(s) excluidos por valor extremo
Montería,23,2023,Ene-Dic (12 meses),vivienda_propia_credito,Valor estimado de venta de la vivienda - P75,150000000.0,,,,,2192,,ACEPTABLE,"GEIH 2023 (DANE, catalogo ANDA 782)",11 registro(s) excluidos por valor extremo
Montería,23,2023,Ene-Dic (12 meses),vivienda_propia_credito,Valor estimado de venta de la vivienda - mediana,85000000.0,3731259.3384,80000000.0000,90000000.0000,1.1077,2192,4.3897,EXCELENTE,"GEIH 2023 (DANE, catalogo ANDA 782)",11 registro(s) excluidos por valor extremo
Montería,23,2023,Ene-Dic (12 meses),vivienda_propia_credito,Valor estimado de venta de la vivienda - promedio,126486432.35,4698345.4697,118443764.4482,135877518.7877,1.7563,2192,3.7145,EXCELENTE,"GEIH 2023 (DANE, catalogo ANDA 782)",11 registro(s) excluidos por valor extremo
Montería,23,2024,Ene-Dic (12 meses),arriendo,Canon de arriendo mensual - P25,380000.0,,,,,2129,,ACEPTABLE,"GEIH 2024 (DANE, catalogo ANDA 819)",11 registro(s) excluidos por valor extremo
Montería,23,2024,Ene-Dic (12 meses),arriendo,Canon de arriendo mensual - P75,650000.0,,,,,2129,,ACEPTABLE,"GEIH 2024 (DANE, catalogo ANDA 819)",11 registro(s) excluidos por valor extremo
Montería,23,2024,Ene-Dic (12 meses),arriendo,Canon de arriendo mensual - mediana,500000.0,1164.7017,500000.0000,500000.0000,0.0184,2129,0.2329,EXCELENTE,"GEIH 2024 (DANE, catalogo ANDA 819)",11 registro(s) excluidos por valor extremo
Montería,23,2024,Ene-Dic (12 meses),arriendo,Canon de arriendo mensual - promedio,598056.29,10457.7582,576470.2693,616802.1871,1.4873,2129,1.7486,EXCELENTE,"GEIH 2024 (DANE, catalogo ANDA 819)",11 registro(s) excluidos por valor extremo
Montería,23,2024,Ene-Dic (12 meses),deficit_habitacional,Deficit habitacional cualitativo,ND - pendiente Fase 2 (ECV),,,,,0,,ND,ECV (fuera de alcance Fase 1),ND - pendiente Fase 2 (ECV): fuente fuera de alcance de Fase 1
Montería,23,2024,Ene-Dic (12 meses),deficit_habitacional,Deficit habitacional cuantitativo,ND - pendiente Fase 2 (ECV),,,,,0,,ND,ECV (fuera de alcance Fase 1),ND - pendiente Fase 2 (ECV): fuente fuera de alcance de Fase 1
Montería,23,2024,Ene-Dic (12 meses),deficit_habitacional,Distribucion por estrato socioeconomico,ND - pendiente Fase 2 (ECV),,,,,0,,ND,ECV (fuera de alcance Fase 1),ND - pendiente Fase 2 (ECV): fuente fuera de alcance de Fase 1
Montería,23,2024,Ene-Dic (12 meses),esfuerzo_financiero,Arrendatarios que destinan >30% del ingreso al arriendo,39.95,,,,,2120,,ACEPTABLE,"Pobreza Monetaria 2024 (DANE, catalogo ANDA 874)",sobrecarga (>30%)
Montería,23,2024,Ene-Dic (12 meses),esfuerzo_financiero,Arrendatarios que destinan >50% del ingreso al arriendo,13.49,,,,,2120,,ACEPTABLE,"Pobreza Monetaria 2024 (DANE, catalogo ANDA 874)",sobrecarga severa (>50%)
Montería,23,2024,Ene-Dic (12 meses),esfuerzo_financiero,Arriendo/ingreso del hogar (mediana),25.66,,,,,2120,,ACEPTABLE,"Pobreza Monetaria 2024 (DANE, catalogo ANDA 874)",Merge con 99.4% de coincidencia
Montería,23,2024,Ene-Dic (12 meses),hacinamiento,Hogares con hacinamiento (>3 personas/cuarto para dormir),2.79,0.2329,2.3152,3.2342,1.1802,5908,8.3393,ACEPTABLE,"GEIH 2024 (DANE, catalogo ANDA 819)","Umbral >3 sobre CUARTOS PARA DORMIR (P5010), no cuartos totales"
Montería,23,2024,Ene-Dic (12 meses),hacinamiento,Hogares con hacinamiento critico NBI (>3 personas/cuarto TOTAL),0.22,,,,,5908,,NO PUBLICAR,"GEIH 2024 (DANE, catalogo ANDA 819)",Definicion oficial DANE-NBI (cuartos totales incl. sala-comedor)
Montería,23,2024,Ene-Dic (12 meses),hacinamiento,Personas por cuarto para dormir - mediana,1.5,,,,,5908,,ACEPTABLE,"GEIH 2024 (DANE, catalogo ANDA 819)",
Montería,23,2024,Ene-Dic (12 meses),hacinamiento,Personas por cuarto para dormir - promedio,1.67,0.0109,1.6501,1.6924,1.2983,5908,0.6520,EXCELENTE,"GEIH 2024 (DANE, catalogo ANDA 819)",
Montería,23,2024,Ene-Dic (12 meses),ingreso_pobreza,% arrendatarios en pobreza monetaria,29.59,,,,,2142,,ACEPTABLE,"Pobreza Monetaria 2024 (DANE, catalogo ANDA 874)",
Montería,23,2024,Ene-Dic (12 meses),ingreso_pobreza,% hogares no pobres que viven en arriendo,37.52,,,,,4274,,ACEPTABLE,"Pobreza Monetaria 2024 (DANE, catalogo ANDA 874)",
Montería,23,2024,Ene-Dic (12 meses),ingreso_pobreza,% hogares pobres que viven en arriendo,47.16,,,,,1634,,ACEPTABLE,"Pobreza Monetaria 2024 (DANE, catalogo ANDA 874)",
Montería,23,2024,Ene-Dic (12 meses),ingreso_pobreza,% propietarios en pobreza monetaria,16.88,,,,,2371,,ACEPTABLE,"Pobreza Monetaria 2024 (DANE, catalogo ANDA 874)",
Montería,23,2024,Ene-Dic (12 meses),ingreso_pobreza,Brecha de ingreso propietarios vs arrendatarios,16.7,,,,,0,,NO_APLICA,"Pobreza Monetaria 2024 (DANE, catalogo ANDA 874)",(+) = propietarios ganan mas; calculado sobre medianas ponderadas
Montería,23,2024,Ene-Dic (12 meses),ingreso_pobreza,Ingreso mediano hogares arrendatarios,1842693.29,,,,,2133,,ACEPTABLE,"Pobreza Monetaria 2024 (DANE, catalogo ANDA 874)",ingtotug = ingreso total unidad de gasto SIN imputar arriendo
Montería,23,2024,Ene-Dic (12 meses),ingreso_pobreza,Ingreso mediano hogares propietarios,2150444.05,,,,,2370,,ACEPTABLE,"Pobreza Monetaria 2024 (DANE, catalogo ANDA 874)",ingtotug = ingreso total unidad de gasto SIN imputar arriendo
Montería,23,2024,Ene-Dic (12 meses),servicios_publicos,Hogares sin acueducto,1.02,0.1639,0.7544,1.3411,1.5791,5908,16.1395,PRECAUCION,"GEIH 2024 (DANE, catalogo ANDA 819)",
Montería,23,2024,Ene-Dic (12 meses),servicios_publicos,Hogares sin alcantarillado,9.15,0.4321,8.4090,9.9977,1.3269,5908,4.7226,EXCELENTE,"GEIH 2024 (DANE, catalogo ANDA 819)",
Montería,23,2024,Ene-Dic (12 meses),servicios_publicos,Hogares sin energia electrica,0.0,0.0000,0.0000,0.0000,,5908,,ACEPTABLE,"GEIH 2024 (DANE, catalogo ANDA 819)",
Montería,23,2024,Ene-Dic (12 meses),servicios_publicos,Hogares sin gas natural conectado a red,5.83,0.3398,5.2589,6.5644,1.2420,5908,5.8254,ACEPTABLE,"GEIH 2024 (DANE, catalogo ANDA 819)",
Montería,23,2024,Ene-Dic (12 meses),servicios_publicos,Hogares sin recoleccion de basuras,0.64,0.1161,0.4245,0.8666,1.2540,5908,18.1609,PRECAUCION,"GEIH 2024 (DANE, catalogo ANDA 819)",
Montería,23,2024,Ene-Dic (12 meses),tenencia,Tenencia: En arriendo o subarriendo,39.94,0.7198,38.4920,41.3584,1.2761,2142,1.8023,EXCELENTE,"GEIH 2024 (DANE, catalogo ANDA 819)",
Montería,23,2024,Ene-Dic (12 meses),tenencia,Tenencia: En usufructo,19.79,0.6185,18.6207,21.0360,1.4238,1178,3.1250,EXCELENTE,"GEIH 2024 (DANE, catalogo ANDA 819)",
Montería,23,2024,Ene-Dic (12 meses),tenencia,Tenencia: Otra,0.0,0.0000,0.0000,0.0000,,0,,ACEPTABLE,"GEIH 2024 (DANE, catalogo ANDA 819)",
Montería,23,2024,Ene-Dic (12 meses),tenencia,Tenencia: Posesion sin titulo,3.83,0.2848,3.3129,4.4024,1.3007,202,7.4347,ACEPTABLE,"GEIH 2024 (DANE, catalogo ANDA 819)",
Montería,23,2024,Ene-Dic (12 meses),tenencia,"Tenencia: Propia, la estan pagando",2.6,0.2313,2.1835,3.0782,1.2487,150,8.8994,ACEPTABLE,"GEIH 2024 (DANE, catalogo ANDA 819)",
Montería,23,2024,Ene-Dic (12 meses),tenencia,"Tenencia: Propia, totalmente pagada",33.57,0.6536,32.3898,34.9061,1.1319,2221,1.9472,EXCELENTE,"GEIH 2024 (DANE, catalogo ANDA 819)",
Montería,23,2024,Ene-Dic (12 meses),tenencia,Tenencia: Propiedad colectiva,0.27,0.0795,0.1110,0.4368,1.3883,15,29.4611,NO PUBLICAR,"GEIH 2024 (DANE, catalogo ANDA 819)",
Montería,23,2024,Ene-Dic (12 meses),tenencia,Tenencia: suma de categorias (control),100.0,,,,,5908,,NO_APLICA,"GEIH 2024 (DANE, catalogo ANDA 819)",Control de auditoria: debe ser 100% +/-0.1pp
Montería,23,2024,Ene-Dic (12 meses),vivienda_propia_credito,Arriendo imputado (estimado) - P25,400000.0,,,,,3733,,ACEPTABLE,"GEIH 2024 (DANE, catalogo ANDA 819)",17 registro(s) excluidos por valor extremo
Montería,23,2024,Ene-Dic (12 meses),vivienda_propia_credito,Arriendo imputado (estimado) - P75,800000.0,,,,,3733,,ACEPTABLE,"GEIH 2024 (DANE, catalogo ANDA 819)",17 registro(s) excluidos por valor extremo
Montería,23,2024,Ene-Dic (12 meses),vivienda_propia_credito,Arriendo imputado (estimado) - mediana,500000.0,0.0000,500000.0000,500000.0000,0.0000,3733,0.0000,EXCELENTE,"GEIH 2024 (DANE, catalogo ANDA 819)",17 registro(s) excluidos por valor extremo
Montería,23,2024,Ene-Dic (12 meses),vivienda_propia_credito,Arriendo imputado (estimado) - promedio,664072.26,8780.1686,647162.8604,681872.9342,1.1892,3733,1.3222,EXCELENTE,"GEIH 2024 (DANE, catalogo ANDA 819)",17 registro(s) excluidos por valor extremo
Montería,23,2024,Ene-Dic (12 meses),vivienda_propia_credito,Cuota hipotecaria mensual - P25,420000.0,,,,,145,,PRECAUCION,"GEIH 2024 (DANE, catalogo ANDA 819)",1 registro(s) excluidos por valor extremo
Montería,23,2024,Ene-Dic (12 meses),vivienda_propia_credito,Cuota hipotecaria mensual - P75,1500000.0,,,,,145,,PRECAUCION,"GEIH 2024 (DANE, catalogo ANDA 819)",1 registro(s) excluidos por valor extremo
Montería,23,2024,Ene-Dic (12 meses),vivienda_propia_credito,Cuota hipotecaria mensual - mediana,775511.99,118896.2267,600000.0000,1140005.0661,0.8714,145,15.3313,PRECAUCION,"GEIH 2024 (DANE, catalogo ANDA 819)",1 registro(s) excluidos por valor extremo
Montería,23,2024,Ene-Dic (12 meses),vivienda_propia_credito,Cuota hipotecaria mensual - promedio,1269200.08,160915.7353,999024.3040,1655523.9452,1.5962,145,12.6785,ACEPTABLE,"GEIH 2024 (DANE, catalogo ANDA 819)",1 registro(s) excluidos por valor extremo
Montería,23,2024,Ene-Dic (12 meses),vivienda_propia_credito,Valor estimado de venta de la vivienda - P25,70000000.0,,,,,2274,,ACEPTABLE,"GEIH 2024 (DANE, catalogo ANDA 819)",16 registro(s) excluidos por valor extremo
Montería,23,2024,Ene-Dic (12 meses),vivienda_propia_credito,Valor estimado de venta de la vivienda - P75,160000000.0,,,,,2274,,ACEPTABLE,"GEIH 2024 (DANE, catalogo ANDA 819)",16 registro(s) excluidos por valor extremo
Montería,23,2024,Ene-Dic (12 meses),vivienda_propia_credito,Valor estimado de venta de la vivienda - mediana,98000000.0,3220406.8397,90000000.0000,100000000.0000,1.7355,2274,3.2861,EXCELENTE,"GEIH 2024 (DANE, catalogo ANDA 819)",16 registro(s) excluidos por valor extremo
Montería,23,2024,Ene-Dic (12 meses),vivienda_propia_credito,Valor estimado de venta de la vivienda - promedio,133562164.3,2862600.6086,128050023.2366,139160610.3522,1.3713,2274,2.1433,EXCELENTE,"GEIH 2024 (DANE, catalogo ANDA 819)",16 registro(s) excluidos por valor extremo
Montería,23,2025,Ene-Dic (12 meses),arriendo,Canon de arriendo mensual - P25,400000.0,,,,,2046,,ACEPTABLE,"GEIH 2025 (DANE, catalogo ANDA 853)",5 registro(s) excluidos por valor extremo
Montería,23,2025,Ene-Dic (12 meses),arriendo,Canon de arriendo mensual - P75,700000.0,,,,,2046,,ACEPTABLE,"GEIH 2025 (DANE, catalogo ANDA 853)",5 registro(s) excluidos por valor extremo
Montería,23,2025,Ene-Dic (12 meses),arriendo,Canon de arriendo mensual - mediana,500000.0,0.0000,500000.0000,500000.0000,0.0000,2046,0.0000,EXCELENTE,"GEIH 2025 (DANE, catalogo ANDA 853)",5 registro(s) excluidos por valor extremo
Montería,23,2025,Ene-Dic (12 meses),arriendo,Canon de arriendo mensual - promedio,595575.43,8494.6647,576969.3148,609949.7077,1.3439,2046,1.4263,EXCELENTE,"GEIH 2025 (DANE, catalogo ANDA 853)",5 registro(s) excluidos por valor extremo
Montería,23,2025,Ene-Dic (12 meses),deficit_habitacional,Deficit habitacional cualitativo,ND - pendiente Fase 2 (ECV),,,,,0,,ND,ECV (fuera de alcance Fase 1),ND - pendiente Fase 2 (ECV): fuente fuera de alcance de Fase 1
Montería,23,2025,Ene-Dic (12 meses),deficit_habitacional,Deficit habitacional cuantitativo,ND - pendiente Fase 2 (ECV),,,,,0,,ND,ECV (fuera de alcance Fase 1),ND - pendiente Fase 2 (ECV): fuente fuera de alcance de Fase 1
Montería,23,2025,Ene-Dic (12 meses),deficit_habitacional,Distribucion por estrato socioeconomico,ND - pendiente Fase 2 (ECV),,,,,0,,ND,ECV (fuera de alcance Fase 1),ND - pendiente Fase 2 (ECV): fuente fuera de alcance de Fase 1
Montería,23,2025,Ene-Dic (12 meses),esfuerzo_financiero,Arrendatarios que destinan >30% del ingreso al arriendo,40.07,,,,,2039,,ACEPTABLE,"Pobreza Monetaria 2025 (DANE, catalogo ANDA 908)",sobrecarga (>30%)
Montería,23,2025,Ene-Dic (12 meses),esfuerzo_financiero,Arrendatarios que destinan >50% del ingreso al arriendo,16.15,,,,,2039,,ACEPTABLE,"Pobreza Monetaria 2025 (DANE, catalogo ANDA 908)",sobrecarga severa (>50%)
Montería,23,2025,Ene-Dic (12 meses),esfuerzo_financiero,Arriendo/ingreso del hogar (mediana),25.62,,,,,2039,,ACEPTABLE,"Pobreza Monetaria 2025 (DANE, catalogo ANDA 908)",Merge con 99.7% de coincidencia
Montería,23,2025,Ene-Dic (12 meses),hacinamiento,Hogares con hacinamiento (>3 personas/cuarto para dormir),2.57,0.2331,2.1442,3.0246,1.2819,5918,9.0542,ACEPTABLE,"GEIH 2025 (DANE, catalogo ANDA 853)","Umbral >3 sobre CUARTOS PARA DORMIR (P5010), no cuartos totales"
Montería,23,2025,Ene-Dic (12 meses),hacinamiento,Hogares con hacinamiento critico NBI (>3 personas/cuarto TOTAL),0.27,,,,,5918,,NO PUBLICAR,"GEIH 2025 (DANE, catalogo ANDA 853)",Definicion oficial DANE-NBI (cuartos totales incl. sala-comedor)
Montería,23,2025,Ene-Dic (12 meses),hacinamiento,Personas por cuarto para dormir - mediana,1.5,,,,,5918,,ACEPTABLE,"GEIH 2025 (DANE, catalogo ANDA 853)",
Montería,23,2025,Ene-Dic (12 meses),hacinamiento,Personas por cuarto para dormir - promedio,1.66,0.0116,1.6394,1.6838,1.5486,5918,0.7000,EXCELENTE,"GEIH 2025 (DANE, catalogo ANDA 853)",
Montería,23,2025,Ene-Dic (12 meses),ingreso_pobreza,% arrendatarios en pobreza monetaria,29.15,,,,,2053,,ACEPTABLE,"Pobreza Monetaria 2025 (DANE, catalogo ANDA 908)",
Montería,23,2025,Ene-Dic (12 meses),ingreso_pobreza,% hogares no pobres que viven en arriendo,35.63,,,,,4330,,ACEPTABLE,"Pobreza Monetaria 2025 (DANE, catalogo ANDA 908)",
Montería,23,2025,Ene-Dic (12 meses),ingreso_pobreza,% hogares pobres que viven en arriendo,45.75,,,,,1588,,ACEPTABLE,"Pobreza Monetaria 2025 (DANE, catalogo ANDA 908)",
Montería,23,2025,Ene-Dic (12 meses),ingreso_pobreza,% propietarios en pobreza monetaria,15.34,,,,,2189,,ACEPTABLE,"Pobreza Monetaria 2025 (DANE, catalogo ANDA 908)",
Montería,23,2025,Ene-Dic (12 meses),ingreso_pobreza,Brecha de ingreso propietarios vs arrendatarios,15.96,,,,,0,,NO_APLICA,"Pobreza Monetaria 2025 (DANE, catalogo ANDA 908)",(+) = propietarios ganan mas; calculado sobre medianas ponderadas
Montería,23,2025,Ene-Dic (12 meses),ingreso_pobreza,Ingreso mediano hogares arrendatarios,1940388.7,,,,,2046,,ACEPTABLE,"Pobreza Monetaria 2025 (DANE, catalogo ANDA 908)",ingtotug = ingreso total unidad de gasto SIN imputar arriendo
Montería,23,2025,Ene-Dic (12 meses),ingreso_pobreza,Ingreso mediano hogares propietarios,2250000.0,,,,,2183,,ACEPTABLE,"Pobreza Monetaria 2025 (DANE, catalogo ANDA 908)",ingtotug = ingreso total unidad de gasto SIN imputar arriendo
Montería,23,2025,Ene-Dic (12 meses),servicios_publicos,Hogares sin acueducto,0.91,0.1418,0.6738,1.2084,1.3139,5918,15.5137,PRECAUCION,"GEIH 2025 (DANE, catalogo ANDA 853)",
Montería,23,2025,Ene-Dic (12 meses),servicios_publicos,Hogares sin alcantarillado,8.94,0.4485,8.1292,9.7846,1.4625,5918,5.0178,ACEPTABLE,"GEIH 2025 (DANE, catalogo ANDA 853)",
Montería,23,2025,Ene-Dic (12 meses),servicios_publicos,Hogares sin energia electrica,0.0,0.0000,0.0000,0.0000,,5918,,ACEPTABLE,"GEIH 2025 (DANE, catalogo ANDA 853)",
Montería,23,2025,Ene-Dic (12 meses),servicios_publicos,Hogares sin gas natural conectado a red,6.28,0.3866,5.6067,7.1237,1.5022,5918,6.1527,ACEPTABLE,"GEIH 2025 (DANE, catalogo ANDA 853)",
Montería,23,2025,Ene-Dic (12 meses),servicios_publicos,Hogares sin recoleccion de basuras,0.58,0.1197,0.3732,0.8105,1.4645,5918,20.5506,PRECAUCION,"GEIH 2025 (DANE, catalogo ANDA 853)",
Montería,23,2025,Ene-Dic (12 meses),tenencia,Tenencia: En arriendo o subarriendo,38.08,0.7328,36.6194,39.3858,1.3477,2053,1.9243,EXCELENTE,"GEIH 2025 (DANE, catalogo ANDA 853)",
Montería,23,2025,Ene-Dic (12 meses),tenencia,Tenencia: En usufructo,23.77,0.5911,22.5584,24.8117,1.1412,1459,2.4865,EXCELENTE,"GEIH 2025 (DANE, catalogo ANDA 853)",
Montería,23,2025,Ene-Dic (12 meses),tenencia,Tenencia: Otra,0.07,0.0423,0.0000,0.1598,1.5152,3,60.5031,NO PUBLICAR,"GEIH 2025 (DANE, catalogo ANDA 853)",
Montería,23,2025,Ene-Dic (12 meses),tenencia,Tenencia: Posesion sin titulo,3.89,0.3134,3.2825,4.5770,1.5550,206,8.0584,ACEPTABLE,"GEIH 2025 (DANE, catalogo ANDA 853)",
Montería,23,2025,Ene-Dic (12 meses),tenencia,"Tenencia: Propia, la estan pagando",2.91,0.2428,2.4288,3.3512,1.2338,163,8.3378,ACEPTABLE,"GEIH 2025 (DANE, catalogo ANDA 853)",
Montería,23,2025,Ene-Dic (12 meses),tenencia,"Tenencia: Propia, totalmente pagada",31.13,0.6433,29.8682,32.3164,1.1423,2026,2.0664,EXCELENTE,"GEIH 2025 (DANE, catalogo ANDA 853)",
Montería,23,2025,Ene-Dic (12 meses),tenencia,Tenencia: Propiedad colectiva,0.14,0.0525,0.0524,0.2538,1.1404,8,36.6553,NO PUBLICAR,"GEIH 2025 (DANE, catalogo ANDA 853)",
Montería,23,2025,Ene-Dic (12 meses),tenencia,Tenencia: suma de categorias (control),100.0,,,,,5918,,NO_APLICA,"GEIH 2025 (DANE, catalogo ANDA 853)",Control de auditoria: debe ser 100% +/-0.1pp
Montería,23,2025,Ene-Dic (12 meses),vivienda_propia_credito,Arriendo imputado (estimado) - P25,400000.0,,,,,3832,,ACEPTABLE,"GEIH 2025 (DANE, catalogo ANDA 853)",16 registro(s) excluidos por valor extremo
Montería,23,2025,Ene-Dic (12 meses),vivienda_propia_credito,Arriendo imputado (estimado) - P75,800000.0,,,,,3832,,ACEPTABLE,"GEIH 2025 (DANE, catalogo ANDA 853)",16 registro(s) excluidos por valor extremo
Montería,23,2025,Ene-Dic (12 meses),vivienda_propia_credito,Arriendo imputado (estimado) - mediana,500000.0,2886.7513,500000.0000,500000.0000,0.1236,3832,0.5774,EXCELENTE,"GEIH 2025 (DANE, catalogo ANDA 853)",16 registro(s) excluidos por valor extremo
Montería,23,2025,Ene-Dic (12 meses),vivienda_propia_credito,Arriendo imputado (estimado) - promedio,677213.18,10047.9807,657677.5560,697410.0028,1.4972,3832,1.4837,EXCELENTE,"GEIH 2025 (DANE, catalogo ANDA 853)",16 registro(s) excluidos por valor extremo
Montería,23,2025,Ene-Dic (12 meses),vivienda_propia_credito,Cuota hipotecaria mensual - P25,400000.0,,,,,162,,NO PUBLICAR,"GEIH 2025 (DANE, catalogo ANDA 853)",1 registro(s) excluidos por valor extremo
Montería,23,2025,Ene-Dic (12 meses),vivienda_propia_credito,Cuota hipotecaria mensual - P75,950000.0,,,,,162,,NO PUBLICAR,"GEIH 2025 (DANE, catalogo ANDA 853)",1 registro(s) excluidos por valor extremo
Montería,23,2025,Ene-Dic (12 meses),vivienda_propia_credito,Cuota hipotecaria mensual - mediana,600000.0,40675.8030,520872.8407,700000.0000,0.0582,162,6.7793,ACEPTABLE,"GEIH 2025 (DANE, catalogo ANDA 853)",1 registro(s) excluidos por valor extremo
Montería,23,2025,Ene-Dic (12 meses),vivienda_propia_credito,Cuota hipotecaria mensual - promedio,1097190.73,164289.0111,800416.9220,1412147.2945,0.9488,162,14.9736,ACEPTABLE,"GEIH 2025 (DANE, catalogo ANDA 853)",1 registro(s) excluidos por valor extremo
Montería,23,2025,Ene-Dic (12 meses),vivienda_propia_credito,Valor estimado de venta de la vivienda - P25,75000000.0,,,,,2111,,ACEPTABLE,"GEIH 2025 (DANE, catalogo ANDA 853)",7 registro(s) excluidos por valor extremo
Montería,23,2025,Ene-Dic (12 meses),vivienda_propia_credito,Valor estimado de venta de la vivienda - P75,200000000.0,,,,,2111,,ACEPTABLE,"GEIH 2025 (DANE, catalogo ANDA 853)",7 registro(s) excluidos por valor extremo
Montería,23,2025,Ene-Dic (12 meses),vivienda_propia_credito,Valor estimado de venta de la vivienda - mediana,105000000.0,6403696.0288,100000000.0000,120000000.0000,5.4328,2111,6.0988,ACEPTABLE,"GEIH 2025 (DANE, catalogo ANDA 853)",7 registro(s) excluidos por valor extremo
Montería,23,2025,Ene-Dic (12 meses),vivienda_propia_credito,Valor estimado de venta de la vivienda - promedio,153959856.75,3194374.1525,147439437.8571,159883351.7396,1.3519,2111,2.0748,EXCELENTE,"GEIH 2025 (DANE, catalogo ANDA 853)",7 registro(s) excluidos por valor extremo
Montería,23,2026*,Ene-Jun (parcial),arriendo,Canon de arriendo mensual - P25,400000.0,,,,,1056,,ACEPTABLE,"GEIH 2026 Ene-Jun (DANE, catalogo ANDA 900)",1 registro(s) excluidos por valor extremo
Montería,23,2026*,Ene-Jun (parcial),arriendo,Canon de arriendo mensual - P75,750000.0,,,,,1056,,ACEPTABLE,"GEIH 2026 Ene-Jun (DANE, catalogo ANDA 900)",1 registro(s) excluidos por valor extremo
Montería,23,2026*,Ene-Jun (parcial),arriendo,Canon de arriendo mensual - mediana,550000.0,20361.6373,500000.0000,580000.0000,2.4515,1056,3.7021,EXCELENTE,"GEIH 2026 Ene-Jun (DANE, catalogo ANDA 900)",1 registro(s) excluidos por valor extremo
Montería,23,2026*,Ene-Jun (parcial),arriendo,Canon de arriendo mensual - promedio,658629.65,14272.1549,633264.2617,687490.7714,1.2044,1056,2.1669,EXCELENTE,"GEIH 2026 Ene-Jun (DANE, catalogo ANDA 900)",1 registro(s) excluidos por valor extremo
Montería,23,2026*,Ene-Jun (parcial),deficit_habitacional,Deficit habitacional cualitativo,ND - pendiente Fase 2 (ECV),,,,,0,,ND,ECV (fuera de alcance Fase 1),ND - pendiente Fase 2 (ECV): fuente fuera de alcance de Fase 1
Montería,23,2026*,Ene-Jun (parcial),deficit_habitacional,Deficit habitacional cuantitativo,ND - pendiente Fase 2 (ECV),,,,,0,,ND,ECV (fuera de alcance Fase 1),ND - pendiente Fase 2 (ECV): fuente fuera de alcance de Fase 1
Montería,23,2026*,Ene-Jun (parcial),deficit_habitacional,Distribucion por estrato socioeconomico,ND - pendiente Fase 2 (ECV),,,,,0,,ND,ECV (fuera de alcance Fase 1),ND - pendiente Fase 2 (ECV): fuente fuera de alcance de Fase 1
Montería,23,2026*,Ene-Jun (parcial),esfuerzo_financiero,Arrendatarios que destinan >30% del ingreso al arriendo,ND,,,,,0,,ND,ND - DANE no publica Pobreza Monetaria 2026,DANE no publica Medicion de Pobreza Monetaria y Desigualdad 2026 (requiere año calendario completo); no se calcula ni se extrapola
Montería,23,2026*,Ene-Jun (parcial),esfuerzo_financiero,Arrendatarios que destinan >50% del ingreso al arriendo,ND,,,,,0,,ND,ND - DANE no publica Pobreza Monetaria 2026,DANE no publica Medicion de Pobreza Monetaria y Desigualdad 2026 (requiere año calendario completo); no se calcula ni se extrapola
Montería,23,2026*,Ene-Jun (parcial),esfuerzo_financiero,Arriendo/ingreso del hogar (mediana),ND,,,,,0,,ND,ND - DANE no publica Pobreza Monetaria 2026,DANE no publica Medicion de Pobreza Monetaria y Desigualdad 2026 (requiere año calendario completo); no se calcula ni se extrapola
Montería,23,2026*,Ene-Jun (parcial),hacinamiento,Hogares con hacinamiento (>3 personas/cuarto para dormir),2.67,0.3047,2.1006,3.2918,1.0562,2960,11.3988,ACEPTABLE,"GEIH 2026 Ene-Jun (DANE, catalogo ANDA 900)","Umbral >3 sobre CUARTOS PARA DORMIR (P5010), no cuartos totales"
Montería,23,2026*,Ene-Jun (parcial),hacinamiento,Hogares con hacinamiento critico NBI (>3 personas/cuarto TOTAL),0.08,,,,,2960,,NO PUBLICAR,"GEIH 2026 Ene-Jun (DANE, catalogo ANDA 900)",Definicion oficial DANE-NBI (cuartos totales incl. sala-comedor)
Montería,23,2026*,Ene-Jun (parcial),hacinamiento,Personas por cuarto para dormir - mediana,1.5,,,,,2960,,ACEPTABLE,"GEIH 2026 Ene-Jun (DANE, catalogo ANDA 900)",
Montería,23,2026*,Ene-Jun (parcial),hacinamiento,Personas por cuarto para dormir - promedio,1.63,0.0148,1.6041,1.6608,1.3525,2960,0.9026,EXCELENTE,"GEIH 2026 Ene-Jun (DANE, catalogo ANDA 900)",
Montería,23,2026*,Ene-Jun (parcial),ingreso_pobreza,% arrendatarios en pobreza monetaria,ND,,,,,0,,ND,ND - DANE no publica Pobreza Monetaria 2026,DANE no publica Medicion de Pobreza Monetaria y Desigualdad 2026 (requiere año calendario completo); no se calcula ni se extrapola
Montería,23,2026*,Ene-Jun (parcial),ingreso_pobreza,% hogares no pobres que viven en arriendo,ND,,,,,0,,ND,ND - DANE no publica Pobreza Monetaria 2026,DANE no publica Medicion de Pobreza Monetaria y Desigualdad 2026 (requiere año calendario completo); no se calcula ni se extrapola
Montería,23,2026*,Ene-Jun (parcial),ingreso_pobreza,% hogares pobres que viven en arriendo,ND,,,,,0,,ND,ND - DANE no publica Pobreza Monetaria 2026,DANE no publica Medicion de Pobreza Monetaria y Desigualdad 2026 (requiere año calendario completo); no se calcula ni se extrapola
Montería,23,2026*,Ene-Jun (parcial),ingreso_pobreza,% propietarios en pobreza monetaria,ND,,,,,0,,ND,ND - DANE no publica Pobreza Monetaria 2026,DANE no publica Medicion de Pobreza Monetaria y Desigualdad 2026 (requiere año calendario completo); no se calcula ni se extrapola
Montería,23,2026*,Ene-Jun (parcial),ingreso_pobreza,Brecha de ingreso propietarios vs arrendatarios,ND,,,,,0,,ND,ND - DANE no publica Pobreza Monetaria 2026,DANE no publica Medicion de Pobreza Monetaria y Desigualdad 2026 (requiere año calendario completo); no se calcula ni se extrapola
Montería,23,2026*,Ene-Jun (parcial),ingreso_pobreza,Ingreso mediano hogares arrendatarios,ND,,,,,0,,ND,ND - DANE no publica Pobreza Monetaria 2026,DANE no publica Medicion de Pobreza Monetaria y Desigualdad 2026 (requiere año calendario completo); no se calcula ni se extrapola
Montería,23,2026*,Ene-Jun (parcial),ingreso_pobreza,Ingreso mediano hogares propietarios,ND,,,,,0,,ND,ND - DANE no publica Pobreza Monetaria 2026,DANE no publica Medicion de Pobreza Monetaria y Desigualdad 2026 (requiere año calendario completo); no se calcula ni se extrapola
Montería,23,2026*,Ene-Jun (parcial),servicios_publicos,Hogares sin acueducto,0.04,0.0358,0.0000,0.1228,0.9281,2960,87.4260,NO PUBLICAR,"GEIH 2026 Ene-Jun (DANE, catalogo ANDA 900)",
Montería,23,2026*,Ene-Jun (parcial),servicios_publicos,Hogares sin alcantarillado,8.08,0.6304,6.8743,9.4495,1.5848,2960,7.8069,ACEPTABLE,"GEIH 2026 Ene-Jun (DANE, catalogo ANDA 900)",
Montería,23,2026*,Ene-Jun (parcial),servicios_publicos,Hogares sin energia electrica,0.05,0.0545,0.0000,0.1605,1.6691,2960,103.4783,NO PUBLICAR,"GEIH 2026 Ene-Jun (DANE, catalogo ANDA 900)",
Montería,23,2026*,Ene-Jun (parcial),servicios_publicos,Hogares sin gas natural conectado a red,4.84,0.4911,3.8931,5.8958,1.5494,2960,10.1416,ACEPTABLE,"GEIH 2026 Ene-Jun (DANE, catalogo ANDA 900)",
Montería,23,2026*,Ene-Jun (parcial),servicios_publicos,Hogares sin recoleccion de basuras,0.3,0.1071,0.1139,0.5090,1.1252,2960,35.3809,NO PUBLICAR,"GEIH 2026 Ene-Jun (DANE, catalogo ANDA 900)",
Montería,23,2026*,Ene-Jun (parcial),tenencia,Tenencia: En arriendo o subarriendo,40.2,1.0383,38.1408,42.1685,1.3275,1058,2.5829,EXCELENTE,"GEIH 2026 Ene-Jun (DANE, catalogo ANDA 900)",
Montería,23,2026*,Ene-Jun (parcial),tenencia,Tenencia: En usufructo,24.31,0.8924,22.5911,26.0939,1.2813,774,3.6716,EXCELENTE,"GEIH 2026 Ene-Jun (DANE, catalogo ANDA 900)",
Montería,23,2026*,Ene-Jun (parcial),tenencia,Tenencia: Otra,0.05,0.0547,0.0000,0.1829,1.7124,1,105.7379,NO PUBLICAR,"GEIH 2026 Ene-Jun (DANE, catalogo ANDA 900)",
Montería,23,2026*,Ene-Jun (parcial),tenencia,Tenencia: Posesion sin titulo,2.42,0.3317,1.8637,3.0877,1.3814,66,13.7308,ACEPTABLE,"GEIH 2026 Ene-Jun (DANE, catalogo ANDA 900)",
Montería,23,2026*,Ene-Jun (parcial),tenencia,"Tenencia: Propia, la estan pagando",2.66,0.3336,2.0447,3.3232,1.2716,68,12.5333,ACEPTABLE,"GEIH 2026 Ene-Jun (DANE, catalogo ANDA 900)",
Montería,23,2026*,Ene-Jun (parcial),tenencia,"Tenencia: Propia, totalmente pagada",30.28,0.9377,28.6312,32.1158,1.2327,991,3.0963,EXCELENTE,"GEIH 2026 Ene-Jun (DANE, catalogo ANDA 900)",
Montería,23,2026*,Ene-Jun (parcial),tenencia,Tenencia: Propiedad colectiva,0.08,0.0595,0.0000,0.2118,1.2764,2,72.4041,NO PUBLICAR,"GEIH 2026 Ene-Jun (DANE, catalogo ANDA 900)",
Montería,23,2026*,Ene-Jun (parcial),tenencia,Tenencia: suma de categorias (control),100.0,,,,,2960,,NO_APLICA,"GEIH 2026 Ene-Jun (DANE, catalogo ANDA 900)",Control de auditoria: debe ser 100% +/-0.1pp
Montería,23,2026*,Ene-Jun (parcial),vivienda_propia_credito,Arriendo imputado (estimado) - P25,450000.0,,,,,1897,,ACEPTABLE,"GEIH 2026 Ene-Jun (DANE, catalogo ANDA 900)",3 registro(s) excluidos por valor extremo
Montería,23,2026*,Ene-Jun (parcial),vivienda_propia_credito,Arriendo imputado (estimado) - P75,800000.0,,,,,1897,,ACEPTABLE,"GEIH 2026 Ene-Jun (DANE, catalogo ANDA 900)",3 registro(s) excluidos por valor extremo
Montería,23,2026*,Ene-Jun (parcial),vivienda_propia_credito,Arriendo imputado (estimado) - mediana,600000.0,831.2040,600000.0000,600000.0000,0.0040,1897,0.1385,EXCELENTE,"GEIH 2026 Ene-Jun (DANE, catalogo ANDA 900)",3 registro(s) excluidos por valor extremo
Montería,23,2026*,Ene-Jun (parcial),vivienda_propia_credito,Arriendo imputado (estimado) - promedio,745582.29,14241.9127,715974.5313,772386.1926,1.1789,1897,1.9102,EXCELENTE,"GEIH 2026 Ene-Jun (DANE, catalogo ANDA 900)",3 registro(s) excluidos por valor extremo
Montería,23,2026*,Ene-Jun (parcial),vivienda_propia_credito,Cuota hipotecaria mensual - P25,401228.43,,,,,68,,PRECAUCION,"GEIH 2026 Ene-Jun (DANE, catalogo ANDA 900)",
Montería,23,2026*,Ene-Jun (parcial),vivienda_propia_credito,Cuota hipotecaria mensual - P75,944885.12,,,,,68,,PRECAUCION,"GEIH 2026 Ene-Jun (DANE, catalogo ANDA 900)",
Montería,23,2026*,Ene-Jun (parcial),vivienda_propia_credito,Cuota hipotecaria mensual - mediana,600000.0,60215.2069,500000.0000,700000.0000,0.3404,68,10.0359,PRECAUCION,"GEIH 2026 Ene-Jun (DANE, catalogo ANDA 900)",
Montería,23,2026*,Ene-Jun (parcial),vivienda_propia_credito,Cuota hipotecaria mensual - promedio,878622.13,115851.0864,692632.3223,1124749.8050,1.2601,68,13.1855,PRECAUCION,"GEIH 2026 Ene-Jun (DANE, catalogo ANDA 900)",
Montería,23,2026*,Ene-Jun (parcial),vivienda_propia_credito,Valor estimado de venta de la vivienda - P25,80000000.0,,,,,1041,,ACEPTABLE,"GEIH 2026 Ene-Jun (DANE, catalogo ANDA 900)",1 registro(s) excluidos por valor extremo
Montería,23,2026*,Ene-Jun (parcial),vivienda_propia_credito,Valor estimado de venta de la vivienda - P75,200000000.0,,,,,1041,,ACEPTABLE,"GEIH 2026 Ene-Jun (DANE, catalogo ANDA 900)",1 registro(s) excluidos por valor extremo
Montería,23,2026*,Ene-Jun (parcial),vivienda_propia_credito,Valor estimado de venta de la vivienda - mediana,120000000.0,4627494.3087,103725527.7822,122987885.0329,1.0358,1041,3.8562,EXCELENTE,"GEIH 2026 Ene-Jun (DANE, catalogo ANDA 900)",1 registro(s) excluidos por valor extremo
Montería,23,2026*,Ene-Jun (parcial),vivienda_propia_credito,Valor estimado de venta de la vivienda - promedio,167122444.46,4827470.0211,158280030.9932,176299628.1008,1.1272,1041,2.8886,EXCELENTE,"GEIH 2026 Ene-Jun (DANE, catalogo ANDA 900)",1 registro(s) excluidos por valor extremo
Neiva,41,2023,Ene-Dic (12 meses),arriendo,Canon de arriendo mensual - P25,350000.0,,,,,3126,,ACEPTABLE,"GEIH 2023 (DANE, catalogo ANDA 782)",13 registro(s) excluidos por valor extremo
Neiva,41,2023,Ene-Dic (12 meses),arriendo,Canon de arriendo mensual - P75,600000.0,,,,,3126,,ACEPTABLE,"GEIH 2023 (DANE, catalogo ANDA 782)",13 registro(s) excluidos por valor extremo
Neiva,41,2023,Ene-Dic (12 meses),arriendo,Canon de arriendo mensual - mediana,480000.0,17178.7982,450000.0000,500000.0000,12.9948,3126,3.5789,EXCELENTE,"GEIH 2023 (DANE, catalogo ANDA 782)",13 registro(s) excluidos por valor extremo
Neiva,41,2023,Ene-Dic (12 meses),arriendo,Canon de arriendo mensual - promedio,528119.6,5087.8791,518743.4741,536636.1152,1.1399,3126,0.9634,EXCELENTE,"GEIH 2023 (DANE, catalogo ANDA 782)",13 registro(s) excluidos por valor extremo
Neiva,41,2023,Ene-Dic (12 meses),deficit_habitacional,Deficit habitacional cualitativo,ND - pendiente Fase 2 (ECV),,,,,0,,ND,ECV (fuera de alcance Fase 1),ND - pendiente Fase 2 (ECV): fuente fuera de alcance de Fase 1
Neiva,41,2023,Ene-Dic (12 meses),deficit_habitacional,Deficit habitacional cuantitativo,ND - pendiente Fase 2 (ECV),,,,,0,,ND,ECV (fuera de alcance Fase 1),ND - pendiente Fase 2 (ECV): fuente fuera de alcance de Fase 1
Neiva,41,2023,Ene-Dic (12 meses),deficit_habitacional,Distribucion por estrato socioeconomico,ND - pendiente Fase 2 (ECV),,,,,0,,ND,ECV (fuera de alcance Fase 1),ND - pendiente Fase 2 (ECV): fuente fuera de alcance de Fase 1
Neiva,41,2023,Ene-Dic (12 meses),esfuerzo_financiero,Arrendatarios que destinan >30% del ingreso al arriendo,43.08,,,,,3077,,ACEPTABLE,"Pobreza Monetaria 2023 (DANE, catalogo ANDA 835)",sobrecarga (>30%)
Neiva,41,2023,Ene-Dic (12 meses),esfuerzo_financiero,Arrendatarios que destinan >50% del ingreso al arriendo,16.33,,,,,3077,,ACEPTABLE,"Pobreza Monetaria 2023 (DANE, catalogo ANDA 835)",sobrecarga severa (>50%)
Neiva,41,2023,Ene-Dic (12 meses),esfuerzo_financiero,Arriendo/ingreso del hogar (mediana),26.92,,,,,3077,,ACEPTABLE,"Pobreza Monetaria 2023 (DANE, catalogo ANDA 835)",Merge con 99.3% de coincidencia
Neiva,41,2023,Ene-Dic (12 meses),hacinamiento,Hogares con hacinamiento (>3 personas/cuarto para dormir),2.2,0.2140,1.8061,2.6656,1.6136,7597,9.7075,ACEPTABLE,"GEIH 2023 (DANE, catalogo ANDA 782)","Umbral >3 sobre CUARTOS PARA DORMIR (P5010), no cuartos totales"
Neiva,41,2023,Ene-Dic (12 meses),hacinamiento,Hogares con hacinamiento critico NBI (>3 personas/cuarto TOTAL),0.53,,,,,7597,,PRECAUCION,"GEIH 2023 (DANE, catalogo ANDA 782)",Definicion oficial DANE-NBI (cuartos totales incl. sala-comedor)
Neiva,41,2023,Ene-Dic (12 meses),hacinamiento,Personas por cuarto para dormir - mediana,1.33,,,,,7597,,ACEPTABLE,"GEIH 2023 (DANE, catalogo ANDA 782)",
Neiva,41,2023,Ene-Dic (12 meses),hacinamiento,Personas por cuarto para dormir - promedio,1.5,0.0091,1.4858,1.5219,1.3242,7597,0.6024,EXCELENTE,"GEIH 2023 (DANE, catalogo ANDA 782)",
Neiva,41,2023,Ene-Dic (12 meses),ingreso_pobreza,% arrendatarios en pobreza monetaria,41.75,,,,,3147,,ACEPTABLE,"Pobreza Monetaria 2023 (DANE, catalogo ANDA 835)",
Neiva,41,2023,Ene-Dic (12 meses),ingreso_pobreza,% hogares no pobres que viven en arriendo,38.99,,,,,4949,,ACEPTABLE,"Pobreza Monetaria 2023 (DANE, catalogo ANDA 835)",
Neiva,41,2023,Ene-Dic (12 meses),ingreso_pobreza,% hogares pobres que viven en arriendo,49.41,,,,,2649,,ACEPTABLE,"Pobreza Monetaria 2023 (DANE, catalogo ANDA 835)",
Neiva,41,2023,Ene-Dic (12 meses),ingreso_pobreza,% propietarios en pobreza monetaria,24.1,,,,,2961,,ACEPTABLE,"Pobreza Monetaria 2023 (DANE, catalogo ANDA 835)",
Neiva,41,2023,Ene-Dic (12 meses),ingreso_pobreza,Brecha de ingreso propietarios vs arrendatarios,48.89,,,,,0,,NO_APLICA,"Pobreza Monetaria 2023 (DANE, catalogo ANDA 835)",(+) = propietarios ganan mas; calculado sobre medianas ponderadas
Neiva,41,2023,Ene-Dic (12 meses),ingreso_pobreza,Ingreso mediano hogares arrendatarios,1636933.5,,,,,3098,,ACEPTABLE,"Pobreza Monetaria 2023 (DANE, catalogo ANDA 835)",ingtotug = ingreso total unidad de gasto SIN imputar arriendo
Neiva,41,2023,Ene-Dic (12 meses),ingreso_pobreza,Ingreso mediano hogares propietarios,2437279.28,,,,,2915,,ACEPTABLE,"Pobreza Monetaria 2023 (DANE, catalogo ANDA 835)",ingtotug = ingreso total unidad de gasto SIN imputar arriendo
Neiva,41,2023,Ene-Dic (12 meses),servicios_publicos,Hogares sin acueducto,0.16,0.0420,0.0819,0.2458,0.8422,7598,26.3194,NO PUBLICAR,"GEIH 2023 (DANE, catalogo ANDA 782)",
Neiva,41,2023,Ene-Dic (12 meses),servicios_publicos,Hogares sin alcantarillado,3.01,0.2354,2.6442,3.5100,1.4438,7598,7.8281,ACEPTABLE,"GEIH 2023 (DANE, catalogo ANDA 782)",
Neiva,41,2023,Ene-Dic (12 meses),servicios_publicos,Hogares sin energia electrica,0.04,0.0205,0.0080,0.0855,0.7604,7598,48.8977,NO PUBLICAR,"GEIH 2023 (DANE, catalogo ANDA 782)",
Neiva,41,2023,Ene-Dic (12 meses),servicios_publicos,Hogares sin gas natural conectado a red,5.83,0.2866,5.3107,6.3794,1.1371,7598,4.9179,EXCELENTE,"GEIH 2023 (DANE, catalogo ANDA 782)",
Neiva,41,2023,Ene-Dic (12 meses),servicios_publicos,Hogares sin recoleccion de basuras,0.79,0.0990,0.6046,0.9842,0.9463,7598,12.4841,ACEPTABLE,"GEIH 2023 (DANE, catalogo ANDA 782)",
Neiva,41,2023,Ene-Dic (12 meses),tenencia,Tenencia: En arriendo o subarriendo,42.75,0.6171,41.5832,43.9156,1.1824,3147,1.4435,EXCELENTE,"GEIH 2023 (DANE, catalogo ANDA 782)",
Neiva,41,2023,Ene-Dic (12 meses),tenencia,Tenencia: En usufructo,12.87,0.4125,12.0425,13.6346,1.1527,1015,3.2045,EXCELENTE,"GEIH 2023 (DANE, catalogo ANDA 782)",
Neiva,41,2023,Ene-Dic (12 meses),tenencia,Tenencia: Otra,0.38,0.0726,0.2348,0.5070,1.0703,29,19.3178,PRECAUCION,"GEIH 2023 (DANE, catalogo ANDA 782)",
Neiva,41,2023,Ene-Dic (12 meses),tenencia,Tenencia: Posesion sin titulo,4.94,0.2716,4.4573,5.4473,1.1937,364,5.4985,ACEPTABLE,"GEIH 2023 (DANE, catalogo ANDA 782)",
Neiva,41,2023,Ene-Dic (12 meses),tenencia,"Tenencia: Propia, la estan pagando",5.32,0.2830,4.8312,5.9041,1.2074,364,5.3166,ACEPTABLE,"GEIH 2023 (DANE, catalogo ANDA 782)",
Neiva,41,2023,Ene-Dic (12 meses),tenencia,"Tenencia: Propia, totalmente pagada",32.7,0.5671,31.7532,33.8781,1.1105,2597,1.7343,EXCELENTE,"GEIH 2023 (DANE, catalogo ANDA 782)",
Neiva,41,2023,Ene-Dic (12 meses),tenencia,Tenencia: Propiedad colectiva,1.03,0.1198,0.8099,1.2656,1.0680,82,11.6095,ACEPTABLE,"GEIH 2023 (DANE, catalogo ANDA 782)",
Neiva,41,2023,Ene-Dic (12 meses),tenencia,Tenencia: suma de categorias (control),100.0,,,,,7598,,NO_APLICA,"GEIH 2023 (DANE, catalogo ANDA 782)",Control de auditoria: debe ser 100% +/-0.1pp
Neiva,41,2023,Ene-Dic (12 meses),vivienda_propia_credito,Arriendo imputado (estimado) - P25,380000.0,,,,,4118,,ACEPTABLE,"GEIH 2023 (DANE, catalogo ANDA 782)",24 registro(s) excluidos por valor extremo
Neiva,41,2023,Ene-Dic (12 meses),vivienda_propia_credito,Arriendo imputado (estimado) - P75,700000.0,,,,,4118,,ACEPTABLE,"GEIH 2023 (DANE, catalogo ANDA 782)",24 registro(s) excluidos por valor extremo
Neiva,41,2023,Ene-Dic (12 meses),vivienda_propia_credito,Arriendo imputado (estimado) - mediana,500000.0,0.0000,500000.0000,500000.0000,0.0000,4118,0.0000,EXCELENTE,"GEIH 2023 (DANE, catalogo ANDA 782)",24 registro(s) excluidos por valor extremo
Neiva,41,2023,Ene-Dic (12 meses),vivienda_propia_credito,Arriendo imputado (estimado) - promedio,609105.66,8463.6673,593026.1334,624453.9348,1.3146,4118,1.3895,EXCELENTE,"GEIH 2023 (DANE, catalogo ANDA 782)",24 registro(s) excluidos por valor extremo
Neiva,41,2023,Ene-Dic (12 meses),vivienda_propia_credito,Cuota hipotecaria mensual - P25,475482.4,,,,,356,,ACEPTABLE,"GEIH 2023 (DANE, catalogo ANDA 782)",
Neiva,41,2023,Ene-Dic (12 meses),vivienda_propia_credito,Cuota hipotecaria mensual - P75,1300000.0,,,,,356,,ACEPTABLE,"GEIH 2023 (DANE, catalogo ANDA 782)",
Neiva,41,2023,Ene-Dic (12 meses),vivienda_propia_credito,Cuota hipotecaria mensual - mediana,800000.0,34725.4459,720000.0000,894921.3383,0.2306,356,4.3407,EXCELENTE,"GEIH 2023 (DANE, catalogo ANDA 782)",
Neiva,41,2023,Ene-Dic (12 meses),vivienda_propia_credito,Cuota hipotecaria mensual - promedio,1146095.5,77386.6257,993875.7352,1299424.5160,1.1452,356,6.7522,ACEPTABLE,"GEIH 2023 (DANE, catalogo ANDA 782)",
Neiva,41,2023,Ene-Dic (12 meses),vivienda_propia_credito,Valor estimado de venta de la vivienda - P25,80000000.0,,,,,2030,,ACEPTABLE,"GEIH 2023 (DANE, catalogo ANDA 782)",42 registro(s) excluidos por valor extremo
Neiva,41,2023,Ene-Dic (12 meses),vivienda_propia_credito,Valor estimado de venta de la vivienda - P75,200000000.0,,,,,2030,,ACEPTABLE,"GEIH 2023 (DANE, catalogo ANDA 782)",42 registro(s) excluidos por valor extremo
Neiva,41,2023,Ene-Dic (12 meses),vivienda_propia_credito,Valor estimado de venta de la vivienda - mediana,120000000.0,1494968.2687,120000000.0000,125000000.0000,0.1905,2030,1.2458,EXCELENTE,"GEIH 2023 (DANE, catalogo ANDA 782)",42 registro(s) excluidos por valor extremo
Neiva,41,2023,Ene-Dic (12 meses),vivienda_propia_credito,Valor estimado de venta de la vivienda - promedio,159893192.51,4188734.3548,151874867.3932,168073031.9819,1.4954,2030,2.6197,EXCELENTE,"GEIH 2023 (DANE, catalogo ANDA 782)",42 registro(s) excluidos por valor extremo
Neiva,41,2024,Ene-Dic (12 meses),arriendo,Canon de arriendo mensual - P25,380000.0,,,,,3068,,ACEPTABLE,"GEIH 2024 (DANE, catalogo ANDA 819)",16 registro(s) excluidos por valor extremo
Neiva,41,2024,Ene-Dic (12 meses),arriendo,Canon de arriendo mensual - P75,648846.35,,,,,3068,,ACEPTABLE,"GEIH 2024 (DANE, catalogo ANDA 819)",16 registro(s) excluidos por valor extremo
Neiva,41,2024,Ene-Dic (12 meses),arriendo,Canon de arriendo mensual - mediana,500000.0,0.0000,500000.0000,500000.0000,0.0000,3068,0.0000,EXCELENTE,"GEIH 2024 (DANE, catalogo ANDA 819)",16 registro(s) excluidos por valor extremo
Neiva,41,2024,Ene-Dic (12 meses),arriendo,Canon de arriendo mensual - promedio,542803.41,5268.8926,532397.0091,552545.2786,1.1799,3068,0.9707,EXCELENTE,"GEIH 2024 (DANE, catalogo ANDA 819)",16 registro(s) excluidos por valor extremo
Neiva,41,2024,Ene-Dic (12 meses),deficit_habitacional,Deficit habitacional cualitativo,ND - pendiente Fase 2 (ECV),,,,,0,,ND,ECV (fuera de alcance Fase 1),ND - pendiente Fase 2 (ECV): fuente fuera de alcance de Fase 1
Neiva,41,2024,Ene-Dic (12 meses),deficit_habitacional,Deficit habitacional cuantitativo,ND - pendiente Fase 2 (ECV),,,,,0,,ND,ECV (fuera de alcance Fase 1),ND - pendiente Fase 2 (ECV): fuente fuera de alcance de Fase 1
Neiva,41,2024,Ene-Dic (12 meses),deficit_habitacional,Distribucion por estrato socioeconomico,ND - pendiente Fase 2 (ECV),,,,,0,,ND,ECV (fuera de alcance Fase 1),ND - pendiente Fase 2 (ECV): fuente fuera de alcance de Fase 1
Neiva,41,2024,Ene-Dic (12 meses),esfuerzo_financiero,Arrendatarios que destinan >30% del ingreso al arriendo,34.18,,,,,3047,,ACEPTABLE,"Pobreza Monetaria 2024 (DANE, catalogo ANDA 874)",sobrecarga (>30%)
Neiva,41,2024,Ene-Dic (12 meses),esfuerzo_financiero,Arrendatarios que destinan >50% del ingreso al arriendo,11.17,,,,,3047,,ACEPTABLE,"Pobreza Monetaria 2024 (DANE, catalogo ANDA 874)",sobrecarga severa (>50%)
Neiva,41,2024,Ene-Dic (12 meses),esfuerzo_financiero,Arriendo/ingreso del hogar (mediana),23.97,,,,,3047,,ACEPTABLE,"Pobreza Monetaria 2024 (DANE, catalogo ANDA 874)",Merge con 99.3% de coincidencia
Neiva,41,2024,Ene-Dic (12 meses),hacinamiento,Hogares con hacinamiento (>3 personas/cuarto para dormir),1.71,0.1808,1.3645,2.0349,1.4745,7594,10.5538,ACEPTABLE,"GEIH 2024 (DANE, catalogo ANDA 819)","Umbral >3 sobre CUARTOS PARA DORMIR (P5010), no cuartos totales"
Neiva,41,2024,Ene-Dic (12 meses),hacinamiento,Hogares con hacinamiento critico NBI (>3 personas/cuarto TOTAL),0.28,,,,,7594,,NO PUBLICAR,"GEIH 2024 (DANE, catalogo ANDA 819)",Definicion oficial DANE-NBI (cuartos totales incl. sala-comedor)
Neiva,41,2024,Ene-Dic (12 meses),hacinamiento,Personas por cuarto para dormir - mediana,1.5,,,,,7594,,ACEPTABLE,"GEIH 2024 (DANE, catalogo ANDA 819)",
Neiva,41,2024,Ene-Dic (12 meses),hacinamiento,Personas por cuarto para dormir - promedio,1.52,0.0085,1.5021,1.5346,1.3812,7594,0.5587,EXCELENTE,"GEIH 2024 (DANE, catalogo ANDA 819)",
Neiva,41,2024,Ene-Dic (12 meses),ingreso_pobreza,% arrendatarios en pobreza monetaria,35.06,,,,,3090,,ACEPTABLE,"Pobreza Monetaria 2024 (DANE, catalogo ANDA 874)",
Neiva,41,2024,Ene-Dic (12 meses),ingreso_pobreza,% hogares no pobres que viven en arriendo,38.89,,,,,5479,,ACEPTABLE,"Pobreza Monetaria 2024 (DANE, catalogo ANDA 874)",
Neiva,41,2024,Ene-Dic (12 meses),ingreso_pobreza,% hogares pobres que viven en arriendo,49.7,,,,,2115,,ACEPTABLE,"Pobreza Monetaria 2024 (DANE, catalogo ANDA 874)",
Neiva,41,2024,Ene-Dic (12 meses),ingreso_pobreza,% propietarios en pobreza monetaria,18.83,,,,,3029,,ACEPTABLE,"Pobreza Monetaria 2024 (DANE, catalogo ANDA 874)",
Neiva,41,2024,Ene-Dic (12 meses),ingreso_pobreza,Brecha de ingreso propietarios vs arrendatarios,51.61,,,,,0,,NO_APLICA,"Pobreza Monetaria 2024 (DANE, catalogo ANDA 874)",(+) = propietarios ganan mas; calculado sobre medianas ponderadas
Neiva,41,2024,Ene-Dic (12 meses),ingreso_pobreza,Ingreso mediano hogares arrendatarios,1866666.67,,,,,3069,,ACEPTABLE,"Pobreza Monetaria 2024 (DANE, catalogo ANDA 874)",ingtotug = ingreso total unidad de gasto SIN imputar arriendo
Neiva,41,2024,Ene-Dic (12 meses),ingreso_pobreza,Ingreso mediano hogares propietarios,2830000.0,,,,,3007,,ACEPTABLE,"Pobreza Monetaria 2024 (DANE, catalogo ANDA 874)",ingtotug = ingreso total unidad de gasto SIN imputar arriendo
Neiva,41,2024,Ene-Dic (12 meses),servicios_publicos,Hogares sin acueducto,0.7,0.1140,0.4678,0.9086,1.4210,7594,16.2949,PRECAUCION,"GEIH 2024 (DANE, catalogo ANDA 819)",
Neiva,41,2024,Ene-Dic (12 meses),servicios_publicos,Hogares sin alcantarillado,2.48,0.2116,2.0268,2.9133,1.4041,7594,8.5200,ACEPTABLE,"GEIH 2024 (DANE, catalogo ANDA 819)",
Neiva,41,2024,Ene-Dic (12 meses),servicios_publicos,Hogares sin energia electrica,0.01,0.0130,0.0000,0.0391,0.9945,7594,100.5009,NO PUBLICAR,"GEIH 2024 (DANE, catalogo ANDA 819)",
Neiva,41,2024,Ene-Dic (12 meses),servicios_publicos,Hogares sin gas natural conectado a red,5.87,0.3027,5.3115,6.4543,1.2582,7594,5.1524,ACEPTABLE,"GEIH 2024 (DANE, catalogo ANDA 819)",
Neiva,41,2024,Ene-Dic (12 meses),servicios_publicos,Hogares sin recoleccion de basuras,0.94,0.1290,0.6964,1.2289,1.3630,7594,13.7856,ACEPTABLE,"GEIH 2024 (DANE, catalogo ANDA 819)",
Neiva,41,2024,Ene-Dic (12 meses),tenencia,Tenencia: En arriendo o subarriendo,42.1,0.6049,40.9658,43.3314,1.1400,3090,1.4370,EXCELENTE,"GEIH 2024 (DANE, catalogo ANDA 819)",
Neiva,41,2024,Ene-Dic (12 meses),tenencia,Tenencia: En usufructo,14.43,0.4112,13.6217,15.2308,1.0402,1126,2.8505,EXCELENTE,"GEIH 2024 (DANE, catalogo ANDA 819)",
Neiva,41,2024,Ene-Dic (12 meses),tenencia,Tenencia: Otra,0.0,0.0000,0.0000,0.0000,,0,,ACEPTABLE,"GEIH 2024 (DANE, catalogo ANDA 819)",
Neiva,41,2024,Ene-Dic (12 meses),tenencia,Tenencia: Posesion sin titulo,5.01,0.2796,4.3995,5.4883,1.2473,329,5.5811,ACEPTABLE,"GEIH 2024 (DANE, catalogo ANDA 819)",
Neiva,41,2024,Ene-Dic (12 meses),tenencia,"Tenencia: Propia, la estan pagando",4.77,0.2827,4.1449,5.2570,1.3358,325,5.9262,ACEPTABLE,"GEIH 2024 (DANE, catalogo ANDA 819)",
Neiva,41,2024,Ene-Dic (12 meses),tenencia,"Tenencia: Propia, totalmente pagada",33.43,0.5832,32.3104,34.5543,1.1607,2704,1.7446,EXCELENTE,"GEIH 2024 (DANE, catalogo ANDA 819)",
Neiva,41,2024,Ene-Dic (12 meses),tenencia,Tenencia: Propiedad colectiva,0.27,0.0661,0.1588,0.4000,1.2295,20,24.4170,PRECAUCION,"GEIH 2024 (DANE, catalogo ANDA 819)",
Neiva,41,2024,Ene-Dic (12 meses),tenencia,Tenencia: suma de categorias (control),100.0,,,,,7594,,NO_APLICA,"GEIH 2024 (DANE, catalogo ANDA 819)",Control de auditoria: debe ser 100% +/-0.1pp
Neiva,41,2024,Ene-Dic (12 meses),vivienda_propia_credito,Arriendo imputado (estimado) - P25,400000.0,,,,,4204,,ACEPTABLE,"GEIH 2024 (DANE, catalogo ANDA 819)",23 registro(s) excluidos por valor extremo
Neiva,41,2024,Ene-Dic (12 meses),vivienda_propia_credito,Arriendo imputado (estimado) - P75,700000.0,,,,,4204,,ACEPTABLE,"GEIH 2024 (DANE, catalogo ANDA 819)",23 registro(s) excluidos por valor extremo
Neiva,41,2024,Ene-Dic (12 meses),vivienda_propia_credito,Arriendo imputado (estimado) - mediana,500000.0,0.0000,500000.0000,500000.0000,0.0000,4204,0.0000,EXCELENTE,"GEIH 2024 (DANE, catalogo ANDA 819)",23 registro(s) excluidos por valor extremo
Neiva,41,2024,Ene-Dic (12 meses),vivienda_propia_credito,Arriendo imputado (estimado) - promedio,626026.53,8563.8084,610543.3984,645425.9937,1.3816,4204,1.3680,EXCELENTE,"GEIH 2024 (DANE, catalogo ANDA 819)",23 registro(s) excluidos por valor extremo
Neiva,41,2024,Ene-Dic (12 meses),vivienda_propia_credito,Cuota hipotecaria mensual - P25,392107.74,,,,,317,,NO PUBLICAR,"GEIH 2024 (DANE, catalogo ANDA 819)",1 registro(s) excluidos por valor extremo
Neiva,41,2024,Ene-Dic (12 meses),vivienda_propia_credito,Cuota hipotecaria mensual - P75,1300000.0,,,,,317,,NO PUBLICAR,"GEIH 2024 (DANE, catalogo ANDA 819)",1 registro(s) excluidos por valor extremo
Neiva,41,2024,Ene-Dic (12 meses),vivienda_propia_credito,Cuota hipotecaria mensual - mediana,780000.0,53077.7755,680000.0000,864598.6108,0.1371,317,6.8048,ACEPTABLE,"GEIH 2024 (DANE, catalogo ANDA 819)",1 registro(s) excluidos por valor extremo
Neiva,41,2024,Ene-Dic (12 meses),vivienda_propia_credito,Cuota hipotecaria mensual - promedio,1306394.87,229597.6219,976305.3725,1824947.2526,2.5651,317,17.5749,PRECAUCION,"GEIH 2024 (DANE, catalogo ANDA 819)",1 registro(s) excluidos por valor extremo
Neiva,41,2024,Ene-Dic (12 meses),vivienda_propia_credito,Valor estimado de venta de la vivienda - P25,80000000.0,,,,,2074,,ACEPTABLE,"GEIH 2024 (DANE, catalogo ANDA 819)",10 registro(s) excluidos por valor extremo
Neiva,41,2024,Ene-Dic (12 meses),vivienda_propia_credito,Valor estimado de venta de la vivienda - P75,185000000.0,,,,,2074,,ACEPTABLE,"GEIH 2024 (DANE, catalogo ANDA 819)",10 registro(s) excluidos por valor extremo
Neiva,41,2024,Ene-Dic (12 meses),vivienda_propia_credito,Valor estimado de venta de la vivienda - mediana,120000000.0,2328267.1506,120000000.0000,130000000.0000,0.6596,2074,1.9402,EXCELENTE,"GEIH 2024 (DANE, catalogo ANDA 819)",10 registro(s) excluidos por valor extremo
Neiva,41,2024,Ene-Dic (12 meses),vivienda_propia_credito,Valor estimado de venta de la vivienda - promedio,159246254.17,3144756.5537,153246937.6319,164899625.2033,1.2033,2074,1.9748,EXCELENTE,"GEIH 2024 (DANE, catalogo ANDA 819)",10 registro(s) excluidos por valor extremo
Neiva,41,2025,Ene-Dic (12 meses),arriendo,Canon de arriendo mensual - P25,400000.0,,,,,3216,,ACEPTABLE,"GEIH 2025 (DANE, catalogo ANDA 853)",14 registro(s) excluidos por valor extremo
Neiva,41,2025,Ene-Dic (12 meses),arriendo,Canon de arriendo mensual - P75,700000.0,,,,,3216,,ACEPTABLE,"GEIH 2025 (DANE, catalogo ANDA 853)",14 registro(s) excluidos por valor extremo
Neiva,41,2025,Ene-Dic (12 meses),arriendo,Canon de arriendo mensual - mediana,500000.0,0.0000,500000.0000,500000.0000,0.0000,3216,0.0000,EXCELENTE,"GEIH 2025 (DANE, catalogo ANDA 853)",14 registro(s) excluidos por valor extremo
Neiva,41,2025,Ene-Dic (12 meses),arriendo,Canon de arriendo mensual - promedio,575468.1,5431.3629,564659.4584,585456.8451,1.1656,3216,0.9438,EXCELENTE,"GEIH 2025 (DANE, catalogo ANDA 853)",14 registro(s) excluidos por valor extremo
Neiva,41,2025,Ene-Dic (12 meses),deficit_habitacional,Deficit habitacional cualitativo,ND - pendiente Fase 2 (ECV),,,,,0,,ND,ECV (fuera de alcance Fase 1),ND - pendiente Fase 2 (ECV): fuente fuera de alcance de Fase 1
Neiva,41,2025,Ene-Dic (12 meses),deficit_habitacional,Deficit habitacional cuantitativo,ND - pendiente Fase 2 (ECV),,,,,0,,ND,ECV (fuera de alcance Fase 1),ND - pendiente Fase 2 (ECV): fuente fuera de alcance de Fase 1
Neiva,41,2025,Ene-Dic (12 meses),deficit_habitacional,Distribucion por estrato socioeconomico,ND - pendiente Fase 2 (ECV),,,,,0,,ND,ECV (fuera de alcance Fase 1),ND - pendiente Fase 2 (ECV): fuente fuera de alcance de Fase 1
Neiva,41,2025,Ene-Dic (12 meses),esfuerzo_financiero,Arrendatarios que destinan >30% del ingreso al arriendo,33.43,,,,,3201,,ACEPTABLE,"Pobreza Monetaria 2025 (DANE, catalogo ANDA 908)",sobrecarga (>30%)
Neiva,41,2025,Ene-Dic (12 meses),esfuerzo_financiero,Arrendatarios que destinan >50% del ingreso al arriendo,8.92,,,,,3201,,ACEPTABLE,"Pobreza Monetaria 2025 (DANE, catalogo ANDA 908)",sobrecarga severa (>50%)
Neiva,41,2025,Ene-Dic (12 meses),esfuerzo_financiero,Arriendo/ingreso del hogar (mediana),24.57,,,,,3201,,ACEPTABLE,"Pobreza Monetaria 2025 (DANE, catalogo ANDA 908)",Merge con 99.6% de coincidencia
Neiva,41,2025,Ene-Dic (12 meses),hacinamiento,Hogares con hacinamiento (>3 personas/cuarto para dormir),1.54,0.1712,1.2431,1.8935,1.5074,7797,11.1164,ACEPTABLE,"GEIH 2025 (DANE, catalogo ANDA 853)","Umbral >3 sobre CUARTOS PARA DORMIR (P5010), no cuartos totales"
Neiva,41,2025,Ene-Dic (12 meses),hacinamiento,Hogares con hacinamiento critico NBI (>3 personas/cuarto TOTAL),0.22,,,,,7797,,NO PUBLICAR,"GEIH 2025 (DANE, catalogo ANDA 853)",Definicion oficial DANE-NBI (cuartos totales incl. sala-comedor)
Neiva,41,2025,Ene-Dic (12 meses),hacinamiento,Personas por cuarto para dormir - mediana,1.33,,,,,7797,,ACEPTABLE,"GEIH 2025 (DANE, catalogo ANDA 853)",
Neiva,41,2025,Ene-Dic (12 meses),hacinamiento,Personas por cuarto para dormir - promedio,1.5,0.0078,1.4824,1.5125,1.2683,7797,0.5239,EXCELENTE,"GEIH 2025 (DANE, catalogo ANDA 853)",
Neiva,41,2025,Ene-Dic (12 meses),ingreso_pobreza,% arrendatarios en pobreza monetaria,30.17,,,,,3230,,ACEPTABLE,"Pobreza Monetaria 2025 (DANE, catalogo ANDA 908)",
Neiva,41,2025,Ene-Dic (12 meses),ingreso_pobreza,% hogares no pobres que viven en arriendo,40.62,,,,,6021,,ACEPTABLE,"Pobreza Monetaria 2025 (DANE, catalogo ANDA 908)",
Neiva,41,2025,Ene-Dic (12 meses),ingreso_pobreza,% hogares pobres que viven en arriendo,52.54,,,,,1776,,ACEPTABLE,"Pobreza Monetaria 2025 (DANE, catalogo ANDA 908)",
Neiva,41,2025,Ene-Dic (12 meses),ingreso_pobreza,% propietarios en pobreza monetaria,13.11,,,,,3162,,ACEPTABLE,"Pobreza Monetaria 2025 (DANE, catalogo ANDA 908)",
Neiva,41,2025,Ene-Dic (12 meses),ingreso_pobreza,Brecha de ingreso propietarios vs arrendatarios,54.46,,,,,0,,NO_APLICA,"Pobreza Monetaria 2025 (DANE, catalogo ANDA 908)",(+) = propietarios ganan mas; calculado sobre medianas ponderadas
Neiva,41,2025,Ene-Dic (12 meses),ingreso_pobreza,Ingreso mediano hogares arrendatarios,2000000.0,,,,,3215,,ACEPTABLE,"Pobreza Monetaria 2025 (DANE, catalogo ANDA 908)",ingtotug = ingreso total unidad de gasto SIN imputar arriendo
Neiva,41,2025,Ene-Dic (12 meses),ingreso_pobreza,Ingreso mediano hogares propietarios,3089292.1,,,,,3143,,ACEPTABLE,"Pobreza Monetaria 2025 (DANE, catalogo ANDA 908)",ingtotug = ingreso total unidad de gasto SIN imputar arriendo
Neiva,41,2025,Ene-Dic (12 meses),servicios_publicos,Hogares sin acueducto,0.1,0.0384,0.0299,0.1795,1.0999,7797,36.6564,NO PUBLICAR,"GEIH 2025 (DANE, catalogo ANDA 853)",
Neiva,41,2025,Ene-Dic (12 meses),servicios_publicos,Hogares sin alcantarillado,2.39,0.1869,2.0728,2.7113,1.1647,7797,7.8026,ACEPTABLE,"GEIH 2025 (DANE, catalogo ANDA 853)",
Neiva,41,2025,Ene-Dic (12 meses),servicios_publicos,Hogares sin energia electrica,0.03,0.0162,0.0000,0.0618,0.7322,7797,57.9229,NO PUBLICAR,"GEIH 2025 (DANE, catalogo ANDA 853)",
Neiva,41,2025,Ene-Dic (12 meses),servicios_publicos,Hogares sin gas natural conectado a red,5.92,0.3145,5.3314,6.5252,1.3835,7797,5.3086,ACEPTABLE,"GEIH 2025 (DANE, catalogo ANDA 853)",
Neiva,41,2025,Ene-Dic (12 meses),servicios_publicos,Hogares sin recoleccion de basuras,0.38,0.0891,0.2169,0.5476,1.6517,7797,23.6941,PRECAUCION,"GEIH 2025 (DANE, catalogo ANDA 853)",
Neiva,41,2025,Ene-Dic (12 meses),tenencia,Tenencia: En arriendo o subarriendo,43.61,0.6101,42.3685,44.8194,1.1800,3230,1.3990,EXCELENTE,"GEIH 2025 (DANE, catalogo ANDA 853)",
Neiva,41,2025,Ene-Dic (12 meses),tenencia,Tenencia: En usufructo,12.15,0.3919,11.3815,12.9289,1.1222,974,3.2264,EXCELENTE,"GEIH 2025 (DANE, catalogo ANDA 853)",
Neiva,41,2025,Ene-Dic (12 meses),tenencia,Tenencia: Otra,0.01,0.0093,0.0000,0.0317,0.6409,1,88.2470,NO PUBLICAR,"GEIH 2025 (DANE, catalogo ANDA 853)",
Neiva,41,2025,Ene-Dic (12 meses),tenencia,Tenencia: Posesion sin titulo,5.95,0.2953,5.3764,6.5107,1.2149,420,4.9620,EXCELENTE,"GEIH 2025 (DANE, catalogo ANDA 853)",
Neiva,41,2025,Ene-Dic (12 meses),tenencia,"Tenencia: Propia, la estan pagando",3.54,0.2449,3.0749,3.9933,1.3689,241,6.9155,ACEPTABLE,"GEIH 2025 (DANE, catalogo ANDA 853)",
Neiva,41,2025,Ene-Dic (12 meses),tenencia,"Tenencia: Propia, totalmente pagada",34.63,0.5490,33.6395,35.7706,1.0381,2921,1.5854,EXCELENTE,"GEIH 2025 (DANE, catalogo ANDA 853)",
Neiva,41,2025,Ene-Dic (12 meses),tenencia,Tenencia: Propiedad colectiva,0.12,0.0389,0.0498,0.1964,1.0078,10,33.2292,NO PUBLICAR,"GEIH 2025 (DANE, catalogo ANDA 853)",
Neiva,41,2025,Ene-Dic (12 meses),tenencia,Tenencia: suma de categorias (control),100.0,,,,,7797,,NO_APLICA,"GEIH 2025 (DANE, catalogo ANDA 853)",Control de auditoria: debe ser 100% +/-0.1pp
Neiva,41,2025,Ene-Dic (12 meses),vivienda_propia_credito,Arriendo imputado (estimado) - P25,400000.0,,,,,4522,,ACEPTABLE,"GEIH 2025 (DANE, catalogo ANDA 853)",26 registro(s) excluidos por valor extremo
Neiva,41,2025,Ene-Dic (12 meses),vivienda_propia_credito,Arriendo imputado (estimado) - P75,800000.0,,,,,4522,,ACEPTABLE,"GEIH 2025 (DANE, catalogo ANDA 853)",26 registro(s) excluidos por valor extremo
Neiva,41,2025,Ene-Dic (12 meses),vivienda_propia_credito,Arriendo imputado (estimado) - mediana,550000.0,26115.6923,500000.0000,600000.0000,13.7321,4522,4.7483,EXCELENTE,"GEIH 2025 (DANE, catalogo ANDA 853)",26 registro(s) excluidos por valor extremo
Neiva,41,2025,Ene-Dic (12 meses),vivienda_propia_credito,Arriendo imputado (estimado) - promedio,656347.19,8130.8438,640338.9307,672249.1376,1.3311,4522,1.2388,EXCELENTE,"GEIH 2025 (DANE, catalogo ANDA 853)",26 registro(s) excluidos por valor extremo
Neiva,41,2025,Ene-Dic (12 meses),vivienda_propia_credito,Cuota hipotecaria mensual - P25,587787.82,,,,,239,,ACEPTABLE,"GEIH 2025 (DANE, catalogo ANDA 853)",
Neiva,41,2025,Ene-Dic (12 meses),vivienda_propia_credito,Cuota hipotecaria mensual - P75,1200000.0,,,,,239,,ACEPTABLE,"GEIH 2025 (DANE, catalogo ANDA 853)",
Neiva,41,2025,Ene-Dic (12 meses),vivienda_propia_credito,Cuota hipotecaria mensual - mediana,800000.0,18581.8530,750000.0000,844963.3728,0.0964,239,2.3227,EXCELENTE,"GEIH 2025 (DANE, catalogo ANDA 853)",
Neiva,41,2025,Ene-Dic (12 meses),vivienda_propia_credito,Cuota hipotecaria mensual - promedio,1049870.54,69164.1916,913312.5158,1178519.2861,1.3357,239,6.5879,ACEPTABLE,"GEIH 2025 (DANE, catalogo ANDA 853)",
Neiva,41,2025,Ene-Dic (12 meses),vivienda_propia_credito,Valor estimado de venta de la vivienda - P25,90000000.0,,,,,2950,,ACEPTABLE,"GEIH 2025 (DANE, catalogo ANDA 853)",15 registro(s) excluidos por valor extremo
Neiva,41,2025,Ene-Dic (12 meses),vivienda_propia_credito,Valor estimado de venta de la vivienda - P75,200000000.0,,,,,2950,,ACEPTABLE,"GEIH 2025 (DANE, catalogo ANDA 853)",15 registro(s) excluidos por valor extremo
Neiva,41,2025,Ene-Dic (12 meses),vivienda_propia_credito,Valor estimado de venta de la vivienda - mediana,140000000.0,2071175.4828,140000000.0000,145000000.0000,0.8555,2950,1.4794,EXCELENTE,"GEIH 2025 (DANE, catalogo ANDA 853)",15 registro(s) excluidos por valor extremo
Neiva,41,2025,Ene-Dic (12 meses),vivienda_propia_credito,Valor estimado de venta de la vivienda - promedio,164333788.18,2647987.0606,159758169.8348,169709419.6078,1.3983,2950,1.6113,EXCELENTE,"GEIH 2025 (DANE, catalogo ANDA 853)",15 registro(s) excluidos por valor extremo
Neiva,41,2026*,Ene-Jun (parcial),arriendo,Canon de arriendo mensual - P25,450000.0,,,,,1673,,ACEPTABLE,"GEIH 2026 Ene-Jun (DANE, catalogo ANDA 900)",17 registro(s) excluidos por valor extremo
Neiva,41,2026*,Ene-Jun (parcial),arriendo,Canon de arriendo mensual - P75,750000.0,,,,,1673,,ACEPTABLE,"GEIH 2026 Ene-Jun (DANE, catalogo ANDA 900)",17 registro(s) excluidos por valor extremo
Neiva,41,2026*,Ene-Jun (parcial),arriendo,Canon de arriendo mensual - mediana,579996.56,21136.7069,550000.0000,600000.0000,6.8339,1673,3.6443,EXCELENTE,"GEIH 2026 Ene-Jun (DANE, catalogo ANDA 900)",17 registro(s) excluidos por valor extremo
Neiva,41,2026*,Ene-Jun (parcial),arriendo,Canon de arriendo mensual - promedio,642186.98,8100.3443,628425.6953,658509.2855,1.0037,1673,1.2614,EXCELENTE,"GEIH 2026 Ene-Jun (DANE, catalogo ANDA 900)",17 registro(s) excluidos por valor extremo
Neiva,41,2026*,Ene-Jun (parcial),deficit_habitacional,Deficit habitacional cualitativo,ND - pendiente Fase 2 (ECV),,,,,0,,ND,ECV (fuera de alcance Fase 1),ND - pendiente Fase 2 (ECV): fuente fuera de alcance de Fase 1
Neiva,41,2026*,Ene-Jun (parcial),deficit_habitacional,Deficit habitacional cuantitativo,ND - pendiente Fase 2 (ECV),,,,,0,,ND,ECV (fuera de alcance Fase 1),ND - pendiente Fase 2 (ECV): fuente fuera de alcance de Fase 1
Neiva,41,2026*,Ene-Jun (parcial),deficit_habitacional,Distribucion por estrato socioeconomico,ND - pendiente Fase 2 (ECV),,,,,0,,ND,ECV (fuera de alcance Fase 1),ND - pendiente Fase 2 (ECV): fuente fuera de alcance de Fase 1
Neiva,41,2026*,Ene-Jun (parcial),esfuerzo_financiero,Arrendatarios que destinan >30% del ingreso al arriendo,ND,,,,,0,,ND,ND - DANE no publica Pobreza Monetaria 2026,DANE no publica Medicion de Pobreza Monetaria y Desigualdad 2026 (requiere año calendario completo); no se calcula ni se extrapola
Neiva,41,2026*,Ene-Jun (parcial),esfuerzo_financiero,Arrendatarios que destinan >50% del ingreso al arriendo,ND,,,,,0,,ND,ND - DANE no publica Pobreza Monetaria 2026,DANE no publica Medicion de Pobreza Monetaria y Desigualdad 2026 (requiere año calendario completo); no se calcula ni se extrapola
Neiva,41,2026*,Ene-Jun (parcial),esfuerzo_financiero,Arriendo/ingreso del hogar (mediana),ND,,,,,0,,ND,ND - DANE no publica Pobreza Monetaria 2026,DANE no publica Medicion de Pobreza Monetaria y Desigualdad 2026 (requiere año calendario completo); no se calcula ni se extrapola
Neiva,41,2026*,Ene-Jun (parcial),hacinamiento,Hogares con hacinamiento (>3 personas/cuarto para dormir),1.17,0.2516,0.7351,1.6424,2.1121,3852,21.5393,PRECAUCION,"GEIH 2026 Ene-Jun (DANE, catalogo ANDA 900)","Umbral >3 sobre CUARTOS PARA DORMIR (P5010), no cuartos totales"
Neiva,41,2026*,Ene-Jun (parcial),hacinamiento,Hogares con hacinamiento critico NBI (>3 personas/cuarto TOTAL),0.15,,,,,3852,,NO PUBLICAR,"GEIH 2026 Ene-Jun (DANE, catalogo ANDA 900)",Definicion oficial DANE-NBI (cuartos totales incl. sala-comedor)
Neiva,41,2026*,Ene-Jun (parcial),hacinamiento,Personas por cuarto para dormir - mediana,1.33,,,,,3852,,ACEPTABLE,"GEIH 2026 Ene-Jun (DANE, catalogo ANDA 900)",
Neiva,41,2026*,Ene-Jun (parcial),hacinamiento,Personas por cuarto para dormir - promedio,1.49,0.0119,1.4662,1.5109,1.5588,3852,0.7984,EXCELENTE,"GEIH 2026 Ene-Jun (DANE, catalogo ANDA 900)",
Neiva,41,2026*,Ene-Jun (parcial),ingreso_pobreza,% arrendatarios en pobreza monetaria,ND,,,,,0,,ND,ND - DANE no publica Pobreza Monetaria 2026,DANE no publica Medicion de Pobreza Monetaria y Desigualdad 2026 (requiere año calendario completo); no se calcula ni se extrapola
Neiva,41,2026*,Ene-Jun (parcial),ingreso_pobreza,% hogares no pobres que viven en arriendo,ND,,,,,0,,ND,ND - DANE no publica Pobreza Monetaria 2026,DANE no publica Medicion de Pobreza Monetaria y Desigualdad 2026 (requiere año calendario completo); no se calcula ni se extrapola
Neiva,41,2026*,Ene-Jun (parcial),ingreso_pobreza,% hogares pobres que viven en arriendo,ND,,,,,0,,ND,ND - DANE no publica Pobreza Monetaria 2026,DANE no publica Medicion de Pobreza Monetaria y Desigualdad 2026 (requiere año calendario completo); no se calcula ni se extrapola
Neiva,41,2026*,Ene-Jun (parcial),ingreso_pobreza,% propietarios en pobreza monetaria,ND,,,,,0,,ND,ND - DANE no publica Pobreza Monetaria 2026,DANE no publica Medicion de Pobreza Monetaria y Desigualdad 2026 (requiere año calendario completo); no se calcula ni se extrapola
Neiva,41,2026*,Ene-Jun (parcial),ingreso_pobreza,Brecha de ingreso propietarios vs arrendatarios,ND,,,,,0,,ND,ND - DANE no publica Pobreza Monetaria 2026,DANE no publica Medicion de Pobreza Monetaria y Desigualdad 2026 (requiere año calendario completo); no se calcula ni se extrapola
Neiva,41,2026*,Ene-Jun (parcial),ingreso_pobreza,Ingreso mediano hogares arrendatarios,ND,,,,,0,,ND,ND - DANE no publica Pobreza Monetaria 2026,DANE no publica Medicion de Pobreza Monetaria y Desigualdad 2026 (requiere año calendario completo); no se calcula ni se extrapola
Neiva,41,2026*,Ene-Jun (parcial),ingreso_pobreza,Ingreso mediano hogares propietarios,ND,,,,,0,,ND,ND - DANE no publica Pobreza Monetaria 2026,DANE no publica Medicion de Pobreza Monetaria y Desigualdad 2026 (requiere año calendario completo); no se calcula ni se extrapola
Neiva,41,2026*,Ene-Jun (parcial),servicios_publicos,Hogares sin acueducto,0.0,0.0000,0.0000,0.0000,,3852,,ACEPTABLE,"GEIH 2026 Ene-Jun (DANE, catalogo ANDA 900)",
Neiva,41,2026*,Ene-Jun (parcial),servicios_publicos,Hogares sin alcantarillado,0.8,0.1621,0.5100,1.0843,1.2820,3852,20.3677,PRECAUCION,"GEIH 2026 Ene-Jun (DANE, catalogo ANDA 900)",
Neiva,41,2026*,Ene-Jun (parcial),servicios_publicos,Hogares sin energia electrica,0.03,0.0300,0.0000,0.0914,1.1490,3852,99.2647,NO PUBLICAR,"GEIH 2026 Ene-Jun (DANE, catalogo ANDA 900)",
Neiva,41,2026*,Ene-Jun (parcial),servicios_publicos,Hogares sin gas natural conectado a red,3.66,0.3890,2.9575,4.5052,1.6541,3852,10.6363,ACEPTABLE,"GEIH 2026 Ene-Jun (DANE, catalogo ANDA 900)",
Neiva,41,2026*,Ene-Jun (parcial),servicios_publicos,Hogares sin recoleccion de basuras,0.0,0.0000,0.0000,0.0000,,3852,,ACEPTABLE,"GEIH 2026 Ene-Jun (DANE, catalogo ANDA 900)",
Neiva,41,2026*,Ene-Jun (parcial),tenencia,Tenencia: En arriendo o subarriendo,44.68,0.7931,43.3356,46.3094,0.9804,1690,1.7751,EXCELENTE,"GEIH 2026 Ene-Jun (DANE, catalogo ANDA 900)",
Neiva,41,2026*,Ene-Jun (parcial),tenencia,Tenencia: En usufructo,11.87,0.5282,10.9209,12.9428,1.0271,474,4.4493,EXCELENTE,"GEIH 2026 Ene-Jun (DANE, catalogo ANDA 900)",
Neiva,41,2026*,Ene-Jun (parcial),tenencia,Tenencia: Otra,0.0,0.0000,0.0000,0.0000,,0,,ACEPTABLE,"GEIH 2026 Ene-Jun (DANE, catalogo ANDA 900)",
Neiva,41,2026*,Ene-Jun (parcial),tenencia,Tenencia: Posesion sin titulo,3.93,0.3781,3.2419,4.6877,1.4574,138,9.6145,ACEPTABLE,"GEIH 2026 Ene-Jun (DANE, catalogo ANDA 900)",
Neiva,41,2026*,Ene-Jun (parcial),tenencia,"Tenencia: Propia, la estan pagando",7.27,0.4512,6.4396,8.1288,1.1626,257,6.2035,ACEPTABLE,"GEIH 2026 Ene-Jun (DANE, catalogo ANDA 900)",
Neiva,41,2026*,Ene-Jun (parcial),tenencia,"Tenencia: Propia, totalmente pagada",32.22,0.7410,30.8045,33.6406,0.9684,1292,2.2997,EXCELENTE,"GEIH 2026 Ene-Jun (DANE, catalogo ANDA 900)",
Neiva,41,2026*,Ene-Jun (parcial),tenencia,Tenencia: Propiedad colectiva,0.02,0.0218,0.0000,0.0638,0.8665,1,103.2096,NO PUBLICAR,"GEIH 2026 Ene-Jun (DANE, catalogo ANDA 900)",
Neiva,41,2026*,Ene-Jun (parcial),tenencia,Tenencia: suma de categorias (control),100.0,,,,,3852,,NO_APLICA,"GEIH 2026 Ene-Jun (DANE, catalogo ANDA 900)",Control de auditoria: debe ser 100% +/-0.1pp
Neiva,41,2026*,Ene-Jun (parcial),vivienda_propia_credito,Arriendo imputado (estimado) - P25,450000.0,,,,,2145,,ACEPTABLE,"GEIH 2026 Ene-Jun (DANE, catalogo ANDA 900)",14 registro(s) excluidos por valor extremo
Neiva,41,2026*,Ene-Jun (parcial),vivienda_propia_credito,Arriendo imputado (estimado) - P75,850000.0,,,,,2145,,ACEPTABLE,"GEIH 2026 Ene-Jun (DANE, catalogo ANDA 900)",14 registro(s) excluidos por valor extremo
Neiva,41,2026*,Ene-Jun (parcial),vivienda_propia_credito,Arriendo imputado (estimado) - mediana,600000.0,0.0000,600000.0000,600000.0000,0.0000,2145,0.0000,EXCELENTE,"GEIH 2026 Ene-Jun (DANE, catalogo ANDA 900)",14 registro(s) excluidos por valor extremo
Neiva,41,2026*,Ene-Jun (parcial),vivienda_propia_credito,Arriendo imputado (estimado) - promedio,743744.13,10502.0519,724847.1517,764270.4391,0.9002,2145,1.4121,EXCELENTE,"GEIH 2026 Ene-Jun (DANE, catalogo ANDA 900)",14 registro(s) excluidos por valor extremo
Neiva,41,2026*,Ene-Jun (parcial),vivienda_propia_credito,Cuota hipotecaria mensual - P25,574662.58,,,,,256,,ACEPTABLE,"GEIH 2026 Ene-Jun (DANE, catalogo ANDA 900)",
Neiva,41,2026*,Ene-Jun (parcial),vivienda_propia_credito,Cuota hipotecaria mensual - P75,1500000.0,,,,,256,,ACEPTABLE,"GEIH 2026 Ene-Jun (DANE, catalogo ANDA 900)",
Neiva,41,2026*,Ene-Jun (parcial),vivienda_propia_credito,Cuota hipotecaria mensual - mediana,961143.5,57667.4856,833437.6917,1000000.0000,0.4161,256,5.9999,ACEPTABLE,"GEIH 2026 Ene-Jun (DANE, catalogo ANDA 900)",
Neiva,41,2026*,Ene-Jun (parcial),vivienda_propia_credito,Cuota hipotecaria mensual - promedio,1183505.79,96121.6497,1032436.7968,1392811.6537,1.1561,256,8.1218,ACEPTABLE,"GEIH 2026 Ene-Jun (DANE, catalogo ANDA 900)",
Neiva,41,2026*,Ene-Jun (parcial),vivienda_propia_credito,Valor estimado de venta de la vivienda - P25,95000000.0,,,,,1526,,ACEPTABLE,"GEIH 2026 Ene-Jun (DANE, catalogo ANDA 900)",6 registro(s) excluidos por valor extremo
Neiva,41,2026*,Ene-Jun (parcial),vivienda_propia_credito,Valor estimado de venta de la vivienda - P75,222608781.98,,,,,1526,,ACEPTABLE,"GEIH 2026 Ene-Jun (DANE, catalogo ANDA 900)",6 registro(s) excluidos por valor extremo
Neiva,41,2026*,Ene-Jun (parcial),vivienda_propia_credito,Valor estimado de venta de la vivienda - mediana,150000000.0,0.0000,150000000.0000,150000000.0000,0.0000,1526,0.0000,EXCELENTE,"GEIH 2026 Ene-Jun (DANE, catalogo ANDA 900)",6 registro(s) excluidos por valor extremo
Neiva,41,2026*,Ene-Jun (parcial),vivienda_propia_credito,Valor estimado de venta de la vivienda - promedio,187382193.5,4174019.4449,178469567.6829,194431877.1957,0.9919,1526,2.2275,EXCELENTE,"GEIH 2026 Ene-Jun (DANE, catalogo ANDA 900)",6 registro(s) excluidos por valor extremo
Pasto,52,2023,Ene-Dic (12 meses),arriendo,Canon de arriendo mensual - P25,350000.0,,,,,4080,,ACEPTABLE,"GEIH 2023 (DANE, catalogo ANDA 782)",2 registro(s) excluidos por valor extremo
Pasto,52,2023,Ene-Dic (12 meses),arriendo,Canon de arriendo mensual - P75,650000.0,,,,,4080,,ACEPTABLE,"GEIH 2023 (DANE, catalogo ANDA 782)",2 registro(s) excluidos por valor extremo
Pasto,52,2023,Ene-Dic (12 meses),arriendo,Canon de arriendo mensual - mediana,500000.0,5961.5100,480000.0000,500000.0000,1.2954,4080,1.1923,EXCELENTE,"GEIH 2023 (DANE, catalogo ANDA 782)",2 registro(s) excluidos por valor extremo
Pasto,52,2023,Ene-Dic (12 meses),arriendo,Canon de arriendo mensual - promedio,545343.21,5363.8204,536446.0284,557301.5929,1.0486,4080,0.9836,EXCELENTE,"GEIH 2023 (DANE, catalogo ANDA 782)",2 registro(s) excluidos por valor extremo
Pasto,52,2023,Ene-Dic (12 meses),deficit_habitacional,Deficit habitacional cualitativo,ND - pendiente Fase 2 (ECV),,,,,0,,ND,ECV (fuera de alcance Fase 1),ND - pendiente Fase 2 (ECV): fuente fuera de alcance de Fase 1
Pasto,52,2023,Ene-Dic (12 meses),deficit_habitacional,Deficit habitacional cuantitativo,ND - pendiente Fase 2 (ECV),,,,,0,,ND,ECV (fuera de alcance Fase 1),ND - pendiente Fase 2 (ECV): fuente fuera de alcance de Fase 1
Pasto,52,2023,Ene-Dic (12 meses),deficit_habitacional,Distribucion por estrato socioeconomico,ND - pendiente Fase 2 (ECV),,,,,0,,ND,ECV (fuera de alcance Fase 1),ND - pendiente Fase 2 (ECV): fuente fuera de alcance de Fase 1
Pasto,52,2023,Ene-Dic (12 meses),esfuerzo_financiero,Arrendatarios que destinan >30% del ingreso al arriendo,45.34,,,,,4060,,ACEPTABLE,"Pobreza Monetaria 2023 (DANE, catalogo ANDA 835)",sobrecarga (>30%)
Pasto,52,2023,Ene-Dic (12 meses),esfuerzo_financiero,Arrendatarios que destinan >50% del ingreso al arriendo,19.08,,,,,4060,,ACEPTABLE,"Pobreza Monetaria 2023 (DANE, catalogo ANDA 835)",sobrecarga severa (>50%)
Pasto,52,2023,Ene-Dic (12 meses),esfuerzo_financiero,Arriendo/ingreso del hogar (mediana),27.69,,,,,4060,,ACEPTABLE,"Pobreza Monetaria 2023 (DANE, catalogo ANDA 835)",Merge con 99.8% de coincidencia
Pasto,52,2023,Ene-Dic (12 meses),hacinamiento,Hogares con hacinamiento (>3 personas/cuarto para dormir),1.42,0.1527,1.1433,1.7424,1.4153,8510,10.7379,ACEPTABLE,"GEIH 2023 (DANE, catalogo ANDA 782)","Umbral >3 sobre CUARTOS PARA DORMIR (P5010), no cuartos totales"
Pasto,52,2023,Ene-Dic (12 meses),hacinamiento,Hogares con hacinamiento critico NBI (>3 personas/cuarto TOTAL),0.86,,,,,8510,,PRECAUCION,"GEIH 2023 (DANE, catalogo ANDA 782)",Definicion oficial DANE-NBI (cuartos totales incl. sala-comedor)
Pasto,52,2023,Ene-Dic (12 meses),hacinamiento,Personas por cuarto para dormir - mediana,1.33,,,,,8510,,ACEPTABLE,"GEIH 2023 (DANE, catalogo ANDA 782)",
Pasto,52,2023,Ene-Dic (12 meses),hacinamiento,Personas por cuarto para dormir - promedio,1.49,0.0074,1.4732,1.5014,1.1467,8510,0.4966,EXCELENTE,"GEIH 2023 (DANE, catalogo ANDA 782)",
Pasto,52,2023,Ene-Dic (12 meses),ingreso_pobreza,% arrendatarios en pobreza monetaria,37.0,,,,,4089,,ACEPTABLE,"Pobreza Monetaria 2023 (DANE, catalogo ANDA 835)",
Pasto,52,2023,Ene-Dic (12 meses),ingreso_pobreza,% hogares no pobres que viven en arriendo,41.63,,,,,6128,,ACEPTABLE,"Pobreza Monetaria 2023 (DANE, catalogo ANDA 835)",
Pasto,52,2023,Ene-Dic (12 meses),ingreso_pobreza,% hogares pobres que viven en arriendo,64.33,,,,,2382,,ACEPTABLE,"Pobreza Monetaria 2023 (DANE, catalogo ANDA 835)",
Pasto,52,2023,Ene-Dic (12 meses),ingreso_pobreza,% propietarios en pobreza monetaria,14.14,,,,,3132,,ACEPTABLE,"Pobreza Monetaria 2023 (DANE, catalogo ANDA 835)",
Pasto,52,2023,Ene-Dic (12 meses),ingreso_pobreza,Brecha de ingreso propietarios vs arrendatarios,92.36,,,,,0,,NO_APLICA,"Pobreza Monetaria 2023 (DANE, catalogo ANDA 835)",(+) = propietarios ganan mas; calculado sobre medianas ponderadas
Pasto,52,2023,Ene-Dic (12 meses),ingreso_pobreza,Ingreso mediano hogares arrendatarios,1623003.89,,,,,4068,,ACEPTABLE,"Pobreza Monetaria 2023 (DANE, catalogo ANDA 835)",ingtotug = ingreso total unidad de gasto SIN imputar arriendo
Pasto,52,2023,Ene-Dic (12 meses),ingreso_pobreza,Ingreso mediano hogares propietarios,3121960.59,,,,,3120,,ACEPTABLE,"Pobreza Monetaria 2023 (DANE, catalogo ANDA 835)",ingtotug = ingreso total unidad de gasto SIN imputar arriendo
Pasto,52,2023,Ene-Dic (12 meses),servicios_publicos,Hogares sin acueducto,0.01,0.0075,0.0000,0.0243,0.5947,8510,92.8502,NO PUBLICAR,"GEIH 2023 (DANE, catalogo ANDA 782)",
Pasto,52,2023,Ene-Dic (12 meses),servicios_publicos,Hogares sin alcantarillado,0.07,0.0259,0.0268,0.1270,0.8481,8510,38.4672,NO PUBLICAR,"GEIH 2023 (DANE, catalogo ANDA 782)",
Pasto,52,2023,Ene-Dic (12 meses),servicios_publicos,Hogares sin energia electrica,0.01,0.0102,0.0000,0.0302,0.8790,8510,101.7061,NO PUBLICAR,"GEIH 2023 (DANE, catalogo ANDA 782)",
Pasto,52,2023,Ene-Dic (12 meses),servicios_publicos,Hogares sin gas natural conectado a red,60.34,0.5332,59.2206,61.3320,1.0111,8510,0.8838,EXCELENTE,"GEIH 2023 (DANE, catalogo ANDA 782)",
Pasto,52,2023,Ene-Dic (12 meses),servicios_publicos,Hogares sin recoleccion de basuras,0.01,0.0122,0.0000,0.0420,1.0592,8510,102.2824,NO PUBLICAR,"GEIH 2023 (DANE, catalogo ANDA 782)",
Pasto,52,2023,Ene-Dic (12 meses),tenencia,Tenencia: En arriendo o subarriendo,47.88,0.5879,46.5762,48.9598,1.1787,4089,1.2279,EXCELENTE,"GEIH 2023 (DANE, catalogo ANDA 782)",
Pasto,52,2023,Ene-Dic (12 meses),tenencia,Tenencia: En usufructo,12.74,0.3707,12.0197,13.4538,1.0522,1091,2.9103,EXCELENTE,"GEIH 2023 (DANE, catalogo ANDA 782)",
Pasto,52,2023,Ene-Dic (12 meses),tenencia,Tenencia: Otra,0.89,0.1036,0.6995,1.0998,1.0388,75,11.6818,ACEPTABLE,"GEIH 2023 (DANE, catalogo ANDA 782)",
Pasto,52,2023,Ene-Dic (12 meses),tenencia,Tenencia: Posesion sin titulo,0.16,0.0449,0.0806,0.2625,1.0540,15,27.5460,NO PUBLICAR,"GEIH 2023 (DANE, catalogo ANDA 782)",
Pasto,52,2023,Ene-Dic (12 meses),tenencia,"Tenencia: Propia, la estan pagando",6.9,0.2990,6.2682,7.5189,1.1837,548,4.3315,EXCELENTE,"GEIH 2023 (DANE, catalogo ANDA 782)",
Pasto,52,2023,Ene-Dic (12 meses),tenencia,"Tenencia: Propia, totalmente pagada",30.19,0.5382,29.1776,31.2508,1.1698,2584,1.7831,EXCELENTE,"GEIH 2023 (DANE, catalogo ANDA 782)",
Pasto,52,2023,Ene-Dic (12 meses),tenencia,Tenencia: Propiedad colectiva,1.25,0.1371,1.0125,1.5339,1.3004,108,11.0090,ACEPTABLE,"GEIH 2023 (DANE, catalogo ANDA 782)",
Pasto,52,2023,Ene-Dic (12 meses),tenencia,Tenencia: suma de categorias (control),100.0,,,,,8510,,NO_APLICA,"GEIH 2023 (DANE, catalogo ANDA 782)",Control de auditoria: debe ser 100% +/-0.1pp
Pasto,52,2023,Ene-Dic (12 meses),vivienda_propia_credito,Arriendo imputado (estimado) - P25,400000.0,,,,,4332,,ACEPTABLE,"GEIH 2023 (DANE, catalogo ANDA 782)",8 registro(s) excluidos por valor extremo
Pasto,52,2023,Ene-Dic (12 meses),vivienda_propia_credito,Arriendo imputado (estimado) - P75,850000.0,,,,,4332,,ACEPTABLE,"GEIH 2023 (DANE, catalogo ANDA 782)",8 registro(s) excluidos por valor extremo
Pasto,52,2023,Ene-Dic (12 meses),vivienda_propia_credito,Arriendo imputado (estimado) - mediana,600000.0,0.0000,600000.0000,600000.0000,0.0000,4332,0.0000,EXCELENTE,"GEIH 2023 (DANE, catalogo ANDA 782)",8 registro(s) excluidos por valor extremo
Pasto,52,2023,Ene-Dic (12 meses),vivienda_propia_credito,Arriendo imputado (estimado) - promedio,738363.96,8694.4458,722897.0543,757113.4802,0.9628,4332,1.1775,EXCELENTE,"GEIH 2023 (DANE, catalogo ANDA 782)",8 registro(s) excluidos por valor extremo
Pasto,52,2023,Ene-Dic (12 meses),vivienda_propia_credito,Cuota hipotecaria mensual - P25,400000.0,,,,,538,,ACEPTABLE,"GEIH 2023 (DANE, catalogo ANDA 782)",
Pasto,52,2023,Ene-Dic (12 meses),vivienda_propia_credito,Cuota hipotecaria mensual - P75,1200000.0,,,,,538,,ACEPTABLE,"GEIH 2023 (DANE, catalogo ANDA 782)",
Pasto,52,2023,Ene-Dic (12 meses),vivienda_propia_credito,Cuota hipotecaria mensual - mediana,700000.0,23241.7108,650000.0000,750000.0000,0.5680,538,3.3202,EXCELENTE,"GEIH 2023 (DANE, catalogo ANDA 782)",
Pasto,52,2023,Ene-Dic (12 meses),vivienda_propia_credito,Cuota hipotecaria mensual - promedio,901221.06,29809.3850,839371.5653,959188.7793,0.9344,538,3.3077,EXCELENTE,"GEIH 2023 (DANE, catalogo ANDA 782)",
Pasto,52,2023,Ene-Dic (12 meses),vivienda_propia_credito,Valor estimado de venta de la vivienda - P25,130000000.0,,,,,2626,,ACEPTABLE,"GEIH 2023 (DANE, catalogo ANDA 782)",16 registro(s) excluidos por valor extremo
Pasto,52,2023,Ene-Dic (12 meses),vivienda_propia_credito,Valor estimado de venta de la vivienda - P75,320000000.0,,,,,2626,,ACEPTABLE,"GEIH 2023 (DANE, catalogo ANDA 782)",16 registro(s) excluidos por valor extremo
Pasto,52,2023,Ene-Dic (12 meses),vivienda_propia_credito,Valor estimado de venta de la vivienda - mediana,200000000.0,0.0000,200000000.0000,200000000.0000,0.0000,2626,0.0000,EXCELENTE,"GEIH 2023 (DANE, catalogo ANDA 782)",16 registro(s) excluidos por valor extremo
Pasto,52,2023,Ene-Dic (12 meses),vivienda_propia_credito,Valor estimado de venta de la vivienda - promedio,264108827.93,5183968.6158,253780999.9234,273590546.4468,1.1726,2626,1.9628,EXCELENTE,"GEIH 2023 (DANE, catalogo ANDA 782)",16 registro(s) excluidos por valor extremo
Pasto,52,2024,Ene-Dic (12 meses),arriendo,Canon de arriendo mensual - P25,350000.0,,,,,4135,,ACEPTABLE,"GEIH 2024 (DANE, catalogo ANDA 819)",7 registro(s) excluidos por valor extremo
Pasto,52,2024,Ene-Dic (12 meses),arriendo,Canon de arriendo mensual - P75,700000.0,,,,,4135,,ACEPTABLE,"GEIH 2024 (DANE, catalogo ANDA 819)",7 registro(s) excluidos por valor extremo
Pasto,52,2024,Ene-Dic (12 meses),arriendo,Canon de arriendo mensual - mediana,500000.0,0.0000,500000.0000,500000.0000,0.0000,4135,0.0000,EXCELENTE,"GEIH 2024 (DANE, catalogo ANDA 819)",7 registro(s) excluidos por valor extremo
Pasto,52,2024,Ene-Dic (12 meses),arriendo,Canon de arriendo mensual - promedio,572835.98,5526.1241,561940.4101,583205.2006,1.1614,4135,0.9647,EXCELENTE,"GEIH 2024 (DANE, catalogo ANDA 819)",7 registro(s) excluidos por valor extremo
Pasto,52,2024,Ene-Dic (12 meses),deficit_habitacional,Deficit habitacional cualitativo,ND - pendiente Fase 2 (ECV),,,,,0,,ND,ECV (fuera de alcance Fase 1),ND - pendiente Fase 2 (ECV): fuente fuera de alcance de Fase 1
Pasto,52,2024,Ene-Dic (12 meses),deficit_habitacional,Deficit habitacional cuantitativo,ND - pendiente Fase 2 (ECV),,,,,0,,ND,ECV (fuera de alcance Fase 1),ND - pendiente Fase 2 (ECV): fuente fuera de alcance de Fase 1
Pasto,52,2024,Ene-Dic (12 meses),deficit_habitacional,Distribucion por estrato socioeconomico,ND - pendiente Fase 2 (ECV),,,,,0,,ND,ECV (fuera de alcance Fase 1),ND - pendiente Fase 2 (ECV): fuente fuera de alcance de Fase 1
Pasto,52,2024,Ene-Dic (12 meses),esfuerzo_financiero,Arrendatarios que destinan >30% del ingreso al arriendo,44.58,,,,,4116,,ACEPTABLE,"Pobreza Monetaria 2024 (DANE, catalogo ANDA 874)",sobrecarga (>30%)
Pasto,52,2024,Ene-Dic (12 meses),esfuerzo_financiero,Arrendatarios que destinan >50% del ingreso al arriendo,19.3,,,,,4116,,ACEPTABLE,"Pobreza Monetaria 2024 (DANE, catalogo ANDA 874)",sobrecarga severa (>50%)
Pasto,52,2024,Ene-Dic (12 meses),esfuerzo_financiero,Arriendo/ingreso del hogar (mediana),27.65,,,,,4116,,ACEPTABLE,"Pobreza Monetaria 2024 (DANE, catalogo ANDA 874)",Merge con 99.6% de coincidencia
Pasto,52,2024,Ene-Dic (12 meses),hacinamiento,Hogares con hacinamiento (>3 personas/cuarto para dormir),1.46,0.1349,1.2114,1.7672,1.1128,8823,9.2114,ACEPTABLE,"GEIH 2024 (DANE, catalogo ANDA 819)","Umbral >3 sobre CUARTOS PARA DORMIR (P5010), no cuartos totales"
Pasto,52,2024,Ene-Dic (12 meses),hacinamiento,Hogares con hacinamiento critico NBI (>3 personas/cuarto TOTAL),0.75,,,,,8823,,PRECAUCION,"GEIH 2024 (DANE, catalogo ANDA 819)",Definicion oficial DANE-NBI (cuartos totales incl. sala-comedor)
Pasto,52,2024,Ene-Dic (12 meses),hacinamiento,Personas por cuarto para dormir - mediana,1.33,,,,,8823,,ACEPTABLE,"GEIH 2024 (DANE, catalogo ANDA 819)",
Pasto,52,2024,Ene-Dic (12 meses),hacinamiento,Personas por cuarto para dormir - promedio,1.46,0.0070,1.4473,1.4745,1.1892,8823,0.4765,EXCELENTE,"GEIH 2024 (DANE, catalogo ANDA 819)",
Pasto,52,2024,Ene-Dic (12 meses),ingreso_pobreza,% arrendatarios en pobreza monetaria,36.43,,,,,4153,,ACEPTABLE,"Pobreza Monetaria 2024 (DANE, catalogo ANDA 874)",
Pasto,52,2024,Ene-Dic (12 meses),ingreso_pobreza,% hogares no pobres que viven en arriendo,41.73,,,,,6493,,ACEPTABLE,"Pobreza Monetaria 2024 (DANE, catalogo ANDA 874)",
Pasto,52,2024,Ene-Dic (12 meses),ingreso_pobreza,% hogares pobres que viven en arriendo,64.8,,,,,2330,,ACEPTABLE,"Pobreza Monetaria 2024 (DANE, catalogo ANDA 874)",
Pasto,52,2024,Ene-Dic (12 meses),ingreso_pobreza,% propietarios en pobreza monetaria,14.08,,,,,3268,,ACEPTABLE,"Pobreza Monetaria 2024 (DANE, catalogo ANDA 874)",
Pasto,52,2024,Ene-Dic (12 meses),ingreso_pobreza,Brecha de ingreso propietarios vs arrendatarios,94.58,,,,,0,,NO_APLICA,"Pobreza Monetaria 2024 (DANE, catalogo ANDA 874)",(+) = propietarios ganan mas; calculado sobre medianas ponderadas
Pasto,52,2024,Ene-Dic (12 meses),ingreso_pobreza,Ingreso mediano hogares arrendatarios,1720723.53,,,,,4134,,ACEPTABLE,"Pobreza Monetaria 2024 (DANE, catalogo ANDA 874)",ingtotug = ingreso total unidad de gasto SIN imputar arriendo
Pasto,52,2024,Ene-Dic (12 meses),ingreso_pobreza,Ingreso mediano hogares propietarios,3348254.32,,,,,3246,,ACEPTABLE,"Pobreza Monetaria 2024 (DANE, catalogo ANDA 874)",ingtotug = ingreso total unidad de gasto SIN imputar arriendo
Pasto,52,2024,Ene-Dic (12 meses),servicios_publicos,Hogares sin acueducto,0.11,0.0401,0.0284,0.1863,1.3321,8823,37.6019,NO PUBLICAR,"GEIH 2024 (DANE, catalogo ANDA 819)",
Pasto,52,2024,Ene-Dic (12 meses),servicios_publicos,Hogares sin alcantarillado,0.22,0.0513,0.1243,0.3220,1.0598,8823,23.3481,PRECAUCION,"GEIH 2024 (DANE, catalogo ANDA 819)",
Pasto,52,2024,Ene-Dic (12 meses),servicios_publicos,Hogares sin energia electrica,0.01,0.0081,0.0000,0.0303,0.7570,8823,106.3724,NO PUBLICAR,"GEIH 2024 (DANE, catalogo ANDA 819)",
Pasto,52,2024,Ene-Dic (12 meses),servicios_publicos,Hogares sin gas natural conectado a red,59.73,0.5434,58.7597,60.8760,1.0831,8823,0.9097,EXCELENTE,"GEIH 2024 (DANE, catalogo ANDA 819)",
Pasto,52,2024,Ene-Dic (12 meses),servicios_publicos,Hogares sin recoleccion de basuras,0.0,0.0000,0.0000,0.0000,,8823,,ACEPTABLE,"GEIH 2024 (DANE, catalogo ANDA 819)",
Pasto,52,2024,Ene-Dic (12 meses),tenencia,Tenencia: En arriendo o subarriendo,47.95,0.5746,46.8263,49.0074,1.1674,4153,1.1985,EXCELENTE,"GEIH 2024 (DANE, catalogo ANDA 819)",
Pasto,52,2024,Ene-Dic (12 meses),tenencia,Tenencia: En usufructo,14.43,0.3915,13.6509,15.1944,1.0948,1302,2.7123,EXCELENTE,"GEIH 2024 (DANE, catalogo ANDA 819)",
Pasto,52,2024,Ene-Dic (12 meses),tenencia,Tenencia: Otra,0.74,0.0986,0.5388,0.9406,1.1727,65,13.3816,ACEPTABLE,"GEIH 2024 (DANE, catalogo ANDA 819)",
Pasto,52,2024,Ene-Dic (12 meses),tenencia,Tenencia: Posesion sin titulo,0.05,0.0245,0.0130,0.1107,0.9797,5,45.3877,NO PUBLICAR,"GEIH 2024 (DANE, catalogo ANDA 819)",
Pasto,52,2024,Ene-Dic (12 meses),tenencia,"Tenencia: Propia, la estan pagando",6.63,0.2866,6.0062,7.1692,1.1707,565,4.3232,EXCELENTE,"GEIH 2024 (DANE, catalogo ANDA 819)",
Pasto,52,2024,Ene-Dic (12 meses),tenencia,"Tenencia: Propia, totalmente pagada",29.86,0.5461,28.8466,30.9301,1.2563,2703,1.8290,EXCELENTE,"GEIH 2024 (DANE, catalogo ANDA 819)",
Pasto,52,2024,Ene-Dic (12 meses),tenencia,Tenencia: Propiedad colectiva,0.35,0.0611,0.2371,0.4617,0.9550,30,17.6547,PRECAUCION,"GEIH 2024 (DANE, catalogo ANDA 819)",
Pasto,52,2024,Ene-Dic (12 meses),tenencia,Tenencia: suma de categorias (control),100.0,,,,,8823,,NO_APLICA,"GEIH 2024 (DANE, catalogo ANDA 819)",Control de auditoria: debe ser 100% +/-0.1pp
Pasto,52,2024,Ene-Dic (12 meses),vivienda_propia_credito,Arriendo imputado (estimado) - P25,400000.0,,,,,4561,,ACEPTABLE,"GEIH 2024 (DANE, catalogo ANDA 819)",6 registro(s) excluidos por valor extremo
Pasto,52,2024,Ene-Dic (12 meses),vivienda_propia_credito,Arriendo imputado (estimado) - P75,1000000.0,,,,,4561,,ACEPTABLE,"GEIH 2024 (DANE, catalogo ANDA 819)",6 registro(s) excluidos por valor extremo
Pasto,52,2024,Ene-Dic (12 meses),vivienda_propia_credito,Arriendo imputado (estimado) - mediana,600000.0,0.0000,600000.0000,600000.0000,0.0000,4561,0.0000,EXCELENTE,"GEIH 2024 (DANE, catalogo ANDA 819)",6 registro(s) excluidos por valor extremo
Pasto,52,2024,Ene-Dic (12 meses),vivienda_propia_credito,Arriendo imputado (estimado) - promedio,788968.42,10412.7727,770797.5512,810172.9988,1.1053,4561,1.3198,EXCELENTE,"GEIH 2024 (DANE, catalogo ANDA 819)",6 registro(s) excluidos por valor extremo
Pasto,52,2024,Ene-Dic (12 meses),vivienda_propia_credito,Cuota hipotecaria mensual - P25,450000.0,,,,,546,,ACEPTABLE,"GEIH 2024 (DANE, catalogo ANDA 819)",1 registro(s) excluidos por valor extremo
Pasto,52,2024,Ene-Dic (12 meses),vivienda_propia_credito,Cuota hipotecaria mensual - P75,1300000.0,,,,,546,,ACEPTABLE,"GEIH 2024 (DANE, catalogo ANDA 819)",1 registro(s) excluidos por valor extremo
Pasto,52,2024,Ene-Dic (12 meses),vivienda_propia_credito,Cuota hipotecaria mensual - mediana,700772.79,41357.4187,647932.4034,800000.0000,0.5281,546,5.9017,ACEPTABLE,"GEIH 2024 (DANE, catalogo ANDA 819)",1 registro(s) excluidos por valor extremo
Pasto,52,2024,Ene-Dic (12 meses),vivienda_propia_credito,Cuota hipotecaria mensual - promedio,1053143.88,52110.9819,948789.3359,1148869.2331,0.8385,546,4.9481,EXCELENTE,"GEIH 2024 (DANE, catalogo ANDA 819)",1 registro(s) excluidos por valor extremo
Pasto,52,2024,Ene-Dic (12 meses),vivienda_propia_credito,Valor estimado de venta de la vivienda - P25,140000000.0,,,,,2527,,ACEPTABLE,"GEIH 2024 (DANE, catalogo ANDA 819)",12 registro(s) excluidos por valor extremo
Pasto,52,2024,Ene-Dic (12 meses),vivienda_propia_credito,Valor estimado de venta de la vivienda - P75,370000000.0,,,,,2527,,ACEPTABLE,"GEIH 2024 (DANE, catalogo ANDA 819)",12 registro(s) excluidos por valor extremo
Pasto,52,2024,Ene-Dic (12 meses),vivienda_propia_credito,Valor estimado de venta de la vivienda - mediana,200000000.0,9197903.0503,200000000.0000,230000000.0000,5.9711,2527,4.5990,EXCELENTE,"GEIH 2024 (DANE, catalogo ANDA 819)",12 registro(s) excluidos por valor extremo
Pasto,52,2024,Ene-Dic (12 meses),vivienda_propia_credito,Valor estimado de venta de la vivienda - promedio,273477003.95,3647266.1314,265904930.5952,280846980.1969,0.9389,2527,1.3337,EXCELENTE,"GEIH 2024 (DANE, catalogo ANDA 819)",12 registro(s) excluidos por valor extremo
Pasto,52,2025,Ene-Dic (12 meses),arriendo,Canon de arriendo mensual - P25,360000.0,,,,,4170,,ACEPTABLE,"GEIH 2025 (DANE, catalogo ANDA 853)",6 registro(s) excluidos por valor extremo
Pasto,52,2025,Ene-Dic (12 meses),arriendo,Canon de arriendo mensual - P75,700000.0,,,,,4170,,ACEPTABLE,"GEIH 2025 (DANE, catalogo ANDA 853)",6 registro(s) excluidos por valor extremo
Pasto,52,2025,Ene-Dic (12 meses),arriendo,Canon de arriendo mensual - mediana,500000.0,0.0000,500000.0000,500000.0000,0.0000,4170,0.0000,EXCELENTE,"GEIH 2025 (DANE, catalogo ANDA 853)",6 registro(s) excluidos por valor extremo
Pasto,52,2025,Ene-Dic (12 meses),arriendo,Canon de arriendo mensual - promedio,587740.93,6229.3057,576847.3876,599562.2240,1.2626,4170,1.0599,EXCELENTE,"GEIH 2025 (DANE, catalogo ANDA 853)",6 registro(s) excluidos por valor extremo
Pasto,52,2025,Ene-Dic (12 meses),deficit_habitacional,Deficit habitacional cualitativo,ND - pendiente Fase 2 (ECV),,,,,0,,ND,ECV (fuera de alcance Fase 1),ND - pendiente Fase 2 (ECV): fuente fuera de alcance de Fase 1
Pasto,52,2025,Ene-Dic (12 meses),deficit_habitacional,Deficit habitacional cuantitativo,ND - pendiente Fase 2 (ECV),,,,,0,,ND,ECV (fuera de alcance Fase 1),ND - pendiente Fase 2 (ECV): fuente fuera de alcance de Fase 1
Pasto,52,2025,Ene-Dic (12 meses),deficit_habitacional,Distribucion por estrato socioeconomico,ND - pendiente Fase 2 (ECV),,,,,0,,ND,ECV (fuera de alcance Fase 1),ND - pendiente Fase 2 (ECV): fuente fuera de alcance de Fase 1
Pasto,52,2025,Ene-Dic (12 meses),esfuerzo_financiero,Arrendatarios que destinan >30% del ingreso al arriendo,45.05,,,,,4147,,ACEPTABLE,"Pobreza Monetaria 2025 (DANE, catalogo ANDA 908)",sobrecarga (>30%)
Pasto,52,2025,Ene-Dic (12 meses),esfuerzo_financiero,Arrendatarios que destinan >50% del ingreso al arriendo,20.22,,,,,4147,,ACEPTABLE,"Pobreza Monetaria 2025 (DANE, catalogo ANDA 908)",sobrecarga severa (>50%)
Pasto,52,2025,Ene-Dic (12 meses),esfuerzo_financiero,Arriendo/ingreso del hogar (mediana),27.62,,,,,4147,,ACEPTABLE,"Pobreza Monetaria 2025 (DANE, catalogo ANDA 908)",Merge con 99.6% de coincidencia
Pasto,52,2025,Ene-Dic (12 meses),hacinamiento,Hogares con hacinamiento (>3 personas/cuarto para dormir),0.86,0.1135,0.6621,1.0944,1.3438,8900,13.1870,ACEPTABLE,"GEIH 2025 (DANE, catalogo ANDA 853)","Umbral >3 sobre CUARTOS PARA DORMIR (P5010), no cuartos totales"
Pasto,52,2025,Ene-Dic (12 meses),hacinamiento,Hogares con hacinamiento critico NBI (>3 personas/cuarto TOTAL),0.35,,,,,8899,,NO PUBLICAR,"GEIH 2025 (DANE, catalogo ANDA 853)",Definicion oficial DANE-NBI (cuartos totales incl. sala-comedor)
Pasto,52,2025,Ene-Dic (12 meses),hacinamiento,Personas por cuarto para dormir - mediana,1.33,,,,,8900,,ACEPTABLE,"GEIH 2025 (DANE, catalogo ANDA 853)",
Pasto,52,2025,Ene-Dic (12 meses),hacinamiento,Personas por cuarto para dormir - promedio,1.44,0.0069,1.4241,1.4501,1.2876,8900,0.4816,EXCELENTE,"GEIH 2025 (DANE, catalogo ANDA 853)",
Pasto,52,2025,Ene-Dic (12 meses),ingreso_pobreza,% arrendatarios en pobreza monetaria,34.95,,,,,4189,,ACEPTABLE,"Pobreza Monetaria 2025 (DANE, catalogo ANDA 908)",
Pasto,52,2025,Ene-Dic (12 meses),ingreso_pobreza,% hogares no pobres que viven en arriendo,43.0,,,,,6687,,ACEPTABLE,"Pobreza Monetaria 2025 (DANE, catalogo ANDA 908)",
Pasto,52,2025,Ene-Dic (12 meses),ingreso_pobreza,% hogares pobres que viven en arriendo,66.02,,,,,2213,,ACEPTABLE,"Pobreza Monetaria 2025 (DANE, catalogo ANDA 908)",
Pasto,52,2025,Ene-Dic (12 meses),ingreso_pobreza,% propietarios en pobreza monetaria,13.25,,,,,3234,,ACEPTABLE,"Pobreza Monetaria 2025 (DANE, catalogo ANDA 908)",
Pasto,52,2025,Ene-Dic (12 meses),ingreso_pobreza,Brecha de ingreso propietarios vs arrendatarios,85.29,,,,,0,,NO_APLICA,"Pobreza Monetaria 2025 (DANE, catalogo ANDA 908)",(+) = propietarios ganan mas; calculado sobre medianas ponderadas
Pasto,52,2025,Ene-Dic (12 meses),ingreso_pobreza,Ingreso mediano hogares arrendatarios,1800000.0,,,,,4165,,ACEPTABLE,"Pobreza Monetaria 2025 (DANE, catalogo ANDA 908)",ingtotug = ingreso total unidad de gasto SIN imputar arriendo
Pasto,52,2025,Ene-Dic (12 meses),ingreso_pobreza,Ingreso mediano hogares propietarios,3335236.8,,,,,3211,,ACEPTABLE,"Pobreza Monetaria 2025 (DANE, catalogo ANDA 908)",ingtotug = ingreso total unidad de gasto SIN imputar arriendo
Pasto,52,2025,Ene-Dic (12 meses),servicios_publicos,Hogares sin acueducto,0.19,0.0411,0.1063,0.2586,0.8122,8900,22.1707,PRECAUCION,"GEIH 2025 (DANE, catalogo ANDA 853)",
Pasto,52,2025,Ene-Dic (12 meses),servicios_publicos,Hogares sin alcantarillado,0.95,0.1039,0.7561,1.1488,1.0212,8900,10.9413,ACEPTABLE,"GEIH 2025 (DANE, catalogo ANDA 853)",
Pasto,52,2025,Ene-Dic (12 meses),servicios_publicos,Hogares sin energia electrica,0.0,0.0000,0.0000,0.0000,,8900,,ACEPTABLE,"GEIH 2025 (DANE, catalogo ANDA 853)",
Pasto,52,2025,Ene-Dic (12 meses),servicios_publicos,Hogares sin gas natural conectado a red,54.77,0.5455,53.7649,55.8643,1.0691,8900,0.9959,EXCELENTE,"GEIH 2025 (DANE, catalogo ANDA 853)",
Pasto,52,2025,Ene-Dic (12 meses),servicios_publicos,Hogares sin recoleccion de basuras,0.24,0.0440,0.1548,0.3150,0.7317,8900,18.6224,PRECAUCION,"GEIH 2025 (DANE, catalogo ANDA 853)",
Pasto,52,2025,Ene-Dic (12 meses),tenencia,Tenencia: En arriendo o subarriendo,48.97,0.5637,47.9551,50.1336,1.1317,4189,1.1511,EXCELENTE,"GEIH 2025 (DANE, catalogo ANDA 853)",
Pasto,52,2025,Ene-Dic (12 meses),tenencia,Tenencia: En usufructo,14.95,0.4096,14.1676,15.7128,1.1743,1337,2.7399,EXCELENTE,"GEIH 2025 (DANE, catalogo ANDA 853)",
Pasto,52,2025,Ene-Dic (12 meses),tenencia,Tenencia: Otra,0.64,0.0858,0.4887,0.8019,1.0240,56,13.3248,ACEPTABLE,"GEIH 2025 (DANE, catalogo ANDA 853)",
Pasto,52,2025,Ene-Dic (12 meses),tenencia,Tenencia: Posesion sin titulo,0.16,0.0477,0.0724,0.2561,1.2538,13,29.4783,NO PUBLICAR,"GEIH 2025 (DANE, catalogo ANDA 853)",
Pasto,52,2025,Ene-Dic (12 meses),tenencia,"Tenencia: Propia, la estan pagando",5.68,0.2744,5.1990,6.2390,1.2513,486,4.8328,EXCELENTE,"GEIH 2025 (DANE, catalogo ANDA 853)",
Pasto,52,2025,Ene-Dic (12 meses),tenencia,"Tenencia: Propia, totalmente pagada",28.82,0.4831,27.8643,29.8202,1.0123,2748,1.6760,EXCELENTE,"GEIH 2025 (DANE, catalogo ANDA 853)",
Pasto,52,2025,Ene-Dic (12 meses),tenencia,Tenencia: Propiedad colectiva,0.78,0.1029,0.5898,0.9899,1.2245,71,13.2675,ACEPTABLE,"GEIH 2025 (DANE, catalogo ANDA 853)",
Pasto,52,2025,Ene-Dic (12 meses),tenencia,Tenencia: suma de categorias (control),100.0,,,,,8900,,NO_APLICA,"GEIH 2025 (DANE, catalogo ANDA 853)",Control de auditoria: debe ser 100% +/-0.1pp
Pasto,52,2025,Ene-Dic (12 meses),vivienda_propia_credito,Arriendo imputado (estimado) - P25,450000.0,,,,,4611,,ACEPTABLE,"GEIH 2025 (DANE, catalogo ANDA 853)",16 registro(s) excluidos por valor extremo
Pasto,52,2025,Ene-Dic (12 meses),vivienda_propia_credito,Arriendo imputado (estimado) - P75,900000.0,,,,,4611,,ACEPTABLE,"GEIH 2025 (DANE, catalogo ANDA 853)",16 registro(s) excluidos por valor extremo
Pasto,52,2025,Ene-Dic (12 meses),vivienda_propia_credito,Arriendo imputado (estimado) - mediana,600000.0,0.0000,600000.0000,600000.0000,0.0000,4611,0.0000,EXCELENTE,"GEIH 2025 (DANE, catalogo ANDA 853)",16 registro(s) excluidos por valor extremo
Pasto,52,2025,Ene-Dic (12 meses),vivienda_propia_credito,Arriendo imputado (estimado) - promedio,755253.51,7646.2546,740013.1622,768541.8671,0.8958,4611,1.0124,EXCELENTE,"GEIH 2025 (DANE, catalogo ANDA 853)",16 registro(s) excluidos por valor extremo
Pasto,52,2025,Ene-Dic (12 meses),vivienda_propia_credito,Cuota hipotecaria mensual - P25,500000.0,,,,,483,,ACEPTABLE,"GEIH 2025 (DANE, catalogo ANDA 853)",1 registro(s) excluidos por valor extremo
Pasto,52,2025,Ene-Dic (12 meses),vivienda_propia_credito,Cuota hipotecaria mensual - P75,1327317.99,,,,,483,,ACEPTABLE,"GEIH 2025 (DANE, catalogo ANDA 853)",1 registro(s) excluidos por valor extremo
Pasto,52,2025,Ene-Dic (12 meses),vivienda_propia_credito,Cuota hipotecaria mensual - mediana,775241.14,41493.7400,700000.0000,820000.0000,0.8158,483,5.3524,ACEPTABLE,"GEIH 2025 (DANE, catalogo ANDA 853)",1 registro(s) excluidos por valor extremo
Pasto,52,2025,Ene-Dic (12 meses),vivienda_propia_credito,Cuota hipotecaria mensual - promedio,1099340.53,46319.5557,1014436.0118,1190155.9556,1.0166,483,4.2134,EXCELENTE,"GEIH 2025 (DANE, catalogo ANDA 853)",1 registro(s) excluidos por valor extremo
Pasto,52,2025,Ene-Dic (12 meses),vivienda_propia_credito,Valor estimado de venta de la vivienda - P25,150000000.0,,,,,2553,,ACEPTABLE,"GEIH 2025 (DANE, catalogo ANDA 853)",11 registro(s) excluidos por valor extremo
Pasto,52,2025,Ene-Dic (12 meses),vivienda_propia_credito,Valor estimado de venta de la vivienda - P75,380000000.0,,,,,2553,,ACEPTABLE,"GEIH 2025 (DANE, catalogo ANDA 853)",11 registro(s) excluidos por valor extremo
Pasto,52,2025,Ene-Dic (12 meses),vivienda_propia_credito,Valor estimado de venta de la vivienda - mediana,230000000.0,15745574.2677,200000000.0000,250000000.0000,17.0179,2553,6.8459,ACEPTABLE,"GEIH 2025 (DANE, catalogo ANDA 853)",11 registro(s) excluidos por valor extremo
Pasto,52,2025,Ene-Dic (12 meses),vivienda_propia_credito,Valor estimado de venta de la vivienda - promedio,277932342.11,4151270.8327,270227842.8287,286564352.0898,1.1829,2553,1.4936,EXCELENTE,"GEIH 2025 (DANE, catalogo ANDA 853)",11 registro(s) excluidos por valor extremo
Pasto,52,2026*,Ene-Jun (parcial),arriendo,Canon de arriendo mensual - P25,401696.13,,,,,2051,,ACEPTABLE,"GEIH 2026 Ene-Jun (DANE, catalogo ANDA 900)",2 registro(s) excluidos por valor extremo
Pasto,52,2026*,Ene-Jun (parcial),arriendo,Canon de arriendo mensual - P75,800000.0,,,,,2051,,ACEPTABLE,"GEIH 2026 Ene-Jun (DANE, catalogo ANDA 900)",2 registro(s) excluidos por valor extremo
Pasto,52,2026*,Ene-Jun (parcial),arriendo,Canon de arriendo mensual - mediana,600000.0,0.0000,600000.0000,600000.0000,0.0000,2051,0.0000,EXCELENTE,"GEIH 2026 Ene-Jun (DANE, catalogo ANDA 900)",2 registro(s) excluidos por valor extremo
Pasto,52,2026*,Ene-Jun (parcial),arriendo,Canon de arriendo mensual - promedio,670244.08,7764.5793,655528.5785,684483.3168,0.8998,2051,1.1585,EXCELENTE,"GEIH 2026 Ene-Jun (DANE, catalogo ANDA 900)",2 registro(s) excluidos por valor extremo
Pasto,52,2026*,Ene-Jun (parcial),deficit_habitacional,Deficit habitacional cualitativo,ND - pendiente Fase 2 (ECV),,,,,0,,ND,ECV (fuera de alcance Fase 1),ND - pendiente Fase 2 (ECV): fuente fuera de alcance de Fase 1
Pasto,52,2026*,Ene-Jun (parcial),deficit_habitacional,Deficit habitacional cuantitativo,ND - pendiente Fase 2 (ECV),,,,,0,,ND,ECV (fuera de alcance Fase 1),ND - pendiente Fase 2 (ECV): fuente fuera de alcance de Fase 1
Pasto,52,2026*,Ene-Jun (parcial),deficit_habitacional,Distribucion por estrato socioeconomico,ND - pendiente Fase 2 (ECV),,,,,0,,ND,ECV (fuera de alcance Fase 1),ND - pendiente Fase 2 (ECV): fuente fuera de alcance de Fase 1
Pasto,52,2026*,Ene-Jun (parcial),esfuerzo_financiero,Arrendatarios que destinan >30% del ingreso al arriendo,ND,,,,,0,,ND,ND - DANE no publica Pobreza Monetaria 2026,DANE no publica Medicion de Pobreza Monetaria y Desigualdad 2026 (requiere año calendario completo); no se calcula ni se extrapola
Pasto,52,2026*,Ene-Jun (parcial),esfuerzo_financiero,Arrendatarios que destinan >50% del ingreso al arriendo,ND,,,,,0,,ND,ND - DANE no publica Pobreza Monetaria 2026,DANE no publica Medicion de Pobreza Monetaria y Desigualdad 2026 (requiere año calendario completo); no se calcula ni se extrapola
Pasto,52,2026*,Ene-Jun (parcial),esfuerzo_financiero,Arriendo/ingreso del hogar (mediana),ND,,,,,0,,ND,ND - DANE no publica Pobreza Monetaria 2026,DANE no publica Medicion de Pobreza Monetaria y Desigualdad 2026 (requiere año calendario completo); no se calcula ni se extrapola
Pasto,52,2026*,Ene-Jun (parcial),hacinamiento,Hogares con hacinamiento (>3 personas/cuarto para dormir),0.87,0.1586,0.5627,1.1576,1.2661,4317,18.3289,PRECAUCION,"GEIH 2026 Ene-Jun (DANE, catalogo ANDA 900)","Umbral >3 sobre CUARTOS PARA DORMIR (P5010), no cuartos totales"
Pasto,52,2026*,Ene-Jun (parcial),hacinamiento,Hogares con hacinamiento critico NBI (>3 personas/cuarto TOTAL),0.34,,,,,4317,,NO PUBLICAR,"GEIH 2026 Ene-Jun (DANE, catalogo ANDA 900)",Definicion oficial DANE-NBI (cuartos totales incl. sala-comedor)
Pasto,52,2026*,Ene-Jun (parcial),hacinamiento,Personas por cuarto para dormir - mediana,1.33,,,,,4317,,ACEPTABLE,"GEIH 2026 Ene-Jun (DANE, catalogo ANDA 900)",
Pasto,52,2026*,Ene-Jun (parcial),hacinamiento,Personas por cuarto para dormir - promedio,1.43,0.0097,1.4117,1.4498,1.2641,4317,0.6772,EXCELENTE,"GEIH 2026 Ene-Jun (DANE, catalogo ANDA 900)",
Pasto,52,2026*,Ene-Jun (parcial),ingreso_pobreza,% arrendatarios en pobreza monetaria,ND,,,,,0,,ND,ND - DANE no publica Pobreza Monetaria 2026,DANE no publica Medicion de Pobreza Monetaria y Desigualdad 2026 (requiere año calendario completo); no se calcula ni se extrapola
Pasto,52,2026*,Ene-Jun (parcial),ingreso_pobreza,% hogares no pobres que viven en arriendo,ND,,,,,0,,ND,ND - DANE no publica Pobreza Monetaria 2026,DANE no publica Medicion de Pobreza Monetaria y Desigualdad 2026 (requiere año calendario completo); no se calcula ni se extrapola
Pasto,52,2026*,Ene-Jun (parcial),ingreso_pobreza,% hogares pobres que viven en arriendo,ND,,,,,0,,ND,ND - DANE no publica Pobreza Monetaria 2026,DANE no publica Medicion de Pobreza Monetaria y Desigualdad 2026 (requiere año calendario completo); no se calcula ni se extrapola
Pasto,52,2026*,Ene-Jun (parcial),ingreso_pobreza,% propietarios en pobreza monetaria,ND,,,,,0,,ND,ND - DANE no publica Pobreza Monetaria 2026,DANE no publica Medicion de Pobreza Monetaria y Desigualdad 2026 (requiere año calendario completo); no se calcula ni se extrapola
Pasto,52,2026*,Ene-Jun (parcial),ingreso_pobreza,Brecha de ingreso propietarios vs arrendatarios,ND,,,,,0,,ND,ND - DANE no publica Pobreza Monetaria 2026,DANE no publica Medicion de Pobreza Monetaria y Desigualdad 2026 (requiere año calendario completo); no se calcula ni se extrapola
Pasto,52,2026*,Ene-Jun (parcial),ingreso_pobreza,Ingreso mediano hogares arrendatarios,ND,,,,,0,,ND,ND - DANE no publica Pobreza Monetaria 2026,DANE no publica Medicion de Pobreza Monetaria y Desigualdad 2026 (requiere año calendario completo); no se calcula ni se extrapola
Pasto,52,2026*,Ene-Jun (parcial),ingreso_pobreza,Ingreso mediano hogares propietarios,ND,,,,,0,,ND,ND - DANE no publica Pobreza Monetaria 2026,DANE no publica Medicion de Pobreza Monetaria y Desigualdad 2026 (requiere año calendario completo); no se calcula ni se extrapola
Pasto,52,2026*,Ene-Jun (parcial),servicios_publicos,Hogares sin acueducto,0.0,0.0000,0.0000,0.0000,,4317,,ACEPTABLE,"GEIH 2026 Ene-Jun (DANE, catalogo ANDA 900)",
Pasto,52,2026*,Ene-Jun (parcial),servicios_publicos,Hogares sin alcantarillado,0.26,0.0669,0.1338,0.3793,0.7544,4317,26.0482,NO PUBLICAR,"GEIH 2026 Ene-Jun (DANE, catalogo ANDA 900)",
Pasto,52,2026*,Ene-Jun (parcial),servicios_publicos,Hogares sin energia electrica,0.0,0.0000,0.0000,0.0000,,4317,,ACEPTABLE,"GEIH 2026 Ene-Jun (DANE, catalogo ANDA 900)",
Pasto,52,2026*,Ene-Jun (parcial),servicios_publicos,Hogares sin gas natural conectado a red,57.56,0.7593,56.2569,59.0970,1.0189,4317,1.3192,EXCELENTE,"GEIH 2026 Ene-Jun (DANE, catalogo ANDA 900)",
Pasto,52,2026*,Ene-Jun (parcial),servicios_publicos,Hogares sin recoleccion de basuras,0.24,0.0652,0.1258,0.3729,0.7680,4317,27.2356,NO PUBLICAR,"GEIH 2026 Ene-Jun (DANE, catalogo ANDA 900)",
Pasto,52,2026*,Ene-Jun (parcial),tenencia,Tenencia: En arriendo o subarriendo,48.03,0.7978,46.5181,49.5072,1.1007,2056,1.6609,EXCELENTE,"GEIH 2026 Ene-Jun (DANE, catalogo ANDA 900)",
Pasto,52,2026*,Ene-Jun (parcial),tenencia,Tenencia: En usufructo,13.15,0.5489,12.0898,14.1721,1.1387,577,4.1735,EXCELENTE,"GEIH 2026 Ene-Jun (DANE, catalogo ANDA 900)",
Pasto,52,2026*,Ene-Jun (parcial),tenencia,Tenencia: Otra,1.02,0.1677,0.7568,1.3415,1.1988,43,16.3876,PRECAUCION,"GEIH 2026 Ene-Jun (DANE, catalogo ANDA 900)",
Pasto,52,2026*,Ene-Jun (parcial),tenencia,Tenencia: Posesion sin titulo,0.04,0.0292,0.0000,0.1103,0.8627,2,68.3241,NO PUBLICAR,"GEIH 2026 Ene-Jun (DANE, catalogo ANDA 900)",
Pasto,52,2026*,Ene-Jun (parcial),tenencia,"Tenencia: Propia, la estan pagando",8.34,0.4291,7.5181,9.2162,1.0398,344,5.1445,ACEPTABLE,"GEIH 2026 Ene-Jun (DANE, catalogo ANDA 900)",
Pasto,52,2026*,Ene-Jun (parcial),tenencia,"Tenencia: Propia, totalmente pagada",28.2,0.6935,26.7903,29.4269,1.0255,1242,2.4591,EXCELENTE,"GEIH 2026 Ene-Jun (DANE, catalogo ANDA 900)",
Pasto,52,2026*,Ene-Jun (parcial),tenencia,Tenencia: Propiedad colectiva,1.21,0.1884,0.8518,1.6151,1.2845,53,15.6023,PRECAUCION,"GEIH 2026 Ene-Jun (DANE, catalogo ANDA 900)",
Pasto,52,2026*,Ene-Jun (parcial),tenencia,Tenencia: suma de categorias (control),100.0,,,,,4317,,NO_APLICA,"GEIH 2026 Ene-Jun (DANE, catalogo ANDA 900)",Control de auditoria: debe ser 100% +/-0.1pp
Pasto,52,2026*,Ene-Jun (parcial),vivienda_propia_credito,Arriendo imputado (estimado) - P25,500000.0,,,,,2222,,ACEPTABLE,"GEIH 2026 Ene-Jun (DANE, catalogo ANDA 900)",4 registro(s) excluidos por valor extremo
Pasto,52,2026*,Ene-Jun (parcial),vivienda_propia_credito,Arriendo imputado (estimado) - P75,1000000.0,,,,,2222,,ACEPTABLE,"GEIH 2026 Ene-Jun (DANE, catalogo ANDA 900)",4 registro(s) excluidos por valor extremo
Pasto,52,2026*,Ene-Jun (parcial),vivienda_propia_credito,Arriendo imputado (estimado) - mediana,700000.0,12444.7577,700000.0000,750000.0000,0.7266,2222,1.7778,EXCELENTE,"GEIH 2026 Ene-Jun (DANE, catalogo ANDA 900)",4 registro(s) excluidos por valor extremo
Pasto,52,2026*,Ene-Jun (parcial),vivienda_propia_credito,Arriendo imputado (estimado) - promedio,889507.84,14136.4610,862661.8156,918697.9806,0.9376,2222,1.5892,EXCELENTE,"GEIH 2026 Ene-Jun (DANE, catalogo ANDA 900)",4 registro(s) excluidos por valor extremo
Pasto,52,2026*,Ene-Jun (parcial),vivienda_propia_credito,Cuota hipotecaria mensual - P25,500000.0,,,,,341,,ACEPTABLE,"GEIH 2026 Ene-Jun (DANE, catalogo ANDA 900)",
Pasto,52,2026*,Ene-Jun (parcial),vivienda_propia_credito,Cuota hipotecaria mensual - P75,1500000.0,,,,,341,,ACEPTABLE,"GEIH 2026 Ene-Jun (DANE, catalogo ANDA 900)",
Pasto,52,2026*,Ene-Jun (parcial),vivienda_propia_credito,Cuota hipotecaria mensual - mediana,900000.0,53312.1472,800000.0000,1000000.0000,0.8486,341,5.9236,ACEPTABLE,"GEIH 2026 Ene-Jun (DANE, catalogo ANDA 900)",
Pasto,52,2026*,Ene-Jun (parcial),vivienda_propia_credito,Cuota hipotecaria mensual - promedio,1192174.09,57068.3533,1069718.2791,1300561.8121,0.9724,341,4.7869,EXCELENTE,"GEIH 2026 Ene-Jun (DANE, catalogo ANDA 900)",
Pasto,52,2026*,Ene-Jun (parcial),vivienda_propia_credito,Valor estimado de venta de la vivienda - P25,150000000.0,,,,,1296,,ACEPTABLE,"GEIH 2026 Ene-Jun (DANE, catalogo ANDA 900)",6 registro(s) excluidos por valor extremo
Pasto,52,2026*,Ene-Jun (parcial),vivienda_propia_credito,Valor estimado de venta de la vivienda - P75,400000000.0,,,,,1296,,ACEPTABLE,"GEIH 2026 Ene-Jun (DANE, catalogo ANDA 900)",6 registro(s) excluidos por valor extremo
Pasto,52,2026*,Ene-Jun (parcial),vivienda_propia_credito,Valor estimado de venta de la vivienda - mediana,250000000.0,2420646.9740,240000000.0000,250000000.0000,0.1435,1296,0.9683,EXCELENTE,"GEIH 2026 Ene-Jun (DANE, catalogo ANDA 900)",6 registro(s) excluidos por valor extremo
Pasto,52,2026*,Ene-Jun (parcial),vivienda_propia_credito,Valor estimado de venta de la vivienda - promedio,299112170.76,6189154.6111,287247934.4369,310933112.7382,0.9379,1296,2.0692,EXCELENTE,"GEIH 2026 Ene-Jun (DANE, catalogo ANDA 900)",6 registro(s) excluidos por valor extremo
Pereira A.M.,66,2023,Ene-Dic (12 meses),arriendo,Canon de arriendo mensual - P25,400000.0,,,,,5914,,ACEPTABLE,"GEIH 2023 (DANE, catalogo ANDA 782)",14 registro(s) excluidos por valor extremo
Pereira A.M.,66,2023,Ene-Dic (12 meses),arriendo,Canon de arriendo mensual - P75,700000.0,,,,,5914,,ACEPTABLE,"GEIH 2023 (DANE, catalogo ANDA 782)",14 registro(s) excluidos por valor extremo
Pereira A.M.,66,2023,Ene-Dic (12 meses),arriendo,Canon de arriendo mensual - mediana,500000.0,0.0000,500000.0000,500000.0000,0.0000,5914,0.0000,EXCELENTE,"GEIH 2023 (DANE, catalogo ANDA 782)",14 registro(s) excluidos por valor extremo
Pereira A.M.,66,2023,Ene-Dic (12 meses),arriendo,Canon de arriendo mensual - promedio,591832.73,4639.2916,581407.3578,599858.3281,1.2026,5914,0.7839,EXCELENTE,"GEIH 2023 (DANE, catalogo ANDA 782)",14 registro(s) excluidos por valor extremo
Pereira A.M.,66,2023,Ene-Dic (12 meses),deficit_habitacional,Deficit habitacional cualitativo,ND - pendiente Fase 2 (ECV),,,,,0,,ND,ECV (fuera de alcance Fase 1),ND - pendiente Fase 2 (ECV): fuente fuera de alcance de Fase 1
Pereira A.M.,66,2023,Ene-Dic (12 meses),deficit_habitacional,Deficit habitacional cuantitativo,ND - pendiente Fase 2 (ECV),,,,,0,,ND,ECV (fuera de alcance Fase 1),ND - pendiente Fase 2 (ECV): fuente fuera de alcance de Fase 1
Pereira A.M.,66,2023,Ene-Dic (12 meses),deficit_habitacional,Distribucion por estrato socioeconomico,ND - pendiente Fase 2 (ECV),,,,,0,,ND,ECV (fuera de alcance Fase 1),ND - pendiente Fase 2 (ECV): fuente fuera de alcance de Fase 1
Pereira A.M.,66,2023,Ene-Dic (12 meses),esfuerzo_financiero,Arrendatarios que destinan >30% del ingreso al arriendo,40.2,,,,,5821,,ACEPTABLE,"Pobreza Monetaria 2023 (DANE, catalogo ANDA 835)",sobrecarga (>30%)
Pereira A.M.,66,2023,Ene-Dic (12 meses),esfuerzo_financiero,Arrendatarios que destinan >50% del ingreso al arriendo,13.61,,,,,5821,,ACEPTABLE,"Pobreza Monetaria 2023 (DANE, catalogo ANDA 835)",sobrecarga severa (>50%)
Pereira A.M.,66,2023,Ene-Dic (12 meses),esfuerzo_financiero,Arriendo/ingreso del hogar (mediana),26.49,,,,,5821,,ACEPTABLE,"Pobreza Monetaria 2023 (DANE, catalogo ANDA 835)",Merge con 99.6% de coincidencia
Pereira A.M.,66,2023,Ene-Dic (12 meses),hacinamiento,Hogares con hacinamiento (>3 personas/cuarto para dormir),1.0,0.1298,0.7422,1.2661,1.8833,11082,12.9629,ACEPTABLE,"GEIH 2023 (DANE, catalogo ANDA 782)","Umbral >3 sobre CUARTOS PARA DORMIR (P5010), no cuartos totales"
Pereira A.M.,66,2023,Ene-Dic (12 meses),hacinamiento,Hogares con hacinamiento critico NBI (>3 personas/cuarto TOTAL),0.27,,,,,11083,,NO PUBLICAR,"GEIH 2023 (DANE, catalogo ANDA 782)",Definicion oficial DANE-NBI (cuartos totales incl. sala-comedor)
Pereira A.M.,66,2023,Ene-Dic (12 meses),hacinamiento,Personas por cuarto para dormir - mediana,1.33,,,,,11082,,ACEPTABLE,"GEIH 2023 (DANE, catalogo ANDA 782)",
Pereira A.M.,66,2023,Ene-Dic (12 meses),hacinamiento,Personas por cuarto para dormir - promedio,1.46,0.0065,1.4517,1.4766,1.4747,11082,0.4415,EXCELENTE,"GEIH 2023 (DANE, catalogo ANDA 782)",
Pereira A.M.,66,2023,Ene-Dic (12 meses),ingreso_pobreza,% arrendatarios en pobreza monetaria,30.07,,,,,5938,,ACEPTABLE,"Pobreza Monetaria 2023 (DANE, catalogo ANDA 835)",
Pereira A.M.,66,2023,Ene-Dic (12 meses),ingreso_pobreza,% hogares no pobres que viven en arriendo,48.48,,,,,8706,,ACEPTABLE,"Pobreza Monetaria 2023 (DANE, catalogo ANDA 835)",
Pereira A.M.,66,2023,Ene-Dic (12 meses),ingreso_pobreza,% hogares pobres que viven en arriendo,70.76,,,,,2377,,ACEPTABLE,"Pobreza Monetaria 2023 (DANE, catalogo ANDA 835)",
Pereira A.M.,66,2023,Ene-Dic (12 meses),ingreso_pobreza,% propietarios en pobreza monetaria,11.0,,,,,3434,,ACEPTABLE,"Pobreza Monetaria 2023 (DANE, catalogo ANDA 835)",
Pereira A.M.,66,2023,Ene-Dic (12 meses),ingreso_pobreza,Brecha de ingreso propietarios vs arrendatarios,46.84,,,,,0,,NO_APLICA,"Pobreza Monetaria 2023 (DANE, catalogo ANDA 835)",(+) = propietarios ganan mas; calculado sobre medianas ponderadas
Pereira A.M.,66,2023,Ene-Dic (12 meses),ingreso_pobreza,Ingreso mediano hogares arrendatarios,1987239.92,,,,,5845,,ACEPTABLE,"Pobreza Monetaria 2023 (DANE, catalogo ANDA 835)",ingtotug = ingreso total unidad de gasto SIN imputar arriendo
Pereira A.M.,66,2023,Ene-Dic (12 meses),ingreso_pobreza,Ingreso mediano hogares propietarios,2918144.69,,,,,3394,,ACEPTABLE,"Pobreza Monetaria 2023 (DANE, catalogo ANDA 835)",ingtotug = ingreso total unidad de gasto SIN imputar arriendo
Pereira A.M.,66,2023,Ene-Dic (12 meses),servicios_publicos,Hogares sin acueducto,0.07,0.0201,0.0319,0.1050,0.6810,11083,30.4807,NO PUBLICAR,"GEIH 2023 (DANE, catalogo ANDA 782)",
Pereira A.M.,66,2023,Ene-Dic (12 meses),servicios_publicos,Hogares sin alcantarillado,1.08,0.0906,0.8955,1.2383,0.8509,11083,8.3785,ACEPTABLE,"GEIH 2023 (DANE, catalogo ANDA 782)",
Pereira A.M.,66,2023,Ene-Dic (12 meses),servicios_publicos,Hogares sin energia electrica,0.07,0.0350,0.0145,0.1379,2.0700,11083,53.3526,NO PUBLICAR,"GEIH 2023 (DANE, catalogo ANDA 782)",
Pereira A.M.,66,2023,Ene-Dic (12 meses),servicios_publicos,Hogares sin gas natural conectado a red,7.69,0.2681,7.2153,8.2380,1.1223,11083,3.4866,EXCELENTE,"GEIH 2023 (DANE, catalogo ANDA 782)",
Pereira A.M.,66,2023,Ene-Dic (12 meses),servicios_publicos,Hogares sin recoleccion de basuras,0.01,0.0061,0.0000,0.0213,0.6883,11083,101.2783,NO PUBLICAR,"GEIH 2023 (DANE, catalogo ANDA 782)",
Pereira A.M.,66,2023,Ene-Dic (12 meses),tenencia,Tenencia: En arriendo o subarriendo,53.55,0.5926,52.4245,54.7583,1.5648,5938,1.1067,EXCELENTE,"GEIH 2023 (DANE, catalogo ANDA 782)",
Pereira A.M.,66,2023,Ene-Dic (12 meses),tenencia,Tenencia: En usufructo,13.26,0.3916,12.5970,14.1016,1.4780,1508,2.9541,EXCELENTE,"GEIH 2023 (DANE, catalogo ANDA 782)",
Pereira A.M.,66,2023,Ene-Dic (12 meses),tenencia,Tenencia: Otra,0.02,0.0107,0.0058,0.0442,0.5551,4,46.8605,NO PUBLICAR,"GEIH 2023 (DANE, catalogo ANDA 782)",
Pereira A.M.,66,2023,Ene-Dic (12 meses),tenencia,Tenencia: Posesion sin titulo,1.24,0.1007,1.0440,1.4377,0.9171,168,8.1161,ACEPTABLE,"GEIH 2023 (DANE, catalogo ANDA 782)",
Pereira A.M.,66,2023,Ene-Dic (12 meses),tenencia,"Tenencia: Propia, la estan pagando",4.34,0.2502,3.8696,4.8594,1.6701,478,5.7608,ACEPTABLE,"GEIH 2023 (DANE, catalogo ANDA 782)",
Pereira A.M.,66,2023,Ene-Dic (12 meses),tenencia,"Tenencia: Propia, totalmente pagada",27.32,0.5175,26.2133,28.3705,1.4946,2956,1.8941,EXCELENTE,"GEIH 2023 (DANE, catalogo ANDA 782)",
Pereira A.M.,66,2023,Ene-Dic (12 meses),tenencia,Tenencia: Propiedad colectiva,0.27,0.0603,0.1688,0.3898,1.5175,31,22.6296,PRECAUCION,"GEIH 2023 (DANE, catalogo ANDA 782)",
Pereira A.M.,66,2023,Ene-Dic (12 meses),tenencia,Tenencia: suma de categorias (control),100.0,,,,,11083,,NO_APLICA,"GEIH 2023 (DANE, catalogo ANDA 782)",Control de auditoria: debe ser 100% +/-0.1pp
Pereira A.M.,66,2023,Ene-Dic (12 meses),vivienda_propia_credito,Arriendo imputado (estimado) - P25,450000.0,,,,,5031,,ACEPTABLE,"GEIH 2023 (DANE, catalogo ANDA 782)",31 registro(s) excluidos por valor extremo
Pereira A.M.,66,2023,Ene-Dic (12 meses),vivienda_propia_credito,Arriendo imputado (estimado) - P75,800000.0,,,,,5031,,ACEPTABLE,"GEIH 2023 (DANE, catalogo ANDA 782)",31 registro(s) excluidos por valor extremo
Pereira A.M.,66,2023,Ene-Dic (12 meses),vivienda_propia_credito,Arriendo imputado (estimado) - mediana,600000.0,0.0000,600000.0000,600000.0000,0.0000,5031,0.0000,EXCELENTE,"GEIH 2023 (DANE, catalogo ANDA 782)",31 registro(s) excluidos por valor extremo
Pereira A.M.,66,2023,Ene-Dic (12 meses),vivienda_propia_credito,Arriendo imputado (estimado) - promedio,734884.94,8619.9141,719155.3656,751911.4761,1.1166,5031,1.1730,EXCELENTE,"GEIH 2023 (DANE, catalogo ANDA 782)",31 registro(s) excluidos por valor extremo
Pereira A.M.,66,2023,Ene-Dic (12 meses),vivienda_propia_credito,Cuota hipotecaria mensual - P25,380000.0,,,,,469,,ACEPTABLE,"GEIH 2023 (DANE, catalogo ANDA 782)",1 registro(s) excluidos por valor extremo
Pereira A.M.,66,2023,Ene-Dic (12 meses),vivienda_propia_credito,Cuota hipotecaria mensual - P75,1000000.0,,,,,469,,ACEPTABLE,"GEIH 2023 (DANE, catalogo ANDA 782)",1 registro(s) excluidos por valor extremo
Pereira A.M.,66,2023,Ene-Dic (12 meses),vivienda_propia_credito,Cuota hipotecaria mensual - mediana,600000.0,31424.0435,538494.4482,666156.9028,1.3001,469,5.2373,ACEPTABLE,"GEIH 2023 (DANE, catalogo ANDA 782)",1 registro(s) excluidos por valor extremo
Pereira A.M.,66,2023,Ene-Dic (12 meses),vivienda_propia_credito,Cuota hipotecaria mensual - promedio,769915.48,29839.2288,718838.5688,833115.4667,1.1722,469,3.8756,EXCELENTE,"GEIH 2023 (DANE, catalogo ANDA 782)",1 registro(s) excluidos por valor extremo
Pereira A.M.,66,2023,Ene-Dic (12 meses),vivienda_propia_credito,Valor estimado de venta de la vivienda - P25,100000000.0,,,,,2782,,ACEPTABLE,"GEIH 2023 (DANE, catalogo ANDA 782)",24 registro(s) excluidos por valor extremo
Pereira A.M.,66,2023,Ene-Dic (12 meses),vivienda_propia_credito,Valor estimado de venta de la vivienda - P75,230000000.0,,,,,2782,,ACEPTABLE,"GEIH 2023 (DANE, catalogo ANDA 782)",24 registro(s) excluidos por valor extremo
Pereira A.M.,66,2023,Ene-Dic (12 meses),vivienda_propia_credito,Valor estimado de venta de la vivienda - mediana,150000000.0,716715.1497,150000000.0000,150000000.0000,0.0545,2782,0.4778,EXCELENTE,"GEIH 2023 (DANE, catalogo ANDA 782)",24 registro(s) excluidos por valor extremo
Pereira A.M.,66,2023,Ene-Dic (12 meses),vivienda_propia_credito,Valor estimado de venta de la vivienda - promedio,188379833.44,3402100.8880,181410093.2122,194831033.7827,1.2277,2782,1.8060,EXCELENTE,"GEIH 2023 (DANE, catalogo ANDA 782)",24 registro(s) excluidos por valor extremo
Pereira A.M.,66,2024,Ene-Dic (12 meses),arriendo,Canon de arriendo mensual - P25,450000.0,,,,,6023,,ACEPTABLE,"GEIH 2024 (DANE, catalogo ANDA 819)",14 registro(s) excluidos por valor extremo
Pereira A.M.,66,2024,Ene-Dic (12 meses),arriendo,Canon de arriendo mensual - P75,750000.0,,,,,6023,,ACEPTABLE,"GEIH 2024 (DANE, catalogo ANDA 819)",14 registro(s) excluidos por valor extremo
Pereira A.M.,66,2024,Ene-Dic (12 meses),arriendo,Canon de arriendo mensual - mediana,600000.0,2072.0038,600000.0000,600000.0000,0.1884,6023,0.3453,EXCELENTE,"GEIH 2024 (DANE, catalogo ANDA 819)",14 registro(s) excluidos por valor extremo
Pereira A.M.,66,2024,Ene-Dic (12 meses),arriendo,Canon de arriendo mensual - promedio,674860.79,5309.4867,664858.2650,685452.0393,1.2371,6023,0.7868,EXCELENTE,"GEIH 2024 (DANE, catalogo ANDA 819)",14 registro(s) excluidos por valor extremo
Pereira A.M.,66,2024,Ene-Dic (12 meses),deficit_habitacional,Deficit habitacional cualitativo,ND - pendiente Fase 2 (ECV),,,,,0,,ND,ECV (fuera de alcance Fase 1),ND - pendiente Fase 2 (ECV): fuente fuera de alcance de Fase 1
Pereira A.M.,66,2024,Ene-Dic (12 meses),deficit_habitacional,Deficit habitacional cuantitativo,ND - pendiente Fase 2 (ECV),,,,,0,,ND,ECV (fuera de alcance Fase 1),ND - pendiente Fase 2 (ECV): fuente fuera de alcance de Fase 1
Pereira A.M.,66,2024,Ene-Dic (12 meses),deficit_habitacional,Distribucion por estrato socioeconomico,ND - pendiente Fase 2 (ECV),,,,,0,,ND,ECV (fuera de alcance Fase 1),ND - pendiente Fase 2 (ECV): fuente fuera de alcance de Fase 1
Pereira A.M.,66,2024,Ene-Dic (12 meses),esfuerzo_financiero,Arrendatarios que destinan >30% del ingreso al arriendo,38.62,,,,,5979,,ACEPTABLE,"Pobreza Monetaria 2024 (DANE, catalogo ANDA 874)",sobrecarga (>30%)
Pereira A.M.,66,2024,Ene-Dic (12 meses),esfuerzo_financiero,Arrendatarios que destinan >50% del ingreso al arriendo,13.65,,,,,5979,,ACEPTABLE,"Pobreza Monetaria 2024 (DANE, catalogo ANDA 874)",sobrecarga severa (>50%)
Pereira A.M.,66,2024,Ene-Dic (12 meses),esfuerzo_financiero,Arriendo/ingreso del hogar (mediana),25.39,,,,,5979,,ACEPTABLE,"Pobreza Monetaria 2024 (DANE, catalogo ANDA 874)",Merge con 99.6% de coincidencia
Pereira A.M.,66,2024,Ene-Dic (12 meses),hacinamiento,Hogares con hacinamiento (>3 personas/cuarto para dormir),0.97,0.1293,0.7430,1.2537,1.9715,11356,13.3010,ACEPTABLE,"GEIH 2024 (DANE, catalogo ANDA 819)","Umbral >3 sobre CUARTOS PARA DORMIR (P5010), no cuartos totales"
Pereira A.M.,66,2024,Ene-Dic (12 meses),hacinamiento,Hogares con hacinamiento critico NBI (>3 personas/cuarto TOTAL),0.14,,,,,11356,,NO PUBLICAR,"GEIH 2024 (DANE, catalogo ANDA 819)",Definicion oficial DANE-NBI (cuartos totales incl. sala-comedor)
Pereira A.M.,66,2024,Ene-Dic (12 meses),hacinamiento,Personas por cuarto para dormir - mediana,1.33,,,,,11356,,ACEPTABLE,"GEIH 2024 (DANE, catalogo ANDA 819)",
Pereira A.M.,66,2024,Ene-Dic (12 meses),hacinamiento,Personas por cuarto para dormir - promedio,1.44,0.0063,1.4292,1.4538,1.4509,11356,0.4391,EXCELENTE,"GEIH 2024 (DANE, catalogo ANDA 819)",
Pereira A.M.,66,2024,Ene-Dic (12 meses),ingreso_pobreza,% arrendatarios en pobreza monetaria,26.11,,,,,6047,,ACEPTABLE,"Pobreza Monetaria 2024 (DANE, catalogo ANDA 874)",
Pereira A.M.,66,2024,Ene-Dic (12 meses),ingreso_pobreza,% hogares no pobres que viven en arriendo,49.39,,,,,9458,,ACEPTABLE,"Pobreza Monetaria 2024 (DANE, catalogo ANDA 874)",
Pereira A.M.,66,2024,Ene-Dic (12 meses),ingreso_pobreza,% hogares pobres que viven en arriendo,71.08,,,,,1898,,ACEPTABLE,"Pobreza Monetaria 2024 (DANE, catalogo ANDA 874)",
Pereira A.M.,66,2024,Ene-Dic (12 meses),ingreso_pobreza,% propietarios en pobreza monetaria,9.11,,,,,3845,,ACEPTABLE,"Pobreza Monetaria 2024 (DANE, catalogo ANDA 874)",
Pereira A.M.,66,2024,Ene-Dic (12 meses),ingreso_pobreza,Brecha de ingreso propietarios vs arrendatarios,28.45,,,,,0,,NO_APLICA,"Pobreza Monetaria 2024 (DANE, catalogo ANDA 874)",(+) = propietarios ganan mas; calculado sobre medianas ponderadas
Pereira A.M.,66,2024,Ene-Dic (12 meses),ingreso_pobreza,Ingreso mediano hogares arrendatarios,2264540.75,,,,,6002,,ACEPTABLE,"Pobreza Monetaria 2024 (DANE, catalogo ANDA 874)",ingtotug = ingreso total unidad de gasto SIN imputar arriendo
Pereira A.M.,66,2024,Ene-Dic (12 meses),ingreso_pobreza,Ingreso mediano hogares propietarios,2908713.7,,,,,3824,,ACEPTABLE,"Pobreza Monetaria 2024 (DANE, catalogo ANDA 874)",ingtotug = ingreso total unidad de gasto SIN imputar arriendo
Pereira A.M.,66,2024,Ene-Dic (12 meses),servicios_publicos,Hogares sin acueducto,0.13,0.0300,0.0745,0.1942,0.8055,11356,23.6472,PRECAUCION,"GEIH 2024 (DANE, catalogo ANDA 819)",
Pereira A.M.,66,2024,Ene-Dic (12 meses),servicios_publicos,Hogares sin alcantarillado,0.34,0.0540,0.2439,0.4547,0.9659,11356,15.6910,PRECAUCION,"GEIH 2024 (DANE, catalogo ANDA 819)",
Pereira A.M.,66,2024,Ene-Dic (12 meses),servicios_publicos,Hogares sin energia electrica,0.05,0.0163,0.0162,0.0800,0.6605,11356,35.6251,NO PUBLICAR,"GEIH 2024 (DANE, catalogo ANDA 819)",
Pereira A.M.,66,2024,Ene-Dic (12 meses),servicios_publicos,Hogares sin gas natural conectado a red,6.73,0.2600,6.2664,7.2752,1.2234,11356,3.8650,EXCELENTE,"GEIH 2024 (DANE, catalogo ANDA 819)",
Pereira A.M.,66,2024,Ene-Dic (12 meses),servicios_publicos,Hogares sin recoleccion de basuras,0.1,0.0294,0.0471,0.1651,0.9967,11356,29.8318,NO PUBLICAR,"GEIH 2024 (DANE, catalogo ANDA 819)",
Pereira A.M.,66,2024,Ene-Dic (12 meses),tenencia,Tenencia: En arriendo o subarriendo,53.66,0.6089,52.4525,54.8037,1.6934,6047,1.1347,EXCELENTE,"GEIH 2024 (DANE, catalogo ANDA 819)",
Pereira A.M.,66,2024,Ene-Dic (12 meses),tenencia,Tenencia: En usufructo,11.14,0.3782,10.3171,11.8164,1.6409,1223,3.3948,EXCELENTE,"GEIH 2024 (DANE, catalogo ANDA 819)",
Pereira A.M.,66,2024,Ene-Dic (12 meses),tenencia,Tenencia: Otra,0.05,0.0214,0.0124,0.0982,0.9575,6,39.3952,NO PUBLICAR,"GEIH 2024 (DANE, catalogo ANDA 819)",
Pereira A.M.,66,2024,Ene-Dic (12 meses),tenencia,Tenencia: Posesion sin titulo,0.91,0.0973,0.7366,1.1072,1.1976,115,10.7401,ACEPTABLE,"GEIH 2024 (DANE, catalogo ANDA 819)",
Pereira A.M.,66,2024,Ene-Dic (12 meses),tenencia,"Tenencia: Propia, la estan pagando",5.15,0.2744,4.6025,5.6648,1.7489,566,5.3232,ACEPTABLE,"GEIH 2024 (DANE, catalogo ANDA 819)",
Pereira A.M.,66,2024,Ene-Dic (12 meses),tenencia,"Tenencia: Propia, totalmente pagada",28.14,0.5244,27.1466,29.1903,1.5444,3279,1.8635,EXCELENTE,"GEIH 2024 (DANE, catalogo ANDA 819)",
Pereira A.M.,66,2024,Ene-Dic (12 meses),tenencia,Tenencia: Propiedad colectiva,0.94,0.0966,0.7308,1.1124,1.1414,120,10.3080,ACEPTABLE,"GEIH 2024 (DANE, catalogo ANDA 819)",
Pereira A.M.,66,2024,Ene-Dic (12 meses),tenencia,Tenencia: suma de categorias (control),100.0,,,,,11356,,NO_APLICA,"GEIH 2024 (DANE, catalogo ANDA 819)",Control de auditoria: debe ser 100% +/-0.1pp
Pereira A.M.,66,2024,Ene-Dic (12 meses),vivienda_propia_credito,Arriendo imputado (estimado) - P25,500000.0,,,,,5182,,ACEPTABLE,"GEIH 2024 (DANE, catalogo ANDA 819)",33 registro(s) excluidos por valor extremo
Pereira A.M.,66,2024,Ene-Dic (12 meses),vivienda_propia_credito,Arriendo imputado (estimado) - P75,900000.0,,,,,5182,,ACEPTABLE,"GEIH 2024 (DANE, catalogo ANDA 819)",33 registro(s) excluidos por valor extremo
Pereira A.M.,66,2024,Ene-Dic (12 meses),vivienda_propia_credito,Arriendo imputado (estimado) - mediana,650000.0,25514.0592,600000.0000,650000.0000,8.3573,5182,3.9252,EXCELENTE,"GEIH 2024 (DANE, catalogo ANDA 819)",33 registro(s) excluidos por valor extremo
Pereira A.M.,66,2024,Ene-Dic (12 meses),vivienda_propia_credito,Arriendo imputado (estimado) - promedio,812310.68,11525.8926,791539.8006,837186.6766,1.7055,5182,1.4189,EXCELENTE,"GEIH 2024 (DANE, catalogo ANDA 819)",33 registro(s) excluidos por valor extremo
Pereira A.M.,66,2024,Ene-Dic (12 meses),vivienda_propia_credito,Cuota hipotecaria mensual - P25,434427.52,,,,,556,,ACEPTABLE,"GEIH 2024 (DANE, catalogo ANDA 819)",1 registro(s) excluidos por valor extremo
Pereira A.M.,66,2024,Ene-Dic (12 meses),vivienda_propia_credito,Cuota hipotecaria mensual - P75,928657.54,,,,,556,,ACEPTABLE,"GEIH 2024 (DANE, catalogo ANDA 819)",1 registro(s) excluidos por valor extremo
Pereira A.M.,66,2024,Ene-Dic (12 meses),vivienda_propia_credito,Cuota hipotecaria mensual - mediana,600000.0,23930.7929,550000.0000,650000.0000,0.7580,556,3.9885,EXCELENTE,"GEIH 2024 (DANE, catalogo ANDA 819)",1 registro(s) excluidos por valor extremo
Pereira A.M.,66,2024,Ene-Dic (12 meses),vivienda_propia_credito,Cuota hipotecaria mensual - promedio,787354.62,29486.4689,730358.4625,846046.0510,1.1507,556,3.7450,EXCELENTE,"GEIH 2024 (DANE, catalogo ANDA 819)",1 registro(s) excluidos por valor extremo
Pereira A.M.,66,2024,Ene-Dic (12 meses),vivienda_propia_credito,Valor estimado de venta de la vivienda - P25,110000000.0,,,,,3027,,ACEPTABLE,"GEIH 2024 (DANE, catalogo ANDA 819)",38 registro(s) excluidos por valor extremo
Pereira A.M.,66,2024,Ene-Dic (12 meses),vivienda_propia_credito,Valor estimado de venta de la vivienda - P75,220000000.0,,,,,3027,,ACEPTABLE,"GEIH 2024 (DANE, catalogo ANDA 819)",38 registro(s) excluidos por valor extremo
Pereira A.M.,66,2024,Ene-Dic (12 meses),vivienda_propia_credito,Valor estimado de venta de la vivienda - mediana,165000000.0,2802215.1059,165000000.0000,175000000.0000,1.4208,3027,1.6983,EXCELENTE,"GEIH 2024 (DANE, catalogo ANDA 819)",38 registro(s) excluidos por valor extremo
Pereira A.M.,66,2024,Ene-Dic (12 meses),vivienda_propia_credito,Valor estimado de venta de la vivienda - promedio,191411775.82,2688765.1718,186371922.6618,196939055.2030,1.3081,3027,1.4047,EXCELENTE,"GEIH 2024 (DANE, catalogo ANDA 819)",38 registro(s) excluidos por valor extremo
Pereira A.M.,66,2025,Ene-Dic (12 meses),arriendo,Canon de arriendo mensual - P25,500000.0,,,,,6116,,ACEPTABLE,"GEIH 2025 (DANE, catalogo ANDA 853)",22 registro(s) excluidos por valor extremo
Pereira A.M.,66,2025,Ene-Dic (12 meses),arriendo,Canon de arriendo mensual - P75,800000.0,,,,,6116,,ACEPTABLE,"GEIH 2025 (DANE, catalogo ANDA 853)",22 registro(s) excluidos por valor extremo
Pereira A.M.,66,2025,Ene-Dic (12 meses),arriendo,Canon de arriendo mensual - mediana,600000.0,5091.1217,600000.0000,620000.0000,1.1977,6116,0.8485,EXCELENTE,"GEIH 2025 (DANE, catalogo ANDA 853)",22 registro(s) excluidos por valor extremo
Pereira A.M.,66,2025,Ene-Dic (12 meses),arriendo,Canon de arriendo mensual - promedio,708735.93,5428.4126,698588.1944,719445.6397,1.3616,6116,0.7659,EXCELENTE,"GEIH 2025 (DANE, catalogo ANDA 853)",22 registro(s) excluidos por valor extremo
Pereira A.M.,66,2025,Ene-Dic (12 meses),deficit_habitacional,Deficit habitacional cualitativo,ND - pendiente Fase 2 (ECV),,,,,0,,ND,ECV (fuera de alcance Fase 1),ND - pendiente Fase 2 (ECV): fuente fuera de alcance de Fase 1
Pereira A.M.,66,2025,Ene-Dic (12 meses),deficit_habitacional,Deficit habitacional cuantitativo,ND - pendiente Fase 2 (ECV),,,,,0,,ND,ECV (fuera de alcance Fase 1),ND - pendiente Fase 2 (ECV): fuente fuera de alcance de Fase 1
Pereira A.M.,66,2025,Ene-Dic (12 meses),deficit_habitacional,Distribucion por estrato socioeconomico,ND - pendiente Fase 2 (ECV),,,,,0,,ND,ECV (fuera de alcance Fase 1),ND - pendiente Fase 2 (ECV): fuente fuera de alcance de Fase 1
Pereira A.M.,66,2025,Ene-Dic (12 meses),esfuerzo_financiero,Arrendatarios que destinan >30% del ingreso al arriendo,36.46,,,,,6085,,ACEPTABLE,"Pobreza Monetaria 2025 (DANE, catalogo ANDA 908)",sobrecarga (>30%)
Pereira A.M.,66,2025,Ene-Dic (12 meses),esfuerzo_financiero,Arrendatarios que destinan >50% del ingreso al arriendo,11.53,,,,,6085,,ACEPTABLE,"Pobreza Monetaria 2025 (DANE, catalogo ANDA 908)",sobrecarga severa (>50%)
Pereira A.M.,66,2025,Ene-Dic (12 meses),esfuerzo_financiero,Arriendo/ingreso del hogar (mediana),24.08,,,,,6085,,ACEPTABLE,"Pobreza Monetaria 2025 (DANE, catalogo ANDA 908)",Merge con 99.6% de coincidencia
Pereira A.M.,66,2025,Ene-Dic (12 meses),hacinamiento,Hogares con hacinamiento (>3 personas/cuarto para dormir),0.46,0.0783,0.3196,0.6149,1.5027,11179,17.0984,PRECAUCION,"GEIH 2025 (DANE, catalogo ANDA 853)","Umbral >3 sobre CUARTOS PARA DORMIR (P5010), no cuartos totales"
Pereira A.M.,66,2025,Ene-Dic (12 meses),hacinamiento,Hogares con hacinamiento critico NBI (>3 personas/cuarto TOTAL),0.14,,,,,11179,,NO PUBLICAR,"GEIH 2025 (DANE, catalogo ANDA 853)",Definicion oficial DANE-NBI (cuartos totales incl. sala-comedor)
Pereira A.M.,66,2025,Ene-Dic (12 meses),hacinamiento,Personas por cuarto para dormir - mediana,1.33,,,,,11179,,ACEPTABLE,"GEIH 2025 (DANE, catalogo ANDA 853)",
Pereira A.M.,66,2025,Ene-Dic (12 meses),hacinamiento,Personas por cuarto para dormir - promedio,1.42,0.0070,1.4057,1.4325,1.9630,11179,0.4902,EXCELENTE,"GEIH 2025 (DANE, catalogo ANDA 853)",
Pereira A.M.,66,2025,Ene-Dic (12 meses),ingreso_pobreza,% arrendatarios en pobreza monetaria,20.11,,,,,6140,,ACEPTABLE,"Pobreza Monetaria 2025 (DANE, catalogo ANDA 908)",
Pereira A.M.,66,2025,Ene-Dic (12 meses),ingreso_pobreza,% hogares no pobres que viven en arriendo,52.69,,,,,9463,,ACEPTABLE,"Pobreza Monetaria 2025 (DANE, catalogo ANDA 908)",
Pereira A.M.,66,2025,Ene-Dic (12 meses),ingreso_pobreza,% hogares pobres que viven en arriendo,68.7,,,,,1716,,ACEPTABLE,"Pobreza Monetaria 2025 (DANE, catalogo ANDA 908)",
Pereira A.M.,66,2025,Ene-Dic (12 meses),ingreso_pobreza,% propietarios en pobreza monetaria,7.25,,,,,3431,,ACEPTABLE,"Pobreza Monetaria 2025 (DANE, catalogo ANDA 908)",
Pereira A.M.,66,2025,Ene-Dic (12 meses),ingreso_pobreza,Brecha de ingreso propietarios vs arrendatarios,24.26,,,,,0,,NO_APLICA,"Pobreza Monetaria 2025 (DANE, catalogo ANDA 908)",(+) = propietarios ganan mas; calculado sobre medianas ponderadas
Pereira A.M.,66,2025,Ene-Dic (12 meses),ingreso_pobreza,Ingreso mediano hogares arrendatarios,2633333.33,,,,,6109,,ACEPTABLE,"Pobreza Monetaria 2025 (DANE, catalogo ANDA 908)",ingtotug = ingreso total unidad de gasto SIN imputar arriendo
Pereira A.M.,66,2025,Ene-Dic (12 meses),ingreso_pobreza,Ingreso mediano hogares propietarios,3272271.5,,,,,3413,,ACEPTABLE,"Pobreza Monetaria 2025 (DANE, catalogo ANDA 908)",ingtotug = ingreso total unidad de gasto SIN imputar arriendo
Pereira A.M.,66,2025,Ene-Dic (12 meses),servicios_publicos,Hogares sin acueducto,0.36,0.0875,0.2082,0.5628,2.3875,11179,24.3177,PRECAUCION,"GEIH 2025 (DANE, catalogo ANDA 853)",
Pereira A.M.,66,2025,Ene-Dic (12 meses),servicios_publicos,Hogares sin alcantarillado,0.96,0.1173,0.7463,1.2163,1.6094,11179,12.1587,ACEPTABLE,"GEIH 2025 (DANE, catalogo ANDA 853)",
Pereira A.M.,66,2025,Ene-Dic (12 meses),servicios_publicos,Hogares sin energia electrica,0.1,0.0459,0.0228,0.1869,2.4379,11179,47.4782,NO PUBLICAR,"GEIH 2025 (DANE, catalogo ANDA 853)",
Pereira A.M.,66,2025,Ene-Dic (12 meses),servicios_publicos,Hogares sin gas natural conectado a red,6.79,0.2480,6.3345,7.2679,1.0861,11179,3.6508,EXCELENTE,"GEIH 2025 (DANE, catalogo ANDA 853)",
Pereira A.M.,66,2025,Ene-Dic (12 meses),servicios_publicos,Hogares sin recoleccion de basuras,0.21,0.0508,0.1245,0.3238,1.3536,11179,23.7850,PRECAUCION,"GEIH 2025 (DANE, catalogo ANDA 853)",
Pereira A.M.,66,2025,Ene-Dic (12 meses),tenencia,Tenencia: En arriendo o subarriendo,55.28,0.5906,54.0248,56.3676,1.5773,6140,1.0684,EXCELENTE,"GEIH 2025 (DANE, catalogo ANDA 853)",
Pereira A.M.,66,2025,Ene-Dic (12 meses),tenencia,Tenencia: En usufructo,10.57,0.3453,9.9314,11.2405,1.4093,1251,3.2651,EXCELENTE,"GEIH 2025 (DANE, catalogo ANDA 853)",
Pereira A.M.,66,2025,Ene-Dic (12 meses),tenencia,Tenencia: Otra,0.02,0.0126,0.0048,0.0537,0.7204,4,50.9751,NO PUBLICAR,"GEIH 2025 (DANE, catalogo ANDA 853)",
Pereira A.M.,66,2025,Ene-Dic (12 meses),tenencia,Tenencia: Posesion sin titulo,1.15,0.1154,0.9238,1.3414,1.3121,154,10.0540,ACEPTABLE,"GEIH 2025 (DANE, catalogo ANDA 853)",
Pereira A.M.,66,2025,Ene-Dic (12 meses),tenencia,"Tenencia: Propia, la estan pagando",5.13,0.3085,4.5921,5.7444,2.1856,435,6.0128,ACEPTABLE,"GEIH 2025 (DANE, catalogo ANDA 853)",
Pereira A.M.,66,2025,Ene-Dic (12 meses),tenencia,"Tenencia: Propia, totalmente pagada",26.15,0.5355,25.1157,27.1524,1.6601,2996,2.0478,EXCELENTE,"GEIH 2025 (DANE, catalogo ANDA 853)",
Pereira A.M.,66,2025,Ene-Dic (12 meses),tenencia,Tenencia: Propiedad colectiva,1.69,0.1362,1.4397,1.9668,1.2462,199,8.0468,ACEPTABLE,"GEIH 2025 (DANE, catalogo ANDA 853)",
Pereira A.M.,66,2025,Ene-Dic (12 meses),tenencia,Tenencia: suma de categorias (control),100.0,,,,,11179,,NO_APLICA,"GEIH 2025 (DANE, catalogo ANDA 853)",Control de auditoria: debe ser 100% +/-0.1pp
Pereira A.M.,66,2025,Ene-Dic (12 meses),vivienda_propia_credito,Arriendo imputado (estimado) - P25,500000.0,,,,,4969,,ACEPTABLE,"GEIH 2025 (DANE, catalogo ANDA 853)",35 registro(s) excluidos por valor extremo
Pereira A.M.,66,2025,Ene-Dic (12 meses),vivienda_propia_credito,Arriendo imputado (estimado) - P75,1000000.0,,,,,4969,,ACEPTABLE,"GEIH 2025 (DANE, catalogo ANDA 853)",35 registro(s) excluidos por valor extremo
Pereira A.M.,66,2025,Ene-Dic (12 meses),vivienda_propia_credito,Arriendo imputado (estimado) - mediana,700000.0,0.0000,700000.0000,700000.0000,0.0000,4969,0.0000,EXCELENTE,"GEIH 2025 (DANE, catalogo ANDA 853)",35 registro(s) excluidos por valor extremo
Pereira A.M.,66,2025,Ene-Dic (12 meses),vivienda_propia_credito,Arriendo imputado (estimado) - promedio,881086.45,11849.4194,859864.5715,902428.7104,1.3022,4969,1.3449,EXCELENTE,"GEIH 2025 (DANE, catalogo ANDA 853)",35 registro(s) excluidos por valor extremo
Pereira A.M.,66,2025,Ene-Dic (12 meses),vivienda_propia_credito,Cuota hipotecaria mensual - P25,411088.61,,,,,431,,ACEPTABLE,"GEIH 2025 (DANE, catalogo ANDA 853)",4 registro(s) excluidos por valor extremo
Pereira A.M.,66,2025,Ene-Dic (12 meses),vivienda_propia_credito,Cuota hipotecaria mensual - P75,1100000.0,,,,,431,,ACEPTABLE,"GEIH 2025 (DANE, catalogo ANDA 853)",4 registro(s) excluidos por valor extremo
Pereira A.M.,66,2025,Ene-Dic (12 meses),vivienda_propia_credito,Cuota hipotecaria mensual - mediana,700000.0,50180.0282,600000.0000,800000.0000,1.1800,431,7.1686,ACEPTABLE,"GEIH 2025 (DANE, catalogo ANDA 853)",4 registro(s) excluidos por valor extremo
Pereira A.M.,66,2025,Ene-Dic (12 meses),vivienda_propia_credito,Cuota hipotecaria mensual - promedio,947777.36,50040.8536,852021.2853,1052621.4903,1.1735,431,5.2798,ACEPTABLE,"GEIH 2025 (DANE, catalogo ANDA 853)",4 registro(s) excluidos por valor extremo
Pereira A.M.,66,2025,Ene-Dic (12 meses),vivienda_propia_credito,Valor estimado de venta de la vivienda - P25,122173717.43,,,,,2895,,ACEPTABLE,"GEIH 2025 (DANE, catalogo ANDA 853)",21 registro(s) excluidos por valor extremo
Pereira A.M.,66,2025,Ene-Dic (12 meses),vivienda_propia_credito,Valor estimado de venta de la vivienda - P75,250000000.0,,,,,2895,,ACEPTABLE,"GEIH 2025 (DANE, catalogo ANDA 853)",21 registro(s) excluidos por valor extremo
Pereira A.M.,66,2025,Ene-Dic (12 meses),vivienda_propia_credito,Valor estimado de venta de la vivienda - mediana,180000000.0,863446.9823,180000000.0000,180000000.0000,0.1027,2895,0.4797,EXCELENTE,"GEIH 2025 (DANE, catalogo ANDA 853)",21 registro(s) excluidos por valor extremo
Pereira A.M.,66,2025,Ene-Dic (12 meses),vivienda_propia_credito,Valor estimado de venta de la vivienda - promedio,214481939.48,3151171.3507,207894736.2379,220815080.9633,1.3680,2895,1.4692,EXCELENTE,"GEIH 2025 (DANE, catalogo ANDA 853)",21 registro(s) excluidos por valor extremo
Pereira A.M.,66,2026*,Ene-Jun (parcial),arriendo,Canon de arriendo mensual - P25,550000.0,,,,,3190,,ACEPTABLE,"GEIH 2026 Ene-Jun (DANE, catalogo ANDA 900)",17 registro(s) excluidos por valor extremo
Pereira A.M.,66,2026*,Ene-Jun (parcial),arriendo,Canon de arriendo mensual - P75,950000.0,,,,,3190,,ACEPTABLE,"GEIH 2026 Ene-Jun (DANE, catalogo ANDA 900)",17 registro(s) excluidos por valor extremo
Pereira A.M.,66,2026*,Ene-Jun (parcial),arriendo,Canon de arriendo mensual - mediana,700000.0,0.0000,700000.0000,700000.0000,0.0000,3190,0.0000,EXCELENTE,"GEIH 2026 Ene-Jun (DANE, catalogo ANDA 900)",17 registro(s) excluidos por valor extremo
Pereira A.M.,66,2026*,Ene-Jun (parcial),arriendo,Canon de arriendo mensual - promedio,817513.88,9374.1421,799509.1589,835936.1263,1.4938,3190,1.1467,EXCELENTE,"GEIH 2026 Ene-Jun (DANE, catalogo ANDA 900)",17 registro(s) excluidos por valor extremo
Pereira A.M.,66,2026*,Ene-Jun (parcial),deficit_habitacional,Deficit habitacional cualitativo,ND - pendiente Fase 2 (ECV),,,,,0,,ND,ECV (fuera de alcance Fase 1),ND - pendiente Fase 2 (ECV): fuente fuera de alcance de Fase 1
Pereira A.M.,66,2026*,Ene-Jun (parcial),deficit_habitacional,Deficit habitacional cuantitativo,ND - pendiente Fase 2 (ECV),,,,,0,,ND,ECV (fuera de alcance Fase 1),ND - pendiente Fase 2 (ECV): fuente fuera de alcance de Fase 1
Pereira A.M.,66,2026*,Ene-Jun (parcial),deficit_habitacional,Distribucion por estrato socioeconomico,ND - pendiente Fase 2 (ECV),,,,,0,,ND,ECV (fuera de alcance Fase 1),ND - pendiente Fase 2 (ECV): fuente fuera de alcance de Fase 1
Pereira A.M.,66,2026*,Ene-Jun (parcial),esfuerzo_financiero,Arrendatarios que destinan >30% del ingreso al arriendo,ND,,,,,0,,ND,ND - DANE no publica Pobreza Monetaria 2026,DANE no publica Medicion de Pobreza Monetaria y Desigualdad 2026 (requiere año calendario completo); no se calcula ni se extrapola
Pereira A.M.,66,2026*,Ene-Jun (parcial),esfuerzo_financiero,Arrendatarios que destinan >50% del ingreso al arriendo,ND,,,,,0,,ND,ND - DANE no publica Pobreza Monetaria 2026,DANE no publica Medicion de Pobreza Monetaria y Desigualdad 2026 (requiere año calendario completo); no se calcula ni se extrapola
Pereira A.M.,66,2026*,Ene-Jun (parcial),esfuerzo_financiero,Arriendo/ingreso del hogar (mediana),ND,,,,,0,,ND,ND - DANE no publica Pobreza Monetaria 2026,DANE no publica Medicion de Pobreza Monetaria y Desigualdad 2026 (requiere año calendario completo); no se calcula ni se extrapola
Pereira A.M.,66,2026*,Ene-Jun (parcial),hacinamiento,Hogares con hacinamiento (>3 personas/cuarto para dormir),0.76,0.1703,0.4870,1.1450,2.1395,5581,22.3410,PRECAUCION,"GEIH 2026 Ene-Jun (DANE, catalogo ANDA 900)","Umbral >3 sobre CUARTOS PARA DORMIR (P5010), no cuartos totales"
Pereira A.M.,66,2026*,Ene-Jun (parcial),hacinamiento,Hogares con hacinamiento critico NBI (>3 personas/cuarto TOTAL),0.2,,,,,5581,,NO PUBLICAR,"GEIH 2026 Ene-Jun (DANE, catalogo ANDA 900)",Definicion oficial DANE-NBI (cuartos totales incl. sala-comedor)
Pereira A.M.,66,2026*,Ene-Jun (parcial),hacinamiento,Personas por cuarto para dormir - mediana,1.33,,,,,5581,,ACEPTABLE,"GEIH 2026 Ene-Jun (DANE, catalogo ANDA 900)",
Pereira A.M.,66,2026*,Ene-Jun (parcial),hacinamiento,Personas por cuarto para dormir - promedio,1.41,0.0099,1.3886,1.4272,1.8539,5581,0.6994,EXCELENTE,"GEIH 2026 Ene-Jun (DANE, catalogo ANDA 900)",
Pereira A.M.,66,2026*,Ene-Jun (parcial),ingreso_pobreza,% arrendatarios en pobreza monetaria,ND,,,,,0,,ND,ND - DANE no publica Pobreza Monetaria 2026,DANE no publica Medicion de Pobreza Monetaria y Desigualdad 2026 (requiere año calendario completo); no se calcula ni se extrapola
Pereira A.M.,66,2026*,Ene-Jun (parcial),ingreso_pobreza,% hogares no pobres que viven en arriendo,ND,,,,,0,,ND,ND - DANE no publica Pobreza Monetaria 2026,DANE no publica Medicion de Pobreza Monetaria y Desigualdad 2026 (requiere año calendario completo); no se calcula ni se extrapola
Pereira A.M.,66,2026*,Ene-Jun (parcial),ingreso_pobreza,% hogares pobres que viven en arriendo,ND,,,,,0,,ND,ND - DANE no publica Pobreza Monetaria 2026,DANE no publica Medicion de Pobreza Monetaria y Desigualdad 2026 (requiere año calendario completo); no se calcula ni se extrapola
Pereira A.M.,66,2026*,Ene-Jun (parcial),ingreso_pobreza,% propietarios en pobreza monetaria,ND,,,,,0,,ND,ND - DANE no publica Pobreza Monetaria 2026,DANE no publica Medicion de Pobreza Monetaria y Desigualdad 2026 (requiere año calendario completo); no se calcula ni se extrapola
Pereira A.M.,66,2026*,Ene-Jun (parcial),ingreso_pobreza,Brecha de ingreso propietarios vs arrendatarios,ND,,,,,0,,ND,ND - DANE no publica Pobreza Monetaria 2026,DANE no publica Medicion de Pobreza Monetaria y Desigualdad 2026 (requiere año calendario completo); no se calcula ni se extrapola
Pereira A.M.,66,2026*,Ene-Jun (parcial),ingreso_pobreza,Ingreso mediano hogares arrendatarios,ND,,,,,0,,ND,ND - DANE no publica Pobreza Monetaria 2026,DANE no publica Medicion de Pobreza Monetaria y Desigualdad 2026 (requiere año calendario completo); no se calcula ni se extrapola
Pereira A.M.,66,2026*,Ene-Jun (parcial),ingreso_pobreza,Ingreso mediano hogares propietarios,ND,,,,,0,,ND,ND - DANE no publica Pobreza Monetaria 2026,DANE no publica Medicion de Pobreza Monetaria y Desigualdad 2026 (requiere año calendario completo); no se calcula ni se extrapola
Pereira A.M.,66,2026*,Ene-Jun (parcial),servicios_publicos,Hogares sin acueducto,0.11,0.0380,0.0483,0.1894,0.7131,5581,33.6265,NO PUBLICAR,"GEIH 2026 Ene-Jun (DANE, catalogo ANDA 900)",
Pereira A.M.,66,2026*,Ene-Jun (parcial),servicios_publicos,Hogares sin alcantarillado,1.07,0.1281,0.8191,1.3215,0.8673,5581,12.0046,ACEPTABLE,"GEIH 2026 Ene-Jun (DANE, catalogo ANDA 900)",
Pereira A.M.,66,2026*,Ene-Jun (parcial),servicios_publicos,Hogares sin energia electrica,0.0,0.0000,0.0000,0.0000,,5581,,ACEPTABLE,"GEIH 2026 Ene-Jun (DANE, catalogo ANDA 900)",
Pereira A.M.,66,2026*,Ene-Jun (parcial),servicios_publicos,Hogares sin gas natural conectado a red,5.31,0.3159,4.7071,5.8547,1.1077,5581,5.9496,ACEPTABLE,"GEIH 2026 Ene-Jun (DANE, catalogo ANDA 900)",
Pereira A.M.,66,2026*,Ene-Jun (parcial),servicios_publicos,Hogares sin recoleccion de basuras,0.01,0.0117,0.0000,0.0375,0.6161,5581,94.3250,NO PUBLICAR,"GEIH 2026 Ene-Jun (DANE, catalogo ANDA 900)",
Pereira A.M.,66,2026*,Ene-Jun (parcial),tenencia,Tenencia: En arriendo o subarriendo,57.02,0.8246,55.4826,58.5874,1.5486,3210,1.4463,EXCELENTE,"GEIH 2026 Ene-Jun (DANE, catalogo ANDA 900)",
Pereira A.M.,66,2026*,Ene-Jun (parcial),tenencia,Tenencia: En usufructo,10.92,0.5006,9.8913,11.7995,1.4377,635,4.5838,EXCELENTE,"GEIH 2026 Ene-Jun (DANE, catalogo ANDA 900)",
Pereira A.M.,66,2026*,Ene-Jun (parcial),tenencia,Tenencia: Otra,0.0,0.0000,0.0000,0.0000,,0,,ACEPTABLE,"GEIH 2026 Ene-Jun (DANE, catalogo ANDA 900)",
Pereira A.M.,66,2026*,Ene-Jun (parcial),tenencia,Tenencia: Posesion sin titulo,1.1,0.1552,0.8021,1.4186,1.2375,74,14.1291,ACEPTABLE,"GEIH 2026 Ene-Jun (DANE, catalogo ANDA 900)",
Pereira A.M.,66,2026*,Ene-Jun (parcial),tenencia,"Tenencia: Propia, la estan pagando",4.62,0.3638,3.9163,5.3308,1.6769,245,7.8772,ACEPTABLE,"GEIH 2026 Ene-Jun (DANE, catalogo ANDA 900)",
Pereira A.M.,66,2026*,Ene-Jun (parcial),tenencia,"Tenencia: Propia, totalmente pagada",25.55,0.6687,24.1718,26.8080,1.3121,1367,2.6172,EXCELENTE,"GEIH 2026 Ene-Jun (DANE, catalogo ANDA 900)",
Pereira A.M.,66,2026*,Ene-Jun (parcial),tenencia,Tenencia: Propiedad colectiva,0.79,0.1341,0.5526,1.0595,1.2727,50,16.8717,PRECAUCION,"GEIH 2026 Ene-Jun (DANE, catalogo ANDA 900)",
Pereira A.M.,66,2026*,Ene-Jun (parcial),tenencia,Tenencia: suma de categorias (control),100.0,,,,,5581,,NO_APLICA,"GEIH 2026 Ene-Jun (DANE, catalogo ANDA 900)",Control de auditoria: debe ser 100% +/-0.1pp
Pereira A.M.,66,2026*,Ene-Jun (parcial),vivienda_propia_credito,Arriendo imputado (estimado) - P25,600000.0,,,,,2353,,ACEPTABLE,"GEIH 2026 Ene-Jun (DANE, catalogo ANDA 900)",14 registro(s) excluidos por valor extremo
Pereira A.M.,66,2026*,Ene-Jun (parcial),vivienda_propia_credito,Arriendo imputado (estimado) - P75,1200000.0,,,,,2353,,ACEPTABLE,"GEIH 2026 Ene-Jun (DANE, catalogo ANDA 900)",14 registro(s) excluidos por valor extremo
Pereira A.M.,66,2026*,Ene-Jun (parcial),vivienda_propia_credito,Arriendo imputado (estimado) - mediana,800000.0,0.0000,800000.0000,800000.0000,0.0000,2353,0.0000,EXCELENTE,"GEIH 2026 Ene-Jun (DANE, catalogo ANDA 900)",14 registro(s) excluidos por valor extremo
Pereira A.M.,66,2026*,Ene-Jun (parcial),vivienda_propia_credito,Arriendo imputado (estimado) - promedio,1044623.2,19944.3167,1009451.2464,1083078.7438,1.3073,2353,1.9092,EXCELENTE,"GEIH 2026 Ene-Jun (DANE, catalogo ANDA 900)",14 registro(s) excluidos por valor extremo
Pereira A.M.,66,2026*,Ene-Jun (parcial),vivienda_propia_credito,Cuota hipotecaria mensual - P25,500000.0,,,,,243,,ACEPTABLE,"GEIH 2026 Ene-Jun (DANE, catalogo ANDA 900)",1 registro(s) excluidos por valor extremo
Pereira A.M.,66,2026*,Ene-Jun (parcial),vivienda_propia_credito,Cuota hipotecaria mensual - P75,1300000.0,,,,,243,,ACEPTABLE,"GEIH 2026 Ene-Jun (DANE, catalogo ANDA 900)",1 registro(s) excluidos por valor extremo
Pereira A.M.,66,2026*,Ene-Jun (parcial),vivienda_propia_credito,Cuota hipotecaria mensual - mediana,800000.0,62561.8239,670000.0000,900000.0000,1.0772,243,7.8202,ACEPTABLE,"GEIH 2026 Ene-Jun (DANE, catalogo ANDA 900)",1 registro(s) excluidos por valor extremo
Pereira A.M.,66,2026*,Ene-Jun (parcial),vivienda_propia_credito,Cuota hipotecaria mensual - promedio,1082615.25,70862.1058,948369.2811,1216585.5007,1.3820,243,6.5455,ACEPTABLE,"GEIH 2026 Ene-Jun (DANE, catalogo ANDA 900)",1 registro(s) excluidos por valor extremo
Pereira A.M.,66,2026*,Ene-Jun (parcial),vivienda_propia_credito,Valor estimado de venta de la vivienda - P25,150000000.0,,,,,1477,,ACEPTABLE,"GEIH 2026 Ene-Jun (DANE, catalogo ANDA 900)",7 registro(s) excluidos por valor extremo
Pereira A.M.,66,2026*,Ene-Jun (parcial),vivienda_propia_credito,Valor estimado de venta de la vivienda - P75,300000000.0,,,,,1477,,ACEPTABLE,"GEIH 2026 Ene-Jun (DANE, catalogo ANDA 900)",7 registro(s) excluidos por valor extremo
Pereira A.M.,66,2026*,Ene-Jun (parcial),vivienda_propia_credito,Valor estimado de venta de la vivienda - mediana,200000000.0,4424481.9986,200000000.0000,220000000.0000,0.5918,1477,2.2122,EXCELENTE,"GEIH 2026 Ene-Jun (DANE, catalogo ANDA 900)",7 registro(s) excluidos por valor extremo
Pereira A.M.,66,2026*,Ene-Jun (parcial),vivienda_propia_credito,Valor estimado de venta de la vivienda - promedio,253976053.18,7443227.8432,240883193.2037,269345505.6986,1.6747,1477,2.9307,EXCELENTE,"GEIH 2026 Ene-Jun (DANE, catalogo ANDA 900)",7 registro(s) excluidos por valor extremo
Popayán,19,2023,Ene-Dic (12 meses),arriendo,Canon de arriendo mensual - P25,350000.0,,,,,3659,,ACEPTABLE,"GEIH 2023 (DANE, catalogo ANDA 782)",12 registro(s) excluidos por valor extremo
Popayán,19,2023,Ene-Dic (12 meses),arriendo,Canon de arriendo mensual - P75,650000.0,,,,,3659,,ACEPTABLE,"GEIH 2023 (DANE, catalogo ANDA 782)",12 registro(s) excluidos por valor extremo
Popayán,19,2023,Ene-Dic (12 meses),arriendo,Canon de arriendo mensual - mediana,500000.0,8422.9342,480000.0000,500000.0000,2.9181,3659,1.6846,EXCELENTE,"GEIH 2023 (DANE, catalogo ANDA 782)",12 registro(s) excluidos por valor extremo
Popayán,19,2023,Ene-Dic (12 meses),arriendo,Canon de arriendo mensual - promedio,536720.46,5692.4284,524978.6933,547083.5890,1.3328,3659,1.0606,EXCELENTE,"GEIH 2023 (DANE, catalogo ANDA 782)",12 registro(s) excluidos por valor extremo
Popayán,19,2023,Ene-Dic (12 meses),deficit_habitacional,Deficit habitacional cualitativo,ND - pendiente Fase 2 (ECV),,,,,0,,ND,ECV (fuera de alcance Fase 1),ND - pendiente Fase 2 (ECV): fuente fuera de alcance de Fase 1
Popayán,19,2023,Ene-Dic (12 meses),deficit_habitacional,Deficit habitacional cuantitativo,ND - pendiente Fase 2 (ECV),,,,,0,,ND,ECV (fuera de alcance Fase 1),ND - pendiente Fase 2 (ECV): fuente fuera de alcance de Fase 1
Popayán,19,2023,Ene-Dic (12 meses),deficit_habitacional,Distribucion por estrato socioeconomico,ND - pendiente Fase 2 (ECV),,,,,0,,ND,ECV (fuera de alcance Fase 1),ND - pendiente Fase 2 (ECV): fuente fuera de alcance de Fase 1
Popayán,19,2023,Ene-Dic (12 meses),esfuerzo_financiero,Arrendatarios que destinan >30% del ingreso al arriendo,51.86,,,,,3638,,ACEPTABLE,"Pobreza Monetaria 2023 (DANE, catalogo ANDA 835)",sobrecarga (>30%)
Popayán,19,2023,Ene-Dic (12 meses),esfuerzo_financiero,Arrendatarios que destinan >50% del ingreso al arriendo,25.04,,,,,3638,,ACEPTABLE,"Pobreza Monetaria 2023 (DANE, catalogo ANDA 835)",sobrecarga severa (>50%)
Popayán,19,2023,Ene-Dic (12 meses),esfuerzo_financiero,Arriendo/ingreso del hogar (mediana),31.25,,,,,3638,,ACEPTABLE,"Pobreza Monetaria 2023 (DANE, catalogo ANDA 835)",Merge con 99.1% de coincidencia
Popayán,19,2023,Ene-Dic (12 meses),hacinamiento,Hogares con hacinamiento (>3 personas/cuarto para dormir),1.49,0.1643,1.1803,1.8142,1.5683,8502,11.0607,ACEPTABLE,"GEIH 2023 (DANE, catalogo ANDA 782)","Umbral >3 sobre CUARTOS PARA DORMIR (P5010), no cuartos totales"
Popayán,19,2023,Ene-Dic (12 meses),hacinamiento,Hogares con hacinamiento critico NBI (>3 personas/cuarto TOTAL),0.4,,,,,8502,,PRECAUCION,"GEIH 2023 (DANE, catalogo ANDA 782)",Definicion oficial DANE-NBI (cuartos totales incl. sala-comedor)
Popayán,19,2023,Ene-Dic (12 meses),hacinamiento,Personas por cuarto para dormir - mediana,1.33,,,,,8502,,ACEPTABLE,"GEIH 2023 (DANE, catalogo ANDA 782)",
Popayán,19,2023,Ene-Dic (12 meses),hacinamiento,Personas por cuarto para dormir - promedio,1.44,0.0078,1.4261,1.4549,1.2457,8502,0.5393,EXCELENTE,"GEIH 2023 (DANE, catalogo ANDA 782)",
Popayán,19,2023,Ene-Dic (12 meses),ingreso_pobreza,% arrendatarios en pobreza monetaria,42.51,,,,,3691,,ACEPTABLE,"Pobreza Monetaria 2023 (DANE, catalogo ANDA 835)",
Popayán,19,2023,Ene-Dic (12 meses),ingreso_pobreza,% hogares no pobres que viven en arriendo,39.99,,,,,5421,,ACEPTABLE,"Pobreza Monetaria 2023 (DANE, catalogo ANDA 835)",
Popayán,19,2023,Ene-Dic (12 meses),ingreso_pobreza,% hogares pobres que viven en arriendo,55.46,,,,,3081,,ACEPTABLE,"Pobreza Monetaria 2023 (DANE, catalogo ANDA 835)",
Popayán,19,2023,Ene-Dic (12 meses),ingreso_pobreza,% propietarios en pobreza monetaria,21.24,,,,,3204,,ACEPTABLE,"Pobreza Monetaria 2023 (DANE, catalogo ANDA 835)",
Popayán,19,2023,Ene-Dic (12 meses),ingreso_pobreza,Brecha de ingreso propietarios vs arrendatarios,66.55,,,,,0,,NO_APLICA,"Pobreza Monetaria 2023 (DANE, catalogo ANDA 835)",(+) = propietarios ganan mas; calculado sobre medianas ponderadas
Popayán,19,2023,Ene-Dic (12 meses),ingreso_pobreza,Ingreso mediano hogares arrendatarios,1454166.67,,,,,3670,,ACEPTABLE,"Pobreza Monetaria 2023 (DANE, catalogo ANDA 835)",ingtotug = ingreso total unidad de gasto SIN imputar arriendo
Popayán,19,2023,Ene-Dic (12 meses),ingreso_pobreza,Ingreso mediano hogares propietarios,2421962.91,,,,,3191,,ACEPTABLE,"Pobreza Monetaria 2023 (DANE, catalogo ANDA 835)",ingtotug = ingreso total unidad de gasto SIN imputar arriendo
Popayán,19,2023,Ene-Dic (12 meses),servicios_publicos,Hogares sin acueducto,0.32,0.0846,0.1867,0.5231,1.8944,8502,26.2536,NO PUBLICAR,"GEIH 2023 (DANE, catalogo ANDA 782)",
Popayán,19,2023,Ene-Dic (12 meses),servicios_publicos,Hogares sin alcantarillado,2.43,0.2268,2.0219,2.8848,1.8416,8502,9.3191,ACEPTABLE,"GEIH 2023 (DANE, catalogo ANDA 782)",
Popayán,19,2023,Ene-Dic (12 meses),servicios_publicos,Hogares sin energia electrica,0.0,0.0000,0.0000,0.0000,,8502,,ACEPTABLE,"GEIH 2023 (DANE, catalogo ANDA 782)",
Popayán,19,2023,Ene-Dic (12 meses),servicios_publicos,Hogares sin gas natural conectado a red,22.62,0.5323,21.5744,23.5931,1.3762,8502,2.3529,EXCELENTE,"GEIH 2023 (DANE, catalogo ANDA 782)",
Popayán,19,2023,Ene-Dic (12 meses),servicios_publicos,Hogares sin recoleccion de basuras,0.17,0.0499,0.0779,0.2679,1.2430,8502,29.2317,NO PUBLICAR,"GEIH 2023 (DANE, catalogo ANDA 782)",
Popayán,19,2023,Ene-Dic (12 meses),tenencia,Tenencia: En arriendo o subarriendo,45.37,0.6277,44.2051,46.5538,1.3514,3691,1.3834,EXCELENTE,"GEIH 2023 (DANE, catalogo ANDA 782)",
Popayán,19,2023,Ene-Dic (12 meses),tenencia,Tenencia: En usufructo,14.87,0.4632,14.0120,15.8187,1.4410,1264,3.1151,EXCELENTE,"GEIH 2023 (DANE, catalogo ANDA 782)",
Popayán,19,2023,Ene-Dic (12 meses),tenencia,Tenencia: Otra,0.04,0.0185,0.0106,0.0799,0.7287,4,46.2130,NO PUBLICAR,"GEIH 2023 (DANE, catalogo ANDA 782)",
Popayán,19,2023,Ene-Dic (12 meses),tenencia,Tenencia: Posesion sin titulo,2.06,0.1783,1.6996,2.3898,1.3402,170,8.6567,ACEPTABLE,"GEIH 2023 (DANE, catalogo ANDA 782)",
Popayán,19,2023,Ene-Dic (12 meses),tenencia,"Tenencia: Propia, la estan pagando",5.06,0.2647,4.5117,5.5250,1.2395,418,5.2300,ACEPTABLE,"GEIH 2023 (DANE, catalogo ANDA 782)",
Popayán,19,2023,Ene-Dic (12 meses),tenencia,"Tenencia: Propia, totalmente pagada",30.6,0.5277,29.6437,31.6638,1.1146,2786,1.7242,EXCELENTE,"GEIH 2023 (DANE, catalogo ANDA 782)",
Popayán,19,2023,Ene-Dic (12 meses),tenencia,Tenencia: Propiedad colectiva,2.0,0.1728,1.6724,2.3195,1.2979,169,8.6585,ACEPTABLE,"GEIH 2023 (DANE, catalogo ANDA 782)",
Popayán,19,2023,Ene-Dic (12 meses),tenencia,Tenencia: suma de categorias (control),100.0,,,,,8502,,NO_APLICA,"GEIH 2023 (DANE, catalogo ANDA 782)",Control de auditoria: debe ser 100% +/-0.1pp
Popayán,19,2023,Ene-Dic (12 meses),vivienda_propia_credito,Arriendo imputado (estimado) - P25,400000.0,,,,,4671,,ACEPTABLE,"GEIH 2023 (DANE, catalogo ANDA 782)",13 registro(s) excluidos por valor extremo
Popayán,19,2023,Ene-Dic (12 meses),vivienda_propia_credito,Arriendo imputado (estimado) - P75,800000.0,,,,,4671,,ACEPTABLE,"GEIH 2023 (DANE, catalogo ANDA 782)",13 registro(s) excluidos por valor extremo
Popayán,19,2023,Ene-Dic (12 meses),vivienda_propia_credito,Arriendo imputado (estimado) - mediana,550000.0,36517.5237,500000.0000,600000.0000,36.6770,4671,6.6395,ACEPTABLE,"GEIH 2023 (DANE, catalogo ANDA 782)",13 registro(s) excluidos por valor extremo
Popayán,19,2023,Ene-Dic (12 meses),vivienda_propia_credito,Arriendo imputado (estimado) - promedio,656622.27,6550.4381,643088.2460,668335.1013,1.1801,4671,0.9976,EXCELENTE,"GEIH 2023 (DANE, catalogo ANDA 782)",13 registro(s) excluidos por valor extremo
Popayán,19,2023,Ene-Dic (12 meses),vivienda_propia_credito,Cuota hipotecaria mensual - P25,400000.0,,,,,394,,ACEPTABLE,"GEIH 2023 (DANE, catalogo ANDA 782)",2 registro(s) excluidos por valor extremo
Popayán,19,2023,Ene-Dic (12 meses),vivienda_propia_credito,Cuota hipotecaria mensual - P75,1100000.0,,,,,394,,ACEPTABLE,"GEIH 2023 (DANE, catalogo ANDA 782)",2 registro(s) excluidos por valor extremo
Popayán,19,2023,Ene-Dic (12 meses),vivienda_propia_credito,Cuota hipotecaria mensual - mediana,700000.0,35818.1523,600000.0000,750000.0000,1.2859,394,5.1169,ACEPTABLE,"GEIH 2023 (DANE, catalogo ANDA 782)",2 registro(s) excluidos por valor extremo
Popayán,19,2023,Ene-Dic (12 meses),vivienda_propia_credito,Cuota hipotecaria mensual - promedio,829480.82,33142.3418,766500.2069,892461.2397,1.1010,394,3.9956,EXCELENTE,"GEIH 2023 (DANE, catalogo ANDA 782)",2 registro(s) excluidos por valor extremo
Popayán,19,2023,Ene-Dic (12 meses),vivienda_propia_credito,Valor estimado de venta de la vivienda - P25,100000000.0,,,,,2122,,ACEPTABLE,"GEIH 2023 (DANE, catalogo ANDA 782)",16 registro(s) excluidos por valor extremo
Popayán,19,2023,Ene-Dic (12 meses),vivienda_propia_credito,Valor estimado de venta de la vivienda - P75,280000000.0,,,,,2122,,ACEPTABLE,"GEIH 2023 (DANE, catalogo ANDA 782)",16 registro(s) excluidos por valor extremo
Popayán,19,2023,Ene-Dic (12 meses),vivienda_propia_credito,Valor estimado de venta de la vivienda - mediana,180000000.0,4251188.2076,170000000.0000,180000000.0000,0.8451,2122,2.3618,EXCELENTE,"GEIH 2023 (DANE, catalogo ANDA 782)",16 registro(s) excluidos por valor extremo
Popayán,19,2023,Ene-Dic (12 meses),vivienda_propia_credito,Valor estimado de venta de la vivienda - promedio,221271373.91,4957159.9848,212644853.7051,232148855.2243,1.1491,2122,2.2403,EXCELENTE,"GEIH 2023 (DANE, catalogo ANDA 782)",16 registro(s) excluidos por valor extremo
Popayán,19,2024,Ene-Dic (12 meses),arriendo,Canon de arriendo mensual - P25,370000.0,,,,,3490,,ACEPTABLE,"GEIH 2024 (DANE, catalogo ANDA 819)",27 registro(s) excluidos por valor extremo
Popayán,19,2024,Ene-Dic (12 meses),arriendo,Canon de arriendo mensual - P75,700000.0,,,,,3490,,ACEPTABLE,"GEIH 2024 (DANE, catalogo ANDA 819)",27 registro(s) excluidos por valor extremo
Popayán,19,2024,Ene-Dic (12 meses),arriendo,Canon de arriendo mensual - mediana,500000.0,0.0000,500000.0000,500000.0000,0.0000,3490,0.0000,EXCELENTE,"GEIH 2024 (DANE, catalogo ANDA 819)",27 registro(s) excluidos por valor extremo
Popayán,19,2024,Ene-Dic (12 meses),arriendo,Canon de arriendo mensual - promedio,580943.9,6092.2587,569639.5595,593187.6133,1.2356,3490,1.0487,EXCELENTE,"GEIH 2024 (DANE, catalogo ANDA 819)",27 registro(s) excluidos por valor extremo
Popayán,19,2024,Ene-Dic (12 meses),deficit_habitacional,Deficit habitacional cualitativo,ND - pendiente Fase 2 (ECV),,,,,0,,ND,ECV (fuera de alcance Fase 1),ND - pendiente Fase 2 (ECV): fuente fuera de alcance de Fase 1
Popayán,19,2024,Ene-Dic (12 meses),deficit_habitacional,Deficit habitacional cuantitativo,ND - pendiente Fase 2 (ECV),,,,,0,,ND,ECV (fuera de alcance Fase 1),ND - pendiente Fase 2 (ECV): fuente fuera de alcance de Fase 1
Popayán,19,2024,Ene-Dic (12 meses),deficit_habitacional,Distribucion por estrato socioeconomico,ND - pendiente Fase 2 (ECV),,,,,0,,ND,ECV (fuera de alcance Fase 1),ND - pendiente Fase 2 (ECV): fuente fuera de alcance de Fase 1
Popayán,19,2024,Ene-Dic (12 meses),esfuerzo_financiero,Arrendatarios que destinan >30% del ingreso al arriendo,50.41,,,,,3470,,ACEPTABLE,"Pobreza Monetaria 2024 (DANE, catalogo ANDA 874)",sobrecarga (>30%)
Popayán,19,2024,Ene-Dic (12 meses),esfuerzo_financiero,Arrendatarios que destinan >50% del ingreso al arriendo,23.75,,,,,3470,,ACEPTABLE,"Pobreza Monetaria 2024 (DANE, catalogo ANDA 874)",sobrecarga severa (>50%)
Popayán,19,2024,Ene-Dic (12 meses),esfuerzo_financiero,Arriendo/ingreso del hogar (mediana),30.31,,,,,3470,,ACEPTABLE,"Pobreza Monetaria 2024 (DANE, catalogo ANDA 874)",Merge con 98.5% de coincidencia
Popayán,19,2024,Ene-Dic (12 meses),hacinamiento,Hogares con hacinamiento (>3 personas/cuarto para dormir),1.18,0.1341,0.9202,1.4260,1.2514,8104,11.3817,ACEPTABLE,"GEIH 2024 (DANE, catalogo ANDA 819)","Umbral >3 sobre CUARTOS PARA DORMIR (P5010), no cuartos totales"
Popayán,19,2024,Ene-Dic (12 meses),hacinamiento,Hogares con hacinamiento critico NBI (>3 personas/cuarto TOTAL),0.32,,,,,8104,,NO PUBLICAR,"GEIH 2024 (DANE, catalogo ANDA 819)",Definicion oficial DANE-NBI (cuartos totales incl. sala-comedor)
Popayán,19,2024,Ene-Dic (12 meses),hacinamiento,Personas por cuarto para dormir - mediana,1.25,,,,,8104,,ACEPTABLE,"GEIH 2024 (DANE, catalogo ANDA 819)",
Popayán,19,2024,Ene-Dic (12 meses),hacinamiento,Personas por cuarto para dormir - promedio,1.42,0.0071,1.4035,1.4326,1.1094,8104,0.5019,EXCELENTE,"GEIH 2024 (DANE, catalogo ANDA 819)",
Popayán,19,2024,Ene-Dic (12 meses),ingreso_pobreza,% arrendatarios en pobreza monetaria,39.84,,,,,3542,,ACEPTABLE,"Pobreza Monetaria 2024 (DANE, catalogo ANDA 874)",
Popayán,19,2024,Ene-Dic (12 meses),ingreso_pobreza,% hogares no pobres que viven en arriendo,39.87,,,,,5393,,ACEPTABLE,"Pobreza Monetaria 2024 (DANE, catalogo ANDA 874)",
Popayán,19,2024,Ene-Dic (12 meses),ingreso_pobreza,% hogares pobres que viven en arriendo,54.88,,,,,2711,,ACEPTABLE,"Pobreza Monetaria 2024 (DANE, catalogo ANDA 874)",
Popayán,19,2024,Ene-Dic (12 meses),ingreso_pobreza,% propietarios en pobreza monetaria,18.05,,,,,2787,,ACEPTABLE,"Pobreza Monetaria 2024 (DANE, catalogo ANDA 874)",
Popayán,19,2024,Ene-Dic (12 meses),ingreso_pobreza,Brecha de ingreso propietarios vs arrendatarios,74.45,,,,,0,,NO_APLICA,"Pobreza Monetaria 2024 (DANE, catalogo ANDA 874)",(+) = propietarios ganan mas; calculado sobre medianas ponderadas
Popayán,19,2024,Ene-Dic (12 meses),ingreso_pobreza,Ingreso mediano hogares arrendatarios,1583249.92,,,,,3522,,ACEPTABLE,"Pobreza Monetaria 2024 (DANE, catalogo ANDA 874)",ingtotug = ingreso total unidad de gasto SIN imputar arriendo
Popayán,19,2024,Ene-Dic (12 meses),ingreso_pobreza,Ingreso mediano hogares propietarios,2762000.0,,,,,2773,,ACEPTABLE,"Pobreza Monetaria 2024 (DANE, catalogo ANDA 874)",ingtotug = ingreso total unidad de gasto SIN imputar arriendo
Popayán,19,2024,Ene-Dic (12 meses),servicios_publicos,Hogares sin acueducto,0.29,0.0850,0.1466,0.4830,2.0118,8104,29.1146,NO PUBLICAR,"GEIH 2024 (DANE, catalogo ANDA 819)",
Popayán,19,2024,Ene-Dic (12 meses),servicios_publicos,Hogares sin alcantarillado,1.75,0.1720,1.4120,2.1058,1.3945,8104,9.8288,ACEPTABLE,"GEIH 2024 (DANE, catalogo ANDA 819)",
Popayán,19,2024,Ene-Dic (12 meses),servicios_publicos,Hogares sin energia electrica,0.0,0.0000,0.0000,0.0000,,8104,,ACEPTABLE,"GEIH 2024 (DANE, catalogo ANDA 819)",
Popayán,19,2024,Ene-Dic (12 meses),servicios_publicos,Hogares sin gas natural conectado a red,20.89,0.5188,19.9862,21.8957,1.3196,8104,2.4829,EXCELENTE,"GEIH 2024 (DANE, catalogo ANDA 819)",
Popayán,19,2024,Ene-Dic (12 meses),servicios_publicos,Hogares sin recoleccion de basuras,0.38,0.0794,0.2157,0.5439,1.3604,8104,21.0712,PRECAUCION,"GEIH 2024 (DANE, catalogo ANDA 819)",
Popayán,19,2024,Ene-Dic (12 meses),tenencia,Tenencia: En arriendo o subarriendo,44.74,0.5864,43.6887,45.9142,1.1271,3542,1.3105,EXCELENTE,"GEIH 2024 (DANE, catalogo ANDA 819)",
Popayán,19,2024,Ene-Dic (12 meses),tenencia,Tenencia: En usufructo,17.95,0.4632,17.0075,18.8883,1.1807,1445,2.5807,EXCELENTE,"GEIH 2024 (DANE, catalogo ANDA 819)",
Popayán,19,2024,Ene-Dic (12 meses),tenencia,Tenencia: Otra,0.03,0.0228,0.0000,0.0829,1.4162,2,76.6493,NO PUBLICAR,"GEIH 2024 (DANE, catalogo ANDA 819)",
Popayán,19,2024,Ene-Dic (12 meses),tenencia,Tenencia: Posesion sin titulo,2.22,0.1716,1.8527,2.5669,1.1005,186,7.7362,ACEPTABLE,"GEIH 2024 (DANE, catalogo ANDA 819)",
Popayán,19,2024,Ene-Dic (12 meses),tenencia,"Tenencia: Propia, la estan pagando",5.22,0.2633,4.6863,5.6733,1.1357,387,5.0454,ACEPTABLE,"GEIH 2024 (DANE, catalogo ANDA 819)",
Popayán,19,2024,Ene-Dic (12 meses),tenencia,"Tenencia: Propia, totalmente pagada",28.09,0.5217,27.1191,29.2242,1.0918,2400,1.8570,EXCELENTE,"GEIH 2024 (DANE, catalogo ANDA 819)",
Popayán,19,2024,Ene-Dic (12 meses),tenencia,Tenencia: Propiedad colectiva,1.75,0.1613,1.4491,2.0564,1.2262,142,9.2185,ACEPTABLE,"GEIH 2024 (DANE, catalogo ANDA 819)",
Popayán,19,2024,Ene-Dic (12 meses),tenencia,Tenencia: suma de categorias (control),100.0,,,,,8104,,NO_APLICA,"GEIH 2024 (DANE, catalogo ANDA 819)",Control de auditoria: debe ser 100% +/-0.1pp
Popayán,19,2024,Ene-Dic (12 meses),vivienda_propia_credito,Arriendo imputado (estimado) - P25,400000.0,,,,,4303,,ACEPTABLE,"GEIH 2024 (DANE, catalogo ANDA 819)",16 registro(s) excluidos por valor extremo
Popayán,19,2024,Ene-Dic (12 meses),vivienda_propia_credito,Arriendo imputado (estimado) - P75,800000.0,,,,,4303,,ACEPTABLE,"GEIH 2024 (DANE, catalogo ANDA 819)",16 registro(s) excluidos por valor extremo
Popayán,19,2024,Ene-Dic (12 meses),vivienda_propia_credito,Arriendo imputado (estimado) - mediana,600000.0,0.0000,600000.0000,600000.0000,0.0000,4303,0.0000,EXCELENTE,"GEIH 2024 (DANE, catalogo ANDA 819)",16 registro(s) excluidos por valor extremo
Popayán,19,2024,Ene-Dic (12 meses),vivienda_propia_credito,Arriendo imputado (estimado) - promedio,697869.95,7396.0528,683501.9682,713395.7488,1.1535,4303,1.0598,EXCELENTE,"GEIH 2024 (DANE, catalogo ANDA 819)",16 registro(s) excluidos por valor extremo
Popayán,19,2024,Ene-Dic (12 meses),vivienda_propia_credito,Cuota hipotecaria mensual - P25,350000.0,,,,,367,,ACEPTABLE,"GEIH 2024 (DANE, catalogo ANDA 819)",2 registro(s) excluidos por valor extremo
Popayán,19,2024,Ene-Dic (12 meses),vivienda_propia_credito,Cuota hipotecaria mensual - P75,1200000.0,,,,,367,,ACEPTABLE,"GEIH 2024 (DANE, catalogo ANDA 819)",2 registro(s) excluidos por valor extremo
Popayán,19,2024,Ene-Dic (12 meses),vivienda_propia_credito,Cuota hipotecaria mensual - mediana,700000.0,55299.3850,600000.0000,800000.0000,1.3395,367,7.8999,ACEPTABLE,"GEIH 2024 (DANE, catalogo ANDA 819)",2 registro(s) excluidos por valor extremo
Popayán,19,2024,Ene-Dic (12 meses),vivienda_propia_credito,Cuota hipotecaria mensual - promedio,926007.81,50039.8798,839727.0890,1032924.1809,1.0968,367,5.4038,ACEPTABLE,"GEIH 2024 (DANE, catalogo ANDA 819)",2 registro(s) excluidos por valor extremo
Popayán,19,2024,Ene-Dic (12 meses),vivienda_propia_credito,Valor estimado de venta de la vivienda - P25,120000000.0,,,,,1570,,ACEPTABLE,"GEIH 2024 (DANE, catalogo ANDA 819)",15 registro(s) excluidos por valor extremo
Popayán,19,2024,Ene-Dic (12 meses),vivienda_propia_credito,Valor estimado de venta de la vivienda - P75,300000000.0,,,,,1570,,ACEPTABLE,"GEIH 2024 (DANE, catalogo ANDA 819)",15 registro(s) excluidos por valor extremo
Popayán,19,2024,Ene-Dic (12 meses),vivienda_propia_credito,Valor estimado de venta de la vivienda - mediana,200000000.0,3034616.4255,190000000.0000,200000000.0000,0.5678,1570,1.5173,EXCELENTE,"GEIH 2024 (DANE, catalogo ANDA 819)",15 registro(s) excluidos por valor extremo
Popayán,19,2024,Ene-Dic (12 meses),vivienda_propia_credito,Valor estimado de venta de la vivienda - promedio,236113236.75,4156702.5097,228100882.4279,244010193.6141,1.0653,1570,1.7605,EXCELENTE,"GEIH 2024 (DANE, catalogo ANDA 819)",15 registro(s) excluidos por valor extremo
Popayán,19,2025,Ene-Dic (12 meses),arriendo,Canon de arriendo mensual - P25,400000.0,,,,,3462,,ACEPTABLE,"GEIH 2025 (DANE, catalogo ANDA 853)",4 registro(s) excluidos por valor extremo
Popayán,19,2025,Ene-Dic (12 meses),arriendo,Canon de arriendo mensual - P75,700000.0,,,,,3462,,ACEPTABLE,"GEIH 2025 (DANE, catalogo ANDA 853)",4 registro(s) excluidos por valor extremo
Popayán,19,2025,Ene-Dic (12 meses),arriendo,Canon de arriendo mensual - mediana,500000.0,8131.0424,500000.0000,530000.0000,2.2778,3462,1.6262,EXCELENTE,"GEIH 2025 (DANE, catalogo ANDA 853)",4 registro(s) excluidos por valor extremo
Popayán,19,2025,Ene-Dic (12 meses),arriendo,Canon de arriendo mensual - promedio,585620.14,5716.1841,575538.3200,597492.2382,1.1257,3462,0.9761,EXCELENTE,"GEIH 2025 (DANE, catalogo ANDA 853)",4 registro(s) excluidos por valor extremo
Popayán,19,2025,Ene-Dic (12 meses),deficit_habitacional,Deficit habitacional cualitativo,ND - pendiente Fase 2 (ECV),,,,,0,,ND,ECV (fuera de alcance Fase 1),ND - pendiente Fase 2 (ECV): fuente fuera de alcance de Fase 1
Popayán,19,2025,Ene-Dic (12 meses),deficit_habitacional,Deficit habitacional cuantitativo,ND - pendiente Fase 2 (ECV),,,,,0,,ND,ECV (fuera de alcance Fase 1),ND - pendiente Fase 2 (ECV): fuente fuera de alcance de Fase 1
Popayán,19,2025,Ene-Dic (12 meses),deficit_habitacional,Distribucion por estrato socioeconomico,ND - pendiente Fase 2 (ECV),,,,,0,,ND,ECV (fuera de alcance Fase 1),ND - pendiente Fase 2 (ECV): fuente fuera de alcance de Fase 1
Popayán,19,2025,Ene-Dic (12 meses),esfuerzo_financiero,Arrendatarios que destinan >30% del ingreso al arriendo,51.18,,,,,3438,,ACEPTABLE,"Pobreza Monetaria 2025 (DANE, catalogo ANDA 908)",sobrecarga (>30%)
Popayán,19,2025,Ene-Dic (12 meses),esfuerzo_financiero,Arrendatarios que destinan >50% del ingreso al arriendo,23.43,,,,,3438,,ACEPTABLE,"Pobreza Monetaria 2025 (DANE, catalogo ANDA 908)",sobrecarga severa (>50%)
Popayán,19,2025,Ene-Dic (12 meses),esfuerzo_financiero,Arriendo/ingreso del hogar (mediana),30.77,,,,,3438,,ACEPTABLE,"Pobreza Monetaria 2025 (DANE, catalogo ANDA 908)",Merge con 99.7% de coincidencia
Popayán,19,2025,Ene-Dic (12 meses),hacinamiento,Hogares con hacinamiento (>3 personas/cuarto para dormir),0.95,0.1139,0.7487,1.2047,1.0998,8006,11.9463,ACEPTABLE,"GEIH 2025 (DANE, catalogo ANDA 853)","Umbral >3 sobre CUARTOS PARA DORMIR (P5010), no cuartos totales"
Popayán,19,2025,Ene-Dic (12 meses),hacinamiento,Hogares con hacinamiento critico NBI (>3 personas/cuarto TOTAL),0.17,,,,,8006,,NO PUBLICAR,"GEIH 2025 (DANE, catalogo ANDA 853)",Definicion oficial DANE-NBI (cuartos totales incl. sala-comedor)
Popayán,19,2025,Ene-Dic (12 meses),hacinamiento,Personas por cuarto para dormir - mediana,1.0,,,,,8006,,ACEPTABLE,"GEIH 2025 (DANE, catalogo ANDA 853)",
Popayán,19,2025,Ene-Dic (12 meses),hacinamiento,Personas por cuarto para dormir - promedio,1.38,0.0070,1.3657,1.3934,1.1933,8006,0.5046,EXCELENTE,"GEIH 2025 (DANE, catalogo ANDA 853)",
Popayán,19,2025,Ene-Dic (12 meses),ingreso_pobreza,% arrendatarios en pobreza monetaria,39.95,,,,,3472,,ACEPTABLE,"Pobreza Monetaria 2025 (DANE, catalogo ANDA 908)",
Popayán,19,2025,Ene-Dic (12 meses),ingreso_pobreza,% hogares no pobres que viven en arriendo,39.29,,,,,5516,,ACEPTABLE,"Pobreza Monetaria 2025 (DANE, catalogo ANDA 908)",
Popayán,19,2025,Ene-Dic (12 meses),ingreso_pobreza,% hogares pobres que viven en arriendo,58.6,,,,,2490,,ACEPTABLE,"Pobreza Monetaria 2025 (DANE, catalogo ANDA 908)",
Popayán,19,2025,Ene-Dic (12 meses),ingreso_pobreza,% propietarios en pobreza monetaria,16.59,,,,,2819,,ACEPTABLE,"Pobreza Monetaria 2025 (DANE, catalogo ANDA 908)",
Popayán,19,2025,Ene-Dic (12 meses),ingreso_pobreza,Brecha de ingreso propietarios vs arrendatarios,59.54,,,,,0,,NO_APLICA,"Pobreza Monetaria 2025 (DANE, catalogo ANDA 908)",(+) = propietarios ganan mas; calculado sobre medianas ponderadas
Popayán,19,2025,Ene-Dic (12 meses),ingreso_pobreza,Ingreso mediano hogares arrendatarios,1700000.0,,,,,3448,,ACEPTABLE,"Pobreza Monetaria 2025 (DANE, catalogo ANDA 908)",ingtotug = ingreso total unidad de gasto SIN imputar arriendo
Popayán,19,2025,Ene-Dic (12 meses),ingreso_pobreza,Ingreso mediano hogares propietarios,2712256.77,,,,,2798,,ACEPTABLE,"Pobreza Monetaria 2025 (DANE, catalogo ANDA 908)",ingtotug = ingreso total unidad de gasto SIN imputar arriendo
Popayán,19,2025,Ene-Dic (12 meses),servicios_publicos,Hogares sin acueducto,0.22,0.0711,0.0871,0.3577,1.8675,8006,32.7227,NO PUBLICAR,"GEIH 2025 (DANE, catalogo ANDA 853)",
Popayán,19,2025,Ene-Dic (12 meses),servicios_publicos,Hogares sin alcantarillado,1.71,0.1792,1.3890,2.0893,1.5315,8006,10.4939,ACEPTABLE,"GEIH 2025 (DANE, catalogo ANDA 853)",
Popayán,19,2025,Ene-Dic (12 meses),servicios_publicos,Hogares sin energia electrica,0.05,0.0273,0.0102,0.1084,1.1291,8006,51.5520,NO PUBLICAR,"GEIH 2025 (DANE, catalogo ANDA 853)",
Popayán,19,2025,Ene-Dic (12 meses),servicios_publicos,Hogares sin gas natural conectado a red,21.39,0.5013,20.3887,22.3022,1.1964,8006,2.3434,EXCELENTE,"GEIH 2025 (DANE, catalogo ANDA 853)",
Popayán,19,2025,Ene-Dic (12 meses),servicios_publicos,Hogares sin recoleccion de basuras,0.06,0.0329,0.0056,0.1271,1.4084,8006,53.4709,NO PUBLICAR,"GEIH 2025 (DANE, catalogo ANDA 853)",
Popayán,19,2025,Ene-Dic (12 meses),tenencia,Tenencia: En arriendo o subarriendo,45.25,0.6203,43.9798,46.4275,1.2434,3472,1.3709,EXCELENTE,"GEIH 2025 (DANE, catalogo ANDA 853)",
Popayán,19,2025,Ene-Dic (12 meses),tenencia,Tenencia: En usufructo,16.63,0.4582,15.7592,17.5537,1.2125,1339,2.7554,EXCELENTE,"GEIH 2025 (DANE, catalogo ANDA 853)",
Popayán,19,2025,Ene-Dic (12 meses),tenencia,Tenencia: Otra,0.07,0.0345,0.0000,0.1398,1.4314,4,51.7283,NO PUBLICAR,"GEIH 2025 (DANE, catalogo ANDA 853)",
Popayán,19,2025,Ene-Dic (12 meses),tenencia,Tenencia: Posesion sin titulo,2.54,0.2058,2.1425,2.9605,1.3689,181,8.0967,ACEPTABLE,"GEIH 2025 (DANE, catalogo ANDA 853)",
Popayán,19,2025,Ene-Dic (12 meses),tenencia,"Tenencia: Propia, la estan pagando",3.97,0.2384,3.5499,4.4966,1.1933,301,6.0031,ACEPTABLE,"GEIH 2025 (DANE, catalogo ANDA 853)",
Popayán,19,2025,Ene-Dic (12 meses),tenencia,"Tenencia: Propia, totalmente pagada",29.26,0.5338,28.1755,30.1996,1.1022,2518,1.8244,EXCELENTE,"GEIH 2025 (DANE, catalogo ANDA 853)",
Popayán,19,2025,Ene-Dic (12 meses),tenencia,Tenencia: Propiedad colectiva,2.28,0.1853,1.9309,2.6218,1.2333,191,8.1227,ACEPTABLE,"GEIH 2025 (DANE, catalogo ANDA 853)",
Popayán,19,2025,Ene-Dic (12 meses),tenencia,Tenencia: suma de categorias (control),100.0,,,,,8006,,NO_APLICA,"GEIH 2025 (DANE, catalogo ANDA 853)",Control de auditoria: debe ser 100% +/-0.1pp
Popayán,19,2025,Ene-Dic (12 meses),vivienda_propia_credito,Arriendo imputado (estimado) - P25,450000.0,,,,,4468,,ACEPTABLE,"GEIH 2025 (DANE, catalogo ANDA 853)",15 registro(s) excluidos por valor extremo
Popayán,19,2025,Ene-Dic (12 meses),vivienda_propia_credito,Arriendo imputado (estimado) - P75,800000.0,,,,,4468,,ACEPTABLE,"GEIH 2025 (DANE, catalogo ANDA 853)",15 registro(s) excluidos por valor extremo
Popayán,19,2025,Ene-Dic (12 meses),vivienda_propia_credito,Arriendo imputado (estimado) - mediana,600000.0,0.0000,600000.0000,600000.0000,0.0000,4468,0.0000,EXCELENTE,"GEIH 2025 (DANE, catalogo ANDA 853)",15 registro(s) excluidos por valor extremo
Popayán,19,2025,Ene-Dic (12 meses),vivienda_propia_credito,Arriendo imputado (estimado) - promedio,719672.73,8034.7389,704678.1173,735698.1853,1.3122,4468,1.1164,EXCELENTE,"GEIH 2025 (DANE, catalogo ANDA 853)",15 registro(s) excluidos por valor extremo
Popayán,19,2025,Ene-Dic (12 meses),vivienda_propia_credito,Cuota hipotecaria mensual - P25,380000.0,,,,,299,,ACEPTABLE,"GEIH 2025 (DANE, catalogo ANDA 853)",
Popayán,19,2025,Ene-Dic (12 meses),vivienda_propia_credito,Cuota hipotecaria mensual - P75,1200000.0,,,,,299,,ACEPTABLE,"GEIH 2025 (DANE, catalogo ANDA 853)",
Popayán,19,2025,Ene-Dic (12 meses),vivienda_propia_credito,Cuota hipotecaria mensual - mediana,600000.0,39907.5671,537523.6192,700000.0000,0.5373,299,6.6513,ACEPTABLE,"GEIH 2025 (DANE, catalogo ANDA 853)",
Popayán,19,2025,Ene-Dic (12 meses),vivienda_propia_credito,Cuota hipotecaria mensual - promedio,877933.89,51410.6486,779600.1429,986293.2708,0.8916,299,5.8559,ACEPTABLE,"GEIH 2025 (DANE, catalogo ANDA 853)",
Popayán,19,2025,Ene-Dic (12 meses),vivienda_propia_credito,Valor estimado de venta de la vivienda - P25,120000000.0,,,,,2105,,ACEPTABLE,"GEIH 2025 (DANE, catalogo ANDA 853)",15 registro(s) excluidos por valor extremo
Popayán,19,2025,Ene-Dic (12 meses),vivienda_propia_credito,Valor estimado de venta de la vivienda - P75,280000000.0,,,,,2105,,ACEPTABLE,"GEIH 2025 (DANE, catalogo ANDA 853)",15 registro(s) excluidos por valor extremo
Popayán,19,2025,Ene-Dic (12 meses),vivienda_propia_credito,Valor estimado de venta de la vivienda - mediana,180000000.0,1798037.9833,180000000.0000,190000000.0000,0.2845,2105,0.9989,EXCELENTE,"GEIH 2025 (DANE, catalogo ANDA 853)",15 registro(s) excluidos por valor extremo
Popayán,19,2025,Ene-Dic (12 meses),vivienda_propia_credito,Valor estimado de venta de la vivienda - promedio,220304129.77,3638744.5774,214147431.2108,227417300.8935,1.1651,2105,1.6517,EXCELENTE,"GEIH 2025 (DANE, catalogo ANDA 853)",15 registro(s) excluidos por valor extremo
Popayán,19,2026*,Ene-Jun (parcial),arriendo,Canon de arriendo mensual - P25,450000.0,,,,,1698,,ACEPTABLE,"GEIH 2026 Ene-Jun (DANE, catalogo ANDA 900)",2 registro(s) excluidos por valor extremo
Popayán,19,2026*,Ene-Jun (parcial),arriendo,Canon de arriendo mensual - P75,800000.0,,,,,1698,,ACEPTABLE,"GEIH 2026 Ene-Jun (DANE, catalogo ANDA 900)",2 registro(s) excluidos por valor extremo
Popayán,19,2026*,Ene-Jun (parcial),arriendo,Canon de arriendo mensual - mediana,600000.0,0.0000,600000.0000,600000.0000,0.0000,1698,0.0000,EXCELENTE,"GEIH 2026 Ene-Jun (DANE, catalogo ANDA 900)",2 registro(s) excluidos por valor extremo
Popayán,19,2026*,Ene-Jun (parcial),arriendo,Canon de arriendo mensual - promedio,681155.49,9687.9172,662020.5387,701632.7507,1.1728,1698,1.4223,EXCELENTE,"GEIH 2026 Ene-Jun (DANE, catalogo ANDA 900)",2 registro(s) excluidos por valor extremo
Popayán,19,2026*,Ene-Jun (parcial),deficit_habitacional,Deficit habitacional cualitativo,ND - pendiente Fase 2 (ECV),,,,,0,,ND,ECV (fuera de alcance Fase 1),ND - pendiente Fase 2 (ECV): fuente fuera de alcance de Fase 1
Popayán,19,2026*,Ene-Jun (parcial),deficit_habitacional,Deficit habitacional cuantitativo,ND - pendiente Fase 2 (ECV),,,,,0,,ND,ECV (fuera de alcance Fase 1),ND - pendiente Fase 2 (ECV): fuente fuera de alcance de Fase 1
Popayán,19,2026*,Ene-Jun (parcial),deficit_habitacional,Distribucion por estrato socioeconomico,ND - pendiente Fase 2 (ECV),,,,,0,,ND,ECV (fuera de alcance Fase 1),ND - pendiente Fase 2 (ECV): fuente fuera de alcance de Fase 1
Popayán,19,2026*,Ene-Jun (parcial),esfuerzo_financiero,Arrendatarios que destinan >30% del ingreso al arriendo,ND,,,,,0,,ND,ND - DANE no publica Pobreza Monetaria 2026,DANE no publica Medicion de Pobreza Monetaria y Desigualdad 2026 (requiere año calendario completo); no se calcula ni se extrapola
Popayán,19,2026*,Ene-Jun (parcial),esfuerzo_financiero,Arrendatarios que destinan >50% del ingreso al arriendo,ND,,,,,0,,ND,ND - DANE no publica Pobreza Monetaria 2026,DANE no publica Medicion de Pobreza Monetaria y Desigualdad 2026 (requiere año calendario completo); no se calcula ni se extrapola
Popayán,19,2026*,Ene-Jun (parcial),esfuerzo_financiero,Arriendo/ingreso del hogar (mediana),ND,,,,,0,,ND,ND - DANE no publica Pobreza Monetaria 2026,DANE no publica Medicion de Pobreza Monetaria y Desigualdad 2026 (requiere año calendario completo); no se calcula ni se extrapola
Popayán,19,2026*,Ene-Jun (parcial),hacinamiento,Hogares con hacinamiento (>3 personas/cuarto para dormir),0.68,0.1494,0.4172,0.9981,1.2897,3917,21.8933,PRECAUCION,"GEIH 2026 Ene-Jun (DANE, catalogo ANDA 900)","Umbral >3 sobre CUARTOS PARA DORMIR (P5010), no cuartos totales"
Popayán,19,2026*,Ene-Jun (parcial),hacinamiento,Hogares con hacinamiento critico NBI (>3 personas/cuarto TOTAL),0.19,,,,,3917,,NO PUBLICAR,"GEIH 2026 Ene-Jun (DANE, catalogo ANDA 900)",Definicion oficial DANE-NBI (cuartos totales incl. sala-comedor)
Popayán,19,2026*,Ene-Jun (parcial),hacinamiento,Personas por cuarto para dormir - mediana,1.0,,,,,3917,,ACEPTABLE,"GEIH 2026 Ene-Jun (DANE, catalogo ANDA 900)",
Popayán,19,2026*,Ene-Jun (parcial),hacinamiento,Personas por cuarto para dormir - promedio,1.36,0.0089,1.3439,1.3798,1.0969,3917,0.6564,EXCELENTE,"GEIH 2026 Ene-Jun (DANE, catalogo ANDA 900)",
Popayán,19,2026*,Ene-Jun (parcial),ingreso_pobreza,% arrendatarios en pobreza monetaria,ND,,,,,0,,ND,ND - DANE no publica Pobreza Monetaria 2026,DANE no publica Medicion de Pobreza Monetaria y Desigualdad 2026 (requiere año calendario completo); no se calcula ni se extrapola
Popayán,19,2026*,Ene-Jun (parcial),ingreso_pobreza,% hogares no pobres que viven en arriendo,ND,,,,,0,,ND,ND - DANE no publica Pobreza Monetaria 2026,DANE no publica Medicion de Pobreza Monetaria y Desigualdad 2026 (requiere año calendario completo); no se calcula ni se extrapola
Popayán,19,2026*,Ene-Jun (parcial),ingreso_pobreza,% hogares pobres que viven en arriendo,ND,,,,,0,,ND,ND - DANE no publica Pobreza Monetaria 2026,DANE no publica Medicion de Pobreza Monetaria y Desigualdad 2026 (requiere año calendario completo); no se calcula ni se extrapola
Popayán,19,2026*,Ene-Jun (parcial),ingreso_pobreza,% propietarios en pobreza monetaria,ND,,,,,0,,ND,ND - DANE no publica Pobreza Monetaria 2026,DANE no publica Medicion de Pobreza Monetaria y Desigualdad 2026 (requiere año calendario completo); no se calcula ni se extrapola
Popayán,19,2026*,Ene-Jun (parcial),ingreso_pobreza,Brecha de ingreso propietarios vs arrendatarios,ND,,,,,0,,ND,ND - DANE no publica Pobreza Monetaria 2026,DANE no publica Medicion de Pobreza Monetaria y Desigualdad 2026 (requiere año calendario completo); no se calcula ni se extrapola
Popayán,19,2026*,Ene-Jun (parcial),ingreso_pobreza,Ingreso mediano hogares arrendatarios,ND,,,,,0,,ND,ND - DANE no publica Pobreza Monetaria 2026,DANE no publica Medicion de Pobreza Monetaria y Desigualdad 2026 (requiere año calendario completo); no se calcula ni se extrapola
Popayán,19,2026*,Ene-Jun (parcial),ingreso_pobreza,Ingreso mediano hogares propietarios,ND,,,,,0,,ND,ND - DANE no publica Pobreza Monetaria 2026,DANE no publica Medicion de Pobreza Monetaria y Desigualdad 2026 (requiere año calendario completo); no se calcula ni se extrapola
Popayán,19,2026*,Ene-Jun (parcial),servicios_publicos,Hogares sin acueducto,0.0,0.0000,0.0000,0.0000,,3917,,ACEPTABLE,"GEIH 2026 Ene-Jun (DANE, catalogo ANDA 900)",
Popayán,19,2026*,Ene-Jun (parcial),servicios_publicos,Hogares sin alcantarillado,0.52,0.1021,0.3233,0.7094,0.7971,3917,19.8179,PRECAUCION,"GEIH 2026 Ene-Jun (DANE, catalogo ANDA 900)",
Popayán,19,2026*,Ene-Jun (parcial),servicios_publicos,Hogares sin energia electrica,0.0,0.0000,0.0000,0.0000,,3917,,ACEPTABLE,"GEIH 2026 Ene-Jun (DANE, catalogo ANDA 900)",
Popayán,19,2026*,Ene-Jun (parcial),servicios_publicos,Hogares sin gas natural conectado a red,17.84,0.6564,16.5719,19.0603,1.1517,3917,3.6801,EXCELENTE,"GEIH 2026 Ene-Jun (DANE, catalogo ANDA 900)",
Popayán,19,2026*,Ene-Jun (parcial),servicios_publicos,Hogares sin recoleccion de basuras,0.45,0.0957,0.2736,0.6582,0.7944,3917,21.1048,PRECAUCION,"GEIH 2026 Ene-Jun (DANE, catalogo ANDA 900)",
Popayán,19,2026*,Ene-Jun (parcial),tenencia,Tenencia: En arriendo o subarriendo,44.18,0.8302,42.5508,45.7210,1.0946,1705,1.8791,EXCELENTE,"GEIH 2026 Ene-Jun (DANE, catalogo ANDA 900)",
Popayán,19,2026*,Ene-Jun (parcial),tenencia,Tenencia: En usufructo,15.57,0.5939,14.3550,16.7324,1.0507,614,3.8135,EXCELENTE,"GEIH 2026 Ene-Jun (DANE, catalogo ANDA 900)",
Popayán,19,2026*,Ene-Jun (parcial),tenencia,Tenencia: Otra,0.0,0.0000,0.0000,0.0000,,0,,ACEPTABLE,"GEIH 2026 Ene-Jun (DANE, catalogo ANDA 900)",
Popayán,19,2026*,Ene-Jun (parcial),tenencia,Tenencia: Posesion sin titulo,3.15,0.2942,2.5480,3.7148,1.1096,125,9.3254,ACEPTABLE,"GEIH 2026 Ene-Jun (DANE, catalogo ANDA 900)",
Popayán,19,2026*,Ene-Jun (parcial),tenencia,"Tenencia: Propia, la estan pagando",4.67,0.3793,3.8864,5.4292,1.2649,169,8.1162,ACEPTABLE,"GEIH 2026 Ene-Jun (DANE, catalogo ANDA 900)",
Popayán,19,2026*,Ene-Jun (parcial),tenencia,"Tenencia: Propia, totalmente pagada",30.0,0.7844,28.6071,31.6033,1.1476,1204,2.6144,EXCELENTE,"GEIH 2026 Ene-Jun (DANE, catalogo ANDA 900)",
Popayán,19,2026*,Ene-Jun (parcial),tenencia,Tenencia: Propiedad colectiva,2.42,0.2468,1.9582,2.8744,1.0112,100,10.2080,ACEPTABLE,"GEIH 2026 Ene-Jun (DANE, catalogo ANDA 900)",
Popayán,19,2026*,Ene-Jun (parcial),tenencia,Tenencia: suma de categorias (control),100.0,,,,,3917,,NO_APLICA,"GEIH 2026 Ene-Jun (DANE, catalogo ANDA 900)",Control de auditoria: debe ser 100% +/-0.1pp
Popayán,19,2026*,Ene-Jun (parcial),vivienda_propia_credito,Arriendo imputado (estimado) - P25,500000.0,,,,,2150,,ACEPTABLE,"GEIH 2026 Ene-Jun (DANE, catalogo ANDA 900)",10 registro(s) excluidos por valor extremo
Popayán,19,2026*,Ene-Jun (parcial),vivienda_propia_credito,Arriendo imputado (estimado) - P75,1000000.0,,,,,2150,,ACEPTABLE,"GEIH 2026 Ene-Jun (DANE, catalogo ANDA 900)",10 registro(s) excluidos por valor extremo
Popayán,19,2026*,Ene-Jun (parcial),vivienda_propia_credito,Arriendo imputado (estimado) - mediana,700000.0,11842.6632,650000.0000,700000.0000,1.1705,2150,1.6918,EXCELENTE,"GEIH 2026 Ene-Jun (DANE, catalogo ANDA 900)",10 registro(s) excluidos por valor extremo
Popayán,19,2026*,Ene-Jun (parcial),vivienda_propia_credito,Arriendo imputado (estimado) - promedio,809035.88,11222.6227,786937.4331,832684.8403,1.0512,2150,1.3872,EXCELENTE,"GEIH 2026 Ene-Jun (DANE, catalogo ANDA 900)",10 registro(s) excluidos por valor extremo
Popayán,19,2026*,Ene-Jun (parcial),vivienda_propia_credito,Cuota hipotecaria mensual - P25,470000.0,,,,,167,,ACEPTABLE,"GEIH 2026 Ene-Jun (DANE, catalogo ANDA 900)",
Popayán,19,2026*,Ene-Jun (parcial),vivienda_propia_credito,Cuota hipotecaria mensual - P75,1362820.8,,,,,167,,ACEPTABLE,"GEIH 2026 Ene-Jun (DANE, catalogo ANDA 900)",
Popayán,19,2026*,Ene-Jun (parcial),vivienda_propia_credito,Cuota hipotecaria mensual - mediana,800000.0,76565.6741,680000.0000,981519.1226,1.6240,167,9.5707,ACEPTABLE,"GEIH 2026 Ene-Jun (DANE, catalogo ANDA 900)",
Popayán,19,2026*,Ene-Jun (parcial),vivienda_propia_credito,Cuota hipotecaria mensual - promedio,1026756.93,62070.9676,914346.8169,1138395.6414,1.0673,167,6.0453,ACEPTABLE,"GEIH 2026 Ene-Jun (DANE, catalogo ANDA 900)",
Popayán,19,2026*,Ene-Jun (parcial),vivienda_propia_credito,Valor estimado de venta de la vivienda - P25,130000000.0,,,,,979,,ACEPTABLE,"GEIH 2026 Ene-Jun (DANE, catalogo ANDA 900)",4 registro(s) excluidos por valor extremo
Popayán,19,2026*,Ene-Jun (parcial),vivienda_propia_credito,Valor estimado de venta de la vivienda - P75,320000000.0,,,,,979,,ACEPTABLE,"GEIH 2026 Ene-Jun (DANE, catalogo ANDA 900)",4 registro(s) excluidos por valor extremo
Popayán,19,2026*,Ene-Jun (parcial),vivienda_propia_credito,Valor estimado de venta de la vivienda - mediana,200000000.0,4706781.4962,200000000.0000,220000000.0000,0.6234,979,2.3534,EXCELENTE,"GEIH 2026 Ene-Jun (DANE, catalogo ANDA 900)",4 registro(s) excluidos por valor extremo
Popayán,19,2026*,Ene-Jun (parcial),vivienda_propia_credito,Valor estimado de venta de la vivienda - promedio,256839707.23,6256399.7792,244874628.2457,268554277.9545,1.1015,979,2.4359,EXCELENTE,"GEIH 2026 Ene-Jun (DANE, catalogo ANDA 900)",4 registro(s) excluidos por valor extremo
Quibdó,27,2023,Ene-Dic (12 meses),arriendo,Canon de arriendo mensual - P25,270000.0,,,,,2784,,ACEPTABLE,"GEIH 2023 (DANE, catalogo ANDA 782)",2 registro(s) excluidos por valor extremo
Quibdó,27,2023,Ene-Dic (12 meses),arriendo,Canon de arriendo mensual - P75,500000.0,,,,,2784,,ACEPTABLE,"GEIH 2023 (DANE, catalogo ANDA 782)",2 registro(s) excluidos por valor extremo
Quibdó,27,2023,Ene-Dic (12 meses),arriendo,Canon de arriendo mensual - mediana,380000.0,15379.0295,350000.0000,400000.0000,16.8695,2784,4.0471,EXCELENTE,"GEIH 2023 (DANE, catalogo ANDA 782)",2 registro(s) excluidos por valor extremo
Quibdó,27,2023,Ene-Dic (12 meses),arriendo,Canon de arriendo mensual - promedio,402810.93,3714.6234,395440.3513,410061.6347,0.9842,2784,0.9222,EXCELENTE,"GEIH 2023 (DANE, catalogo ANDA 782)",2 registro(s) excluidos por valor extremo
Quibdó,27,2023,Ene-Dic (12 meses),deficit_habitacional,Deficit habitacional cualitativo,ND - pendiente Fase 2 (ECV),,,,,0,,ND,ECV (fuera de alcance Fase 1),ND - pendiente Fase 2 (ECV): fuente fuera de alcance de Fase 1
Quibdó,27,2023,Ene-Dic (12 meses),deficit_habitacional,Deficit habitacional cuantitativo,ND - pendiente Fase 2 (ECV),,,,,0,,ND,ECV (fuera de alcance Fase 1),ND - pendiente Fase 2 (ECV): fuente fuera de alcance de Fase 1
Quibdó,27,2023,Ene-Dic (12 meses),deficit_habitacional,Distribucion por estrato socioeconomico,ND - pendiente Fase 2 (ECV),,,,,0,,ND,ECV (fuera de alcance Fase 1),ND - pendiente Fase 2 (ECV): fuente fuera de alcance de Fase 1
Quibdó,27,2023,Ene-Dic (12 meses),esfuerzo_financiero,Arrendatarios que destinan >30% del ingreso al arriendo,50.29,,,,,2761,,ACEPTABLE,"Pobreza Monetaria 2023 (DANE, catalogo ANDA 835)",sobrecarga (>30%)
Quibdó,27,2023,Ene-Dic (12 meses),esfuerzo_financiero,Arrendatarios que destinan >50% del ingreso al arriendo,27.01,,,,,2761,,ACEPTABLE,"Pobreza Monetaria 2023 (DANE, catalogo ANDA 835)",sobrecarga severa (>50%)
Quibdó,27,2023,Ene-Dic (12 meses),esfuerzo_financiero,Arriendo/ingreso del hogar (mediana),30.25,,,,,2761,,ACEPTABLE,"Pobreza Monetaria 2023 (DANE, catalogo ANDA 835)",Merge con 99.9% de coincidencia
Quibdó,27,2023,Ene-Dic (12 meses),hacinamiento,Hogares con hacinamiento (>3 personas/cuarto para dormir),2.39,0.1705,2.0857,2.7279,1.0318,8298,7.1198,ACEPTABLE,"GEIH 2023 (DANE, catalogo ANDA 782)","Umbral >3 sobre CUARTOS PARA DORMIR (P5010), no cuartos totales"
Quibdó,27,2023,Ene-Dic (12 meses),hacinamiento,Hogares con hacinamiento critico NBI (>3 personas/cuarto TOTAL),0.51,,,,,8298,,PRECAUCION,"GEIH 2023 (DANE, catalogo ANDA 782)",Definicion oficial DANE-NBI (cuartos totales incl. sala-comedor)
Quibdó,27,2023,Ene-Dic (12 meses),hacinamiento,Personas por cuarto para dormir - mediana,1.33,,,,,8298,,ACEPTABLE,"GEIH 2023 (DANE, catalogo ANDA 782)",
Quibdó,27,2023,Ene-Dic (12 meses),hacinamiento,Personas por cuarto para dormir - promedio,1.52,0.0080,1.5004,1.5308,0.9523,8298,0.5304,EXCELENTE,"GEIH 2023 (DANE, catalogo ANDA 782)",
Quibdó,27,2023,Ene-Dic (12 meses),ingreso_pobreza,% arrendatarios en pobreza monetaria,60.17,,,,,2786,,ACEPTABLE,"Pobreza Monetaria 2023 (DANE, catalogo ANDA 835)",
Quibdó,27,2023,Ene-Dic (12 meses),ingreso_pobreza,% hogares no pobres que viven en arriendo,28.57,,,,,3856,,ACEPTABLE,"Pobreza Monetaria 2023 (DANE, catalogo ANDA 835)",
Quibdó,27,2023,Ene-Dic (12 meses),ingreso_pobreza,% hogares pobres que viven en arriendo,39.64,,,,,4442,,ACEPTABLE,"Pobreza Monetaria 2023 (DANE, catalogo ANDA 835)",
Quibdó,27,2023,Ene-Dic (12 meses),ingreso_pobreza,% propietarios en pobreza monetaria,42.01,,,,,2813,,ACEPTABLE,"Pobreza Monetaria 2023 (DANE, catalogo ANDA 835)",
Quibdó,27,2023,Ene-Dic (12 meses),ingreso_pobreza,Brecha de ingreso propietarios vs arrendatarios,25.0,,,,,0,,NO_APLICA,"Pobreza Monetaria 2023 (DANE, catalogo ANDA 835)",(+) = propietarios ganan mas; calculado sobre medianas ponderadas
Quibdó,27,2023,Ene-Dic (12 meses),ingreso_pobreza,Ingreso mediano hogares arrendatarios,1200000.0,,,,,2763,,ACEPTABLE,"Pobreza Monetaria 2023 (DANE, catalogo ANDA 835)",ingtotug = ingreso total unidad de gasto SIN imputar arriendo
Quibdó,27,2023,Ene-Dic (12 meses),ingreso_pobreza,Ingreso mediano hogares propietarios,1500000.0,,,,,2775,,ACEPTABLE,"Pobreza Monetaria 2023 (DANE, catalogo ANDA 835)",ingtotug = ingreso total unidad de gasto SIN imputar arriendo
Quibdó,27,2023,Ene-Dic (12 meses),servicios_publicos,Hogares sin acueducto,43.2,0.6112,42.0939,44.4185,1.2631,8298,1.4149,EXCELENTE,"GEIH 2023 (DANE, catalogo ANDA 782)",
Quibdó,27,2023,Ene-Dic (12 meses),servicios_publicos,Hogares sin alcantarillado,84.07,0.4849,82.9964,84.9706,1.4566,8298,0.5768,EXCELENTE,"GEIH 2023 (DANE, catalogo ANDA 782)",
Quibdó,27,2023,Ene-Dic (12 meses),servicios_publicos,Hogares sin energia electrica,0.05,0.0258,0.0000,0.1063,1.2158,8298,56.8410,NO PUBLICAR,"GEIH 2023 (DANE, catalogo ANDA 782)",
Quibdó,27,2023,Ene-Dic (12 meses),servicios_publicos,Hogares sin gas natural conectado a red,99.83,0.0478,99.7315,99.9125,1.0858,8298,0.0479,EXCELENTE,"GEIH 2023 (DANE, catalogo ANDA 782)",
Quibdó,27,2023,Ene-Dic (12 meses),servicios_publicos,Hogares sin recoleccion de basuras,1.63,0.1381,1.3708,1.9217,0.9879,8298,8.4811,ACEPTABLE,"GEIH 2023 (DANE, catalogo ANDA 782)",
Quibdó,27,2023,Ene-Dic (12 meses),tenencia,Tenencia: En arriendo o subarriendo,34.34,0.5196,33.3560,35.3697,0.9937,2786,1.5133,EXCELENTE,"GEIH 2023 (DANE, catalogo ANDA 782)",
Quibdó,27,2023,Ene-Dic (12 meses),tenencia,Tenencia: En usufructo,31.23,0.5380,30.0950,32.3747,1.1184,2601,1.7225,EXCELENTE,"GEIH 2023 (DANE, catalogo ANDA 782)",
Quibdó,27,2023,Ene-Dic (12 meses),tenencia,Tenencia: Otra,0.0,0.0000,0.0000,0.0000,,0,,ACEPTABLE,"GEIH 2023 (DANE, catalogo ANDA 782)",
Quibdó,27,2023,Ene-Dic (12 meses),tenencia,Tenencia: Posesion sin titulo,0.74,0.1026,0.5525,0.9203,1.1947,63,13.9272,ACEPTABLE,"GEIH 2023 (DANE, catalogo ANDA 782)",
Quibdó,27,2023,Ene-Dic (12 meses),tenencia,"Tenencia: Propia, la estan pagando",0.34,0.0713,0.2106,0.5083,1.2337,27,20.7771,PRECAUCION,"GEIH 2023 (DANE, catalogo ANDA 782)",
Quibdó,27,2023,Ene-Dic (12 meses),tenencia,"Tenencia: Propia, totalmente pagada",32.93,0.5037,31.9336,33.9446,0.9533,2786,1.5295,EXCELENTE,"GEIH 2023 (DANE, catalogo ANDA 782)",
Quibdó,27,2023,Ene-Dic (12 meses),tenencia,Tenencia: Propiedad colectiva,0.41,0.0711,0.2819,0.5640,1.0184,35,17.1782,PRECAUCION,"GEIH 2023 (DANE, catalogo ANDA 782)",
Quibdó,27,2023,Ene-Dic (12 meses),tenencia,Tenencia: suma de categorias (control),100.0,,,,,8298,,NO_APLICA,"GEIH 2023 (DANE, catalogo ANDA 782)",Control de auditoria: debe ser 100% +/-0.1pp
Quibdó,27,2023,Ene-Dic (12 meses),vivienda_propia_credito,Arriendo imputado (estimado) - P25,250000.0,,,,,5459,,ACEPTABLE,"GEIH 2023 (DANE, catalogo ANDA 782)",22 registro(s) excluidos por valor extremo
Quibdó,27,2023,Ene-Dic (12 meses),vivienda_propia_credito,Arriendo imputado (estimado) - P75,500000.0,,,,,5459,,ACEPTABLE,"GEIH 2023 (DANE, catalogo ANDA 782)",22 registro(s) excluidos por valor extremo
Quibdó,27,2023,Ene-Dic (12 meses),vivienda_propia_credito,Arriendo imputado (estimado) - mediana,400000.0,15950.1108,350000.0000,400000.0000,17.9628,5459,3.9875,EXCELENTE,"GEIH 2023 (DANE, catalogo ANDA 782)",22 registro(s) excluidos por valor extremo
Quibdó,27,2023,Ene-Dic (12 meses),vivienda_propia_credito,Arriendo imputado (estimado) - promedio,423617.19,4138.2585,415914.2663,431299.0998,1.2092,5459,0.9769,EXCELENTE,"GEIH 2023 (DANE, catalogo ANDA 782)",22 registro(s) excluidos por valor extremo
Quibdó,27,2023,Ene-Dic (12 meses),vivienda_propia_credito,Cuota hipotecaria mensual - P25,531917.38,,,,,26,,NO PUBLICAR,"GEIH 2023 (DANE, catalogo ANDA 782)",
Quibdó,27,2023,Ene-Dic (12 meses),vivienda_propia_credito,Cuota hipotecaria mensual - P75,1238109.27,,,,,26,,NO PUBLICAR,"GEIH 2023 (DANE, catalogo ANDA 782)",
Quibdó,27,2023,Ene-Dic (12 meses),vivienda_propia_credito,Cuota hipotecaria mensual - mediana,800000.0,96827.9243,699185.2788,1000000.0000,0.3937,26,12.1035,NO PUBLICAR,"GEIH 2023 (DANE, catalogo ANDA 782)",
Quibdó,27,2023,Ene-Dic (12 meses),vivienda_propia_credito,Cuota hipotecaria mensual - promedio,1105410.19,160627.7012,827333.1155,1438678.3024,1.0836,26,14.5310,NO PUBLICAR,"GEIH 2023 (DANE, catalogo ANDA 782)",
Quibdó,27,2023,Ene-Dic (12 meses),vivienda_propia_credito,Valor estimado de venta de la vivienda - P25,40000000.0,,,,,2650,,ACEPTABLE,"GEIH 2023 (DANE, catalogo ANDA 782)",26 registro(s) excluidos por valor extremo
Quibdó,27,2023,Ene-Dic (12 meses),vivienda_propia_credito,Valor estimado de venta de la vivienda - P75,100000000.0,,,,,2650,,ACEPTABLE,"GEIH 2023 (DANE, catalogo ANDA 782)",26 registro(s) excluidos por valor extremo
Quibdó,27,2023,Ene-Dic (12 meses),vivienda_propia_credito,Valor estimado de venta de la vivienda - mediana,70000000.0,0.0000,70000000.0000,70000000.0000,0.0000,2650,0.0000,EXCELENTE,"GEIH 2023 (DANE, catalogo ANDA 782)",26 registro(s) excluidos por valor extremo
Quibdó,27,2023,Ene-Dic (12 meses),vivienda_propia_credito,Valor estimado de venta de la vivienda - promedio,94634845.56,2573848.3458,90106364.6170,100340536.0716,1.3058,2650,2.7198,EXCELENTE,"GEIH 2023 (DANE, catalogo ANDA 782)",26 registro(s) excluidos por valor extremo
Quibdó,27,2024,Ene-Dic (12 meses),arriendo,Canon de arriendo mensual - P25,300000.0,,,,,2539,,ACEPTABLE,"GEIH 2024 (DANE, catalogo ANDA 819)",3 registro(s) excluidos por valor extremo
Quibdó,27,2024,Ene-Dic (12 meses),arriendo,Canon de arriendo mensual - P75,500000.0,,,,,2539,,ACEPTABLE,"GEIH 2024 (DANE, catalogo ANDA 819)",3 registro(s) excluidos por valor extremo
Quibdó,27,2024,Ene-Dic (12 meses),arriendo,Canon de arriendo mensual - mediana,400000.0,3747.7997,380000.0000,400000.0000,0.8935,2539,0.9369,EXCELENTE,"GEIH 2024 (DANE, catalogo ANDA 819)",3 registro(s) excluidos por valor extremo
Quibdó,27,2024,Ene-Dic (12 meses),arriendo,Canon de arriendo mensual - promedio,415212.95,4279.7092,406518.5365,424156.7547,1.1651,2539,1.0307,EXCELENTE,"GEIH 2024 (DANE, catalogo ANDA 819)",3 registro(s) excluidos por valor extremo
Quibdó,27,2024,Ene-Dic (12 meses),deficit_habitacional,Deficit habitacional cualitativo,ND - pendiente Fase 2 (ECV),,,,,0,,ND,ECV (fuera de alcance Fase 1),ND - pendiente Fase 2 (ECV): fuente fuera de alcance de Fase 1
Quibdó,27,2024,Ene-Dic (12 meses),deficit_habitacional,Deficit habitacional cuantitativo,ND - pendiente Fase 2 (ECV),,,,,0,,ND,ECV (fuera de alcance Fase 1),ND - pendiente Fase 2 (ECV): fuente fuera de alcance de Fase 1
Quibdó,27,2024,Ene-Dic (12 meses),deficit_habitacional,Distribucion por estrato socioeconomico,ND - pendiente Fase 2 (ECV),,,,,0,,ND,ECV (fuera de alcance Fase 1),ND - pendiente Fase 2 (ECV): fuente fuera de alcance de Fase 1
Quibdó,27,2024,Ene-Dic (12 meses),esfuerzo_financiero,Arrendatarios que destinan >30% del ingreso al arriendo,48.15,,,,,2508,,ACEPTABLE,"Pobreza Monetaria 2024 (DANE, catalogo ANDA 874)",sobrecarga (>30%)
Quibdó,27,2024,Ene-Dic (12 meses),esfuerzo_financiero,Arrendatarios que destinan >50% del ingreso al arriendo,25.79,,,,,2508,,ACEPTABLE,"Pobreza Monetaria 2024 (DANE, catalogo ANDA 874)",sobrecarga severa (>50%)
Quibdó,27,2024,Ene-Dic (12 meses),esfuerzo_financiero,Arriendo/ingreso del hogar (mediana),29.25,,,,,2508,,ACEPTABLE,"Pobreza Monetaria 2024 (DANE, catalogo ANDA 874)",Merge con 99.9% de coincidencia
Quibdó,27,2024,Ene-Dic (12 meses),hacinamiento,Hogares con hacinamiento (>3 personas/cuarto para dormir),2.45,0.1857,2.1063,2.8531,1.1495,7980,7.5674,ACEPTABLE,"GEIH 2024 (DANE, catalogo ANDA 819)","Umbral >3 sobre CUARTOS PARA DORMIR (P5010), no cuartos totales"
Quibdó,27,2024,Ene-Dic (12 meses),hacinamiento,Hogares con hacinamiento critico NBI (>3 personas/cuarto TOTAL),0.49,,,,,7980,,PRECAUCION,"GEIH 2024 (DANE, catalogo ANDA 819)",Definicion oficial DANE-NBI (cuartos totales incl. sala-comedor)
Quibdó,27,2024,Ene-Dic (12 meses),hacinamiento,Personas por cuarto para dormir - mediana,1.33,,,,,7980,,ACEPTABLE,"GEIH 2024 (DANE, catalogo ANDA 819)",
Quibdó,27,2024,Ene-Dic (12 meses),hacinamiento,Personas por cuarto para dormir - promedio,1.51,0.0088,1.4956,1.5301,1.1044,7980,0.5791,EXCELENTE,"GEIH 2024 (DANE, catalogo ANDA 819)",
Quibdó,27,2024,Ene-Dic (12 meses),ingreso_pobreza,% arrendatarios en pobreza monetaria,57.89,,,,,2543,,ACEPTABLE,"Pobreza Monetaria 2024 (DANE, catalogo ANDA 874)",
Quibdó,27,2024,Ene-Dic (12 meses),ingreso_pobreza,% hogares no pobres que viven en arriendo,28.1,,,,,3931,,ACEPTABLE,"Pobreza Monetaria 2024 (DANE, catalogo ANDA 874)",
Quibdó,27,2024,Ene-Dic (12 meses),ingreso_pobreza,% hogares pobres que viven en arriendo,38.34,,,,,4049,,ACEPTABLE,"Pobreza Monetaria 2024 (DANE, catalogo ANDA 874)",
Quibdó,27,2024,Ene-Dic (12 meses),ingreso_pobreza,% propietarios en pobreza monetaria,40.83,,,,,2360,,ACEPTABLE,"Pobreza Monetaria 2024 (DANE, catalogo ANDA 874)",
Quibdó,27,2024,Ene-Dic (12 meses),ingreso_pobreza,Brecha de ingreso propietarios vs arrendatarios,29.8,,,,,0,,NO_APLICA,"Pobreza Monetaria 2024 (DANE, catalogo ANDA 874)",(+) = propietarios ganan mas; calculado sobre medianas ponderadas
Quibdó,27,2024,Ene-Dic (12 meses),ingreso_pobreza,Ingreso mediano hogares arrendatarios,1300000.0,,,,,2511,,ACEPTABLE,"Pobreza Monetaria 2024 (DANE, catalogo ANDA 874)",ingtotug = ingreso total unidad de gasto SIN imputar arriendo
Quibdó,27,2024,Ene-Dic (12 meses),ingreso_pobreza,Ingreso mediano hogares propietarios,1687363.97,,,,,2335,,ACEPTABLE,"Pobreza Monetaria 2024 (DANE, catalogo ANDA 874)",ingtotug = ingreso total unidad de gasto SIN imputar arriendo
Quibdó,27,2024,Ene-Dic (12 meses),servicios_publicos,Hogares sin acueducto,36.56,0.5422,35.4834,37.5714,1.0113,7980,1.4828,EXCELENTE,"GEIH 2024 (DANE, catalogo ANDA 819)",
Quibdó,27,2024,Ene-Dic (12 meses),servicios_publicos,Hogares sin alcantarillado,83.9,0.4418,82.9857,84.6791,1.1531,7980,0.5267,EXCELENTE,"GEIH 2024 (DANE, catalogo ANDA 819)",
Quibdó,27,2024,Ene-Dic (12 meses),servicios_publicos,Hogares sin energia electrica,0.0,0.0000,0.0000,0.0000,,7980,,ACEPTABLE,"GEIH 2024 (DANE, catalogo ANDA 819)",
Quibdó,27,2024,Ene-Dic (12 meses),servicios_publicos,Hogares sin gas natural conectado a red,99.88,0.0377,99.7969,99.9458,0.9281,7980,0.0378,EXCELENTE,"GEIH 2024 (DANE, catalogo ANDA 819)",
Quibdó,27,2024,Ene-Dic (12 meses),servicios_publicos,Hogares sin recoleccion de basuras,1.17,0.1317,0.9073,1.3892,1.1971,7980,11.2611,ACEPTABLE,"GEIH 2024 (DANE, catalogo ANDA 819)",
Quibdó,27,2024,Ene-Dic (12 meses),tenencia,Tenencia: En arriendo o subarriendo,33.24,0.5879,32.1380,34.4731,1.2430,2543,1.7688,EXCELENTE,"GEIH 2024 (DANE, catalogo ANDA 819)",
Quibdó,27,2024,Ene-Dic (12 meses),tenencia,Tenencia: En usufructo,37.01,0.5673,35.8857,38.1787,1.1016,2949,1.5328,EXCELENTE,"GEIH 2024 (DANE, catalogo ANDA 819)",
Quibdó,27,2024,Ene-Dic (12 meses),tenencia,Tenencia: Otra,0.0,0.0000,0.0000,0.0000,,0,,ACEPTABLE,"GEIH 2024 (DANE, catalogo ANDA 819)",
Quibdó,27,2024,Ene-Dic (12 meses),tenencia,Tenencia: Posesion sin titulo,0.98,0.1199,0.7515,1.2035,1.1815,76,12.2234,ACEPTABLE,"GEIH 2024 (DANE, catalogo ANDA 819)",
Quibdó,27,2024,Ene-Dic (12 meses),tenencia,"Tenencia: Propia, la estan pagando",0.16,0.0458,0.0791,0.2550,1.0484,14,28.6339,NO PUBLICAR,"GEIH 2024 (DANE, catalogo ANDA 819)",
Quibdó,27,2024,Ene-Dic (12 meses),tenencia,"Tenencia: Propia, totalmente pagada",28.04,0.5260,26.9035,29.0030,1.0942,2346,1.8758,EXCELENTE,"GEIH 2024 (DANE, catalogo ANDA 819)",
Quibdó,27,2024,Ene-Dic (12 meses),tenencia,Tenencia: Propiedad colectiva,0.57,0.0788,0.4253,0.7093,0.8768,52,13.8650,ACEPTABLE,"GEIH 2024 (DANE, catalogo ANDA 819)",
Quibdó,27,2024,Ene-Dic (12 meses),tenencia,Tenencia: suma de categorias (control),100.0,,,,,7980,,NO_APLICA,"GEIH 2024 (DANE, catalogo ANDA 819)",Control de auditoria: debe ser 100% +/-0.1pp
Quibdó,27,2024,Ene-Dic (12 meses),vivienda_propia_credito,Arriendo imputado (estimado) - P25,250000.0,,,,,5406,,ACEPTABLE,"GEIH 2024 (DANE, catalogo ANDA 819)",21 registro(s) excluidos por valor extremo
Quibdó,27,2024,Ene-Dic (12 meses),vivienda_propia_credito,Arriendo imputado (estimado) - P75,500000.0,,,,,5406,,ACEPTABLE,"GEIH 2024 (DANE, catalogo ANDA 819)",21 registro(s) excluidos por valor extremo
Quibdó,27,2024,Ene-Dic (12 meses),vivienda_propia_credito,Arriendo imputado (estimado) - mediana,380000.0,22942.3588,350000.0000,400000.0000,34.3139,5406,6.0375,ACEPTABLE,"GEIH 2024 (DANE, catalogo ANDA 819)",21 registro(s) excluidos por valor extremo
Quibdó,27,2024,Ene-Dic (12 meses),vivienda_propia_credito,Arriendo imputado (estimado) - promedio,425234.52,3887.5114,417780.3940,432769.3126,0.9852,5406,0.9142,EXCELENTE,"GEIH 2024 (DANE, catalogo ANDA 819)",21 registro(s) excluidos por valor extremo
Quibdó,27,2024,Ene-Dic (12 meses),vivienda_propia_credito,Cuota hipotecaria mensual - P25,395095.91,,,,,14,,NO PUBLICAR,"GEIH 2024 (DANE, catalogo ANDA 819)",
Quibdó,27,2024,Ene-Dic (12 meses),vivienda_propia_credito,Cuota hipotecaria mensual - P75,755411.16,,,,,14,,NO PUBLICAR,"GEIH 2024 (DANE, catalogo ANDA 819)",
Quibdó,27,2024,Ene-Dic (12 meses),vivienda_propia_credito,Cuota hipotecaria mensual - mediana,519342.22,83244.9602,400000.0000,746632.6126,1.1357,14,16.0289,NO PUBLICAR,"GEIH 2024 (DANE, catalogo ANDA 819)",
Quibdó,27,2024,Ene-Dic (12 meses),vivienda_propia_credito,Cuota hipotecaria mensual - promedio,614241.83,70371.6900,489631.6969,755811.7621,0.8116,14,11.4567,NO PUBLICAR,"GEIH 2024 (DANE, catalogo ANDA 819)",
Quibdó,27,2024,Ene-Dic (12 meses),vivienda_propia_credito,Valor estimado de venta de la vivienda - P25,45000000.0,,,,,2275,,ACEPTABLE,"GEIH 2024 (DANE, catalogo ANDA 819)",18 registro(s) excluidos por valor extremo
Quibdó,27,2024,Ene-Dic (12 meses),vivienda_propia_credito,Valor estimado de venta de la vivienda - P75,100000000.0,,,,,2275,,ACEPTABLE,"GEIH 2024 (DANE, catalogo ANDA 819)",18 registro(s) excluidos por valor extremo
Quibdó,27,2024,Ene-Dic (12 meses),vivienda_propia_credito,Valor estimado de venta de la vivienda - mediana,70000000.0,407565.0292,70000000.0000,70000000.0000,0.0400,2275,0.5822,EXCELENTE,"GEIH 2024 (DANE, catalogo ANDA 819)",18 registro(s) excluidos por valor extremo
Quibdó,27,2024,Ene-Dic (12 meses),vivienda_propia_credito,Valor estimado de venta de la vivienda - promedio,96066776.07,2147739.8269,92119062.2179,99859762.1293,1.1100,2275,2.2357,EXCELENTE,"GEIH 2024 (DANE, catalogo ANDA 819)",18 registro(s) excluidos por valor extremo
Quibdó,27,2025,Ene-Dic (12 meses),arriendo,Canon de arriendo mensual - P25,250000.0,,,,,2652,,ACEPTABLE,"GEIH 2025 (DANE, catalogo ANDA 853)",3 registro(s) excluidos por valor extremo
Quibdó,27,2025,Ene-Dic (12 meses),arriendo,Canon de arriendo mensual - P75,500000.0,,,,,2652,,ACEPTABLE,"GEIH 2025 (DANE, catalogo ANDA 853)",3 registro(s) excluidos por valor extremo
Quibdó,27,2025,Ene-Dic (12 meses),arriendo,Canon de arriendo mensual - mediana,350000.0,9249.2221,350000.0000,380000.0000,4.7175,2652,2.6426,EXCELENTE,"GEIH 2025 (DANE, catalogo ANDA 853)",3 registro(s) excluidos por valor extremo
Quibdó,27,2025,Ene-Dic (12 meses),arriendo,Canon de arriendo mensual - promedio,399305.86,4419.2442,390570.8407,407913.4430,1.0770,2652,1.1067,EXCELENTE,"GEIH 2025 (DANE, catalogo ANDA 853)",3 registro(s) excluidos por valor extremo
Quibdó,27,2025,Ene-Dic (12 meses),deficit_habitacional,Deficit habitacional cualitativo,ND - pendiente Fase 2 (ECV),,,,,0,,ND,ECV (fuera de alcance Fase 1),ND - pendiente Fase 2 (ECV): fuente fuera de alcance de Fase 1
Quibdó,27,2025,Ene-Dic (12 meses),deficit_habitacional,Deficit habitacional cuantitativo,ND - pendiente Fase 2 (ECV),,,,,0,,ND,ECV (fuera de alcance Fase 1),ND - pendiente Fase 2 (ECV): fuente fuera de alcance de Fase 1
Quibdó,27,2025,Ene-Dic (12 meses),deficit_habitacional,Distribucion por estrato socioeconomico,ND - pendiente Fase 2 (ECV),,,,,0,,ND,ECV (fuera de alcance Fase 1),ND - pendiente Fase 2 (ECV): fuente fuera de alcance de Fase 1
Quibdó,27,2025,Ene-Dic (12 meses),esfuerzo_financiero,Arrendatarios que destinan >30% del ingreso al arriendo,44.93,,,,,2621,,ACEPTABLE,"Pobreza Monetaria 2025 (DANE, catalogo ANDA 908)",sobrecarga (>30%)
Quibdó,27,2025,Ene-Dic (12 meses),esfuerzo_financiero,Arrendatarios que destinan >50% del ingreso al arriendo,24.7,,,,,2621,,ACEPTABLE,"Pobreza Monetaria 2025 (DANE, catalogo ANDA 908)",sobrecarga severa (>50%)
Quibdó,27,2025,Ene-Dic (12 meses),esfuerzo_financiero,Arriendo/ingreso del hogar (mediana),26.99,,,,,2621,,ACEPTABLE,"Pobreza Monetaria 2025 (DANE, catalogo ANDA 908)",Merge con 99.9% de coincidencia
Quibdó,27,2025,Ene-Dic (12 meses),hacinamiento,Hogares con hacinamiento (>3 personas/cuarto para dormir),1.95,0.1640,1.6303,2.2752,1.1658,8305,8.3927,ACEPTABLE,"GEIH 2025 (DANE, catalogo ANDA 853)","Umbral >3 sobre CUARTOS PARA DORMIR (P5010), no cuartos totales"
Quibdó,27,2025,Ene-Dic (12 meses),hacinamiento,Hogares con hacinamiento critico NBI (>3 personas/cuarto TOTAL),0.49,,,,,8305,,PRECAUCION,"GEIH 2025 (DANE, catalogo ANDA 853)",Definicion oficial DANE-NBI (cuartos totales incl. sala-comedor)
Quibdó,27,2025,Ene-Dic (12 meses),hacinamiento,Personas por cuarto para dormir - mediana,1.33,,,,,8305,,ACEPTABLE,"GEIH 2025 (DANE, catalogo ANDA 853)",
Quibdó,27,2025,Ene-Dic (12 meses),hacinamiento,Personas por cuarto para dormir - promedio,1.49,0.0083,1.4688,1.5030,1.1088,8305,0.5609,EXCELENTE,"GEIH 2025 (DANE, catalogo ANDA 853)",
Quibdó,27,2025,Ene-Dic (12 meses),ingreso_pobreza,% arrendatarios en pobreza monetaria,58.63,,,,,2655,,ACEPTABLE,"Pobreza Monetaria 2025 (DANE, catalogo ANDA 908)",
Quibdó,27,2025,Ene-Dic (12 meses),ingreso_pobreza,% hogares no pobres que viven en arriendo,28.81,,,,,3844,,ACEPTABLE,"Pobreza Monetaria 2025 (DANE, catalogo ANDA 908)",
Quibdó,27,2025,Ene-Dic (12 meses),ingreso_pobreza,% hogares pobres que viven en arriendo,36.39,,,,,4461,,ACEPTABLE,"Pobreza Monetaria 2025 (DANE, catalogo ANDA 908)",
Quibdó,27,2025,Ene-Dic (12 meses),ingreso_pobreza,% propietarios en pobreza monetaria,43.75,,,,,2432,,ACEPTABLE,"Pobreza Monetaria 2025 (DANE, catalogo ANDA 908)",
Quibdó,27,2025,Ene-Dic (12 meses),ingreso_pobreza,Brecha de ingreso propietarios vs arrendatarios,19.0,,,,,0,,NO_APLICA,"Pobreza Monetaria 2025 (DANE, catalogo ANDA 908)",(+) = propietarios ganan mas; calculado sobre medianas ponderadas
Quibdó,27,2025,Ene-Dic (12 meses),ingreso_pobreza,Ingreso mediano hogares arrendatarios,1362217.1,,,,,2624,,ACEPTABLE,"Pobreza Monetaria 2025 (DANE, catalogo ANDA 908)",ingtotug = ingreso total unidad de gasto SIN imputar arriendo
Quibdó,27,2025,Ene-Dic (12 meses),ingreso_pobreza,Ingreso mediano hogares propietarios,1620975.65,,,,,2417,,ACEPTABLE,"Pobreza Monetaria 2025 (DANE, catalogo ANDA 908)",ingtotug = ingreso total unidad de gasto SIN imputar arriendo
Quibdó,27,2025,Ene-Dic (12 meses),servicios_publicos,Hogares sin acueducto,33.92,0.5645,32.7761,35.0459,1.1807,8305,1.6641,EXCELENTE,"GEIH 2025 (DANE, catalogo ANDA 853)",
Quibdó,27,2025,Ene-Dic (12 meses),servicios_publicos,Hogares sin alcantarillado,70.5,0.5371,69.4111,71.5894,1.1522,8305,0.7619,EXCELENTE,"GEIH 2025 (DANE, catalogo ANDA 853)",
Quibdó,27,2025,Ene-Dic (12 meses),servicios_publicos,Hogares sin energia electrica,0.01,0.0105,0.0000,0.0311,0.8889,8305,101.7630,NO PUBLICAR,"GEIH 2025 (DANE, catalogo ANDA 853)",
Quibdó,27,2025,Ene-Dic (12 meses),servicios_publicos,Hogares sin gas natural conectado a red,99.8,0.0487,99.6960,99.8758,0.9952,8305,0.0488,EXCELENTE,"GEIH 2025 (DANE, catalogo ANDA 853)",
Quibdó,27,2025,Ene-Dic (12 meses),servicios_publicos,Hogares sin recoleccion de basuras,2.98,0.1943,2.6051,3.3478,1.0828,8305,6.5111,ACEPTABLE,"GEIH 2025 (DANE, catalogo ANDA 853)",
Quibdó,27,2025,Ene-Dic (12 meses),tenencia,Tenencia: En arriendo o subarriendo,32.82,0.5365,31.7856,33.8694,1.0842,2655,1.6347,EXCELENTE,"GEIH 2025 (DANE, catalogo ANDA 853)",
Quibdó,27,2025,Ene-Dic (12 meses),tenencia,Tenencia: En usufructo,35.71,0.5518,34.5317,36.7115,1.1015,2981,1.5452,EXCELENTE,"GEIH 2025 (DANE, catalogo ANDA 853)",
Quibdó,27,2025,Ene-Dic (12 meses),tenencia,Tenencia: Otra,0.0,0.0000,0.0000,0.0000,,0,,ACEPTABLE,"GEIH 2025 (DANE, catalogo ANDA 853)",
Quibdó,27,2025,Ene-Dic (12 meses),tenencia,Tenencia: Posesion sin titulo,0.89,0.1066,0.6989,1.0976,1.0667,85,11.9389,ACEPTABLE,"GEIH 2025 (DANE, catalogo ANDA 853)",
Quibdó,27,2025,Ene-Dic (12 meses),tenencia,"Tenencia: Propia, la estan pagando",0.34,0.0681,0.2317,0.4746,1.1437,28,20.1525,PRECAUCION,"GEIH 2025 (DANE, catalogo ANDA 853)",
Quibdó,27,2025,Ene-Dic (12 meses),tenencia,"Tenencia: Propia, totalmente pagada",28.48,0.5011,27.5623,29.5163,1.0240,2404,1.7598,EXCELENTE,"GEIH 2025 (DANE, catalogo ANDA 853)",
Quibdó,27,2025,Ene-Dic (12 meses),tenencia,Tenencia: Propiedad colectiva,1.76,0.1490,1.4803,2.0483,1.0664,152,8.4639,ACEPTABLE,"GEIH 2025 (DANE, catalogo ANDA 853)",
Quibdó,27,2025,Ene-Dic (12 meses),tenencia,Tenencia: suma de categorias (control),100.0,,,,,8305,,NO_APLICA,"GEIH 2025 (DANE, catalogo ANDA 853)",Control de auditoria: debe ser 100% +/-0.1pp
Quibdó,27,2025,Ene-Dic (12 meses),vivienda_propia_credito,Arriendo imputado (estimado) - P25,200000.0,,,,,5626,,ACEPTABLE,"GEIH 2025 (DANE, catalogo ANDA 853)",16 registro(s) excluidos por valor extremo
Quibdó,27,2025,Ene-Dic (12 meses),vivienda_propia_credito,Arriendo imputado (estimado) - P75,500000.0,,,,,5626,,ACEPTABLE,"GEIH 2025 (DANE, catalogo ANDA 853)",16 registro(s) excluidos por valor extremo
Quibdó,27,2025,Ene-Dic (12 meses),vivienda_propia_credito,Arriendo imputado (estimado) - mediana,350000.0,17136.3899,300000.0000,350000.0000,13.8057,5626,4.8961,EXCELENTE,"GEIH 2025 (DANE, catalogo ANDA 853)",16 registro(s) excluidos por valor extremo
Quibdó,27,2025,Ene-Dic (12 meses),vivienda_propia_credito,Arriendo imputado (estimado) - promedio,433757.92,5210.8004,424585.5320,444366.0638,1.2765,5626,1.2013,EXCELENTE,"GEIH 2025 (DANE, catalogo ANDA 853)",16 registro(s) excluidos por valor extremo
Quibdó,27,2025,Ene-Dic (12 meses),vivienda_propia_credito,Cuota hipotecaria mensual - P25,700000.0,,,,,28,,NO PUBLICAR,"GEIH 2025 (DANE, catalogo ANDA 853)",
Quibdó,27,2025,Ene-Dic (12 meses),vivienda_propia_credito,Cuota hipotecaria mensual - P75,1411344.4,,,,,28,,NO PUBLICAR,"GEIH 2025 (DANE, catalogo ANDA 853)",
Quibdó,27,2025,Ene-Dic (12 meses),vivienda_propia_credito,Cuota hipotecaria mensual - mediana,963949.32,155923.1359,702428.3489,1212561.1022,0.5192,28,16.1754,NO PUBLICAR,"GEIH 2025 (DANE, catalogo ANDA 853)",
Quibdó,27,2025,Ene-Dic (12 meses),vivienda_propia_credito,Cuota hipotecaria mensual - promedio,1267713.65,242634.7478,850894.1681,1761356.8486,1.2571,28,19.1396,NO PUBLICAR,"GEIH 2025 (DANE, catalogo ANDA 853)",
Quibdó,27,2025,Ene-Dic (12 meses),vivienda_propia_credito,Valor estimado de venta de la vivienda - P25,46000000.0,,,,,2364,,ACEPTABLE,"GEIH 2025 (DANE, catalogo ANDA 853)",15 registro(s) excluidos por valor extremo
Quibdó,27,2025,Ene-Dic (12 meses),vivienda_propia_credito,Valor estimado de venta de la vivienda - P75,100000000.0,,,,,2364,,ACEPTABLE,"GEIH 2025 (DANE, catalogo ANDA 853)",15 registro(s) excluidos por valor extremo
Quibdó,27,2025,Ene-Dic (12 meses),vivienda_propia_credito,Valor estimado de venta de la vivienda - mediana,70000000.0,0.0000,70000000.0000,70000000.0000,0.0000,2364,0.0000,EXCELENTE,"GEIH 2025 (DANE, catalogo ANDA 853)",15 registro(s) excluidos por valor extremo
Quibdó,27,2025,Ene-Dic (12 meses),vivienda_propia_credito,Valor estimado de venta de la vivienda - promedio,102217035.88,2509317.5416,97640698.2771,107111548.9495,1.1226,2364,2.4549,EXCELENTE,"GEIH 2025 (DANE, catalogo ANDA 853)",15 registro(s) excluidos por valor extremo
Quibdó,27,2026*,Ene-Jun (parcial),arriendo,Canon de arriendo mensual - P25,300000.0,,,,,1399,,ACEPTABLE,"GEIH 2026 Ene-Jun (DANE, catalogo ANDA 900)",5 registro(s) excluidos por valor extremo
Quibdó,27,2026*,Ene-Jun (parcial),arriendo,Canon de arriendo mensual - P75,600000.0,,,,,1399,,ACEPTABLE,"GEIH 2026 Ene-Jun (DANE, catalogo ANDA 900)",5 registro(s) excluidos por valor extremo
Quibdó,27,2026*,Ene-Jun (parcial),arriendo,Canon de arriendo mensual - mediana,450000.0,866.0254,450000.0000,450000.0000,0.0209,1399,0.1925,EXCELENTE,"GEIH 2026 Ene-Jun (DANE, catalogo ANDA 900)",5 registro(s) excluidos por valor extremo
Quibdó,27,2026*,Ene-Jun (parcial),arriendo,Canon de arriendo mensual - promedio,476386.41,6137.3606,463531.4337,486774.8240,1.0502,1399,1.2883,EXCELENTE,"GEIH 2026 Ene-Jun (DANE, catalogo ANDA 900)",5 registro(s) excluidos por valor extremo
Quibdó,27,2026*,Ene-Jun (parcial),deficit_habitacional,Deficit habitacional cualitativo,ND - pendiente Fase 2 (ECV),,,,,0,,ND,ECV (fuera de alcance Fase 1),ND - pendiente Fase 2 (ECV): fuente fuera de alcance de Fase 1
Quibdó,27,2026*,Ene-Jun (parcial),deficit_habitacional,Deficit habitacional cuantitativo,ND - pendiente Fase 2 (ECV),,,,,0,,ND,ECV (fuera de alcance Fase 1),ND - pendiente Fase 2 (ECV): fuente fuera de alcance de Fase 1
Quibdó,27,2026*,Ene-Jun (parcial),deficit_habitacional,Distribucion por estrato socioeconomico,ND - pendiente Fase 2 (ECV),,,,,0,,ND,ECV (fuera de alcance Fase 1),ND - pendiente Fase 2 (ECV): fuente fuera de alcance de Fase 1
Quibdó,27,2026*,Ene-Jun (parcial),esfuerzo_financiero,Arrendatarios que destinan >30% del ingreso al arriendo,ND,,,,,0,,ND,ND - DANE no publica Pobreza Monetaria 2026,DANE no publica Medicion de Pobreza Monetaria y Desigualdad 2026 (requiere año calendario completo); no se calcula ni se extrapola
Quibdó,27,2026*,Ene-Jun (parcial),esfuerzo_financiero,Arrendatarios que destinan >50% del ingreso al arriendo,ND,,,,,0,,ND,ND - DANE no publica Pobreza Monetaria 2026,DANE no publica Medicion de Pobreza Monetaria y Desigualdad 2026 (requiere año calendario completo); no se calcula ni se extrapola
Quibdó,27,2026*,Ene-Jun (parcial),esfuerzo_financiero,Arriendo/ingreso del hogar (mediana),ND,,,,,0,,ND,ND - DANE no publica Pobreza Monetaria 2026,DANE no publica Medicion de Pobreza Monetaria y Desigualdad 2026 (requiere año calendario completo); no se calcula ni se extrapola
Quibdó,27,2026*,Ene-Jun (parcial),hacinamiento,Hogares con hacinamiento (>3 personas/cuarto para dormir),1.71,0.2367,1.2771,2.1531,1.3555,4059,13.8664,ACEPTABLE,"GEIH 2026 Ene-Jun (DANE, catalogo ANDA 900)","Umbral >3 sobre CUARTOS PARA DORMIR (P5010), no cuartos totales"
Quibdó,27,2026*,Ene-Jun (parcial),hacinamiento,Hogares con hacinamiento critico NBI (>3 personas/cuarto TOTAL),0.62,,,,,4059,,NO PUBLICAR,"GEIH 2026 Ene-Jun (DANE, catalogo ANDA 900)",Definicion oficial DANE-NBI (cuartos totales incl. sala-comedor)
Quibdó,27,2026*,Ene-Jun (parcial),hacinamiento,Personas por cuarto para dormir - mediana,1.33,,,,,4059,,ACEPTABLE,"GEIH 2026 Ene-Jun (DANE, catalogo ANDA 900)",
Quibdó,27,2026*,Ene-Jun (parcial),hacinamiento,Personas por cuarto para dormir - promedio,1.49,0.0130,1.4675,1.5153,1.2700,4059,0.8706,EXCELENTE,"GEIH 2026 Ene-Jun (DANE, catalogo ANDA 900)",
Quibdó,27,2026*,Ene-Jun (parcial),ingreso_pobreza,% arrendatarios en pobreza monetaria,ND,,,,,0,,ND,ND - DANE no publica Pobreza Monetaria 2026,DANE no publica Medicion de Pobreza Monetaria y Desigualdad 2026 (requiere año calendario completo); no se calcula ni se extrapola
Quibdó,27,2026*,Ene-Jun (parcial),ingreso_pobreza,% hogares no pobres que viven en arriendo,ND,,,,,0,,ND,ND - DANE no publica Pobreza Monetaria 2026,DANE no publica Medicion de Pobreza Monetaria y Desigualdad 2026 (requiere año calendario completo); no se calcula ni se extrapola
Quibdó,27,2026*,Ene-Jun (parcial),ingreso_pobreza,% hogares pobres que viven en arriendo,ND,,,,,0,,ND,ND - DANE no publica Pobreza Monetaria 2026,DANE no publica Medicion de Pobreza Monetaria y Desigualdad 2026 (requiere año calendario completo); no se calcula ni se extrapola
Quibdó,27,2026*,Ene-Jun (parcial),ingreso_pobreza,% propietarios en pobreza monetaria,ND,,,,,0,,ND,ND - DANE no publica Pobreza Monetaria 2026,DANE no publica Medicion de Pobreza Monetaria y Desigualdad 2026 (requiere año calendario completo); no se calcula ni se extrapola
Quibdó,27,2026*,Ene-Jun (parcial),ingreso_pobreza,Brecha de ingreso propietarios vs arrendatarios,ND,,,,,0,,ND,ND - DANE no publica Pobreza Monetaria 2026,DANE no publica Medicion de Pobreza Monetaria y Desigualdad 2026 (requiere año calendario completo); no se calcula ni se extrapola
Quibdó,27,2026*,Ene-Jun (parcial),ingreso_pobreza,Ingreso mediano hogares arrendatarios,ND,,,,,0,,ND,ND - DANE no publica Pobreza Monetaria 2026,DANE no publica Medicion de Pobreza Monetaria y Desigualdad 2026 (requiere año calendario completo); no se calcula ni se extrapola
Quibdó,27,2026*,Ene-Jun (parcial),ingreso_pobreza,Ingreso mediano hogares propietarios,ND,,,,,0,,ND,ND - DANE no publica Pobreza Monetaria 2026,DANE no publica Medicion de Pobreza Monetaria y Desigualdad 2026 (requiere año calendario completo); no se calcula ni se extrapola
Quibdó,27,2026*,Ene-Jun (parcial),servicios_publicos,Hogares sin acueducto,34.83,0.8313,33.2211,36.6223,1.2359,4059,2.3870,EXCELENTE,"GEIH 2026 Ene-Jun (DANE, catalogo ANDA 900)",
Quibdó,27,2026*,Ene-Jun (parcial),servicios_publicos,Hogares sin alcantarillado,79.72,0.6725,78.4549,80.9967,1.1354,4059,0.8436,EXCELENTE,"GEIH 2026 Ene-Jun (DANE, catalogo ANDA 900)",
Quibdó,27,2026*,Ene-Jun (parcial),servicios_publicos,Hogares sin energia electrica,0.03,0.0267,0.0000,0.0843,1.0312,4059,95.1135,NO PUBLICAR,"GEIH 2026 Ene-Jun (DANE, catalogo ANDA 900)",
Quibdó,27,2026*,Ene-Jun (parcial),servicios_publicos,Hogares sin gas natural conectado a red,99.88,0.0546,99.7547,99.9690,0.9979,4059,0.0547,EXCELENTE,"GEIH 2026 Ene-Jun (DANE, catalogo ANDA 900)",
Quibdó,27,2026*,Ene-Jun (parcial),servicios_publicos,Hogares sin recoleccion de basuras,2.51,0.2559,2.0247,2.9940,1.0854,4059,10.1865,ACEPTABLE,"GEIH 2026 Ene-Jun (DANE, catalogo ANDA 900)",
Quibdó,27,2026*,Ene-Jun (parcial),tenencia,Tenencia: En arriendo o subarriendo,35.56,0.8179,34.1022,37.1405,1.1849,1404,2.3000,EXCELENTE,"GEIH 2026 Ene-Jun (DANE, catalogo ANDA 900)",
Quibdó,27,2026*,Ene-Jun (parcial),tenencia,Tenencia: En usufructo,30.97,0.7502,29.5192,32.2731,1.0686,1264,2.4227,EXCELENTE,"GEIH 2026 Ene-Jun (DANE, catalogo ANDA 900)",
Quibdó,27,2026*,Ene-Jun (parcial),tenencia,Tenencia: Otra,0.0,0.0000,0.0000,0.0000,,0,,ACEPTABLE,"GEIH 2026 Ene-Jun (DANE, catalogo ANDA 900)",
Quibdó,27,2026*,Ene-Jun (parcial),tenencia,Tenencia: Posesion sin titulo,0.07,0.0355,0.0000,0.1472,0.7557,3,52.4686,NO PUBLICAR,"GEIH 2026 Ene-Jun (DANE, catalogo ANDA 900)",
Quibdó,27,2026*,Ene-Jun (parcial),tenencia,"Tenencia: Propia, la estan pagando",0.48,0.1128,0.2868,0.7187,1.0753,19,23.3647,PRECAUCION,"GEIH 2026 Ene-Jun (DANE, catalogo ANDA 900)",
Quibdó,27,2026*,Ene-Jun (parcial),tenencia,"Tenencia: Propia, totalmente pagada",28.91,0.7185,27.5463,30.4075,1.0194,1201,2.4851,EXCELENTE,"GEIH 2026 Ene-Jun (DANE, catalogo ANDA 900)",
Quibdó,27,2026*,Ene-Jun (parcial),tenencia,Tenencia: Propiedad colectiva,4.01,0.3107,3.4137,4.6541,1.0168,168,7.7402,ACEPTABLE,"GEIH 2026 Ene-Jun (DANE, catalogo ANDA 900)",
Quibdó,27,2026*,Ene-Jun (parcial),tenencia,Tenencia: suma de categorias (control),100.0,,,,,4059,,NO_APLICA,"GEIH 2026 Ene-Jun (DANE, catalogo ANDA 900)",Control de auditoria: debe ser 100% +/-0.1pp
Quibdó,27,2026*,Ene-Jun (parcial),vivienda_propia_credito,Arriendo imputado (estimado) - P25,300000.0,,,,,2643,,ACEPTABLE,"GEIH 2026 Ene-Jun (DANE, catalogo ANDA 900)",9 registro(s) excluidos por valor extremo
Quibdó,27,2026*,Ene-Jun (parcial),vivienda_propia_credito,Arriendo imputado (estimado) - P75,600000.0,,,,,2643,,ACEPTABLE,"GEIH 2026 Ene-Jun (DANE, catalogo ANDA 900)",9 registro(s) excluidos por valor extremo
Quibdó,27,2026*,Ene-Jun (parcial),vivienda_propia_credito,Arriendo imputado (estimado) - mediana,400000.0,0.0000,400000.0000,400000.0000,0.0000,2643,0.0000,EXCELENTE,"GEIH 2026 Ene-Jun (DANE, catalogo ANDA 900)",9 registro(s) excluidos por valor extremo
Quibdó,27,2026*,Ene-Jun (parcial),vivienda_propia_credito,Arriendo imputado (estimado) - promedio,490004.94,6825.8680,476812.5381,504353.6345,0.9895,2643,1.3930,EXCELENTE,"GEIH 2026 Ene-Jun (DANE, catalogo ANDA 900)",9 registro(s) excluidos por valor extremo
Quibdó,27,2026*,Ene-Jun (parcial),vivienda_propia_credito,Cuota hipotecaria mensual - P25,500000.0,,,,,19,,NO PUBLICAR,"GEIH 2026 Ene-Jun (DANE, catalogo ANDA 900)",
Quibdó,27,2026*,Ene-Jun (parcial),vivienda_propia_credito,Cuota hipotecaria mensual - P75,1063633.92,,,,,19,,NO PUBLICAR,"GEIH 2026 Ene-Jun (DANE, catalogo ANDA 900)",
Quibdó,27,2026*,Ene-Jun (parcial),vivienda_propia_credito,Cuota hipotecaria mensual - mediana,669927.32,141502.3647,500000.0000,954308.0527,2.3026,19,21.1220,NO PUBLICAR,"GEIH 2026 Ene-Jun (DANE, catalogo ANDA 900)",
Quibdó,27,2026*,Ene-Jun (parcial),vivienda_propia_credito,Cuota hipotecaria mensual - promedio,771350.92,91718.5009,593828.8654,952804.4130,0.9674,19,11.8906,NO PUBLICAR,"GEIH 2026 Ene-Jun (DANE, catalogo ANDA 900)",
Quibdó,27,2026*,Ene-Jun (parcial),vivienda_propia_credito,Valor estimado de venta de la vivienda - P25,45000000.0,,,,,1207,,ACEPTABLE,"GEIH 2026 Ene-Jun (DANE, catalogo ANDA 900)",5 registro(s) excluidos por valor extremo
Quibdó,27,2026*,Ene-Jun (parcial),vivienda_propia_credito,Valor estimado de venta de la vivienda - P75,120000000.0,,,,,1207,,ACEPTABLE,"GEIH 2026 Ene-Jun (DANE, catalogo ANDA 900)",5 registro(s) excluidos por valor extremo
Quibdó,27,2026*,Ene-Jun (parcial),vivienda_propia_credito,Valor estimado de venta de la vivienda - mediana,75000000.0,3807853.2765,70000000.0000,80000000.0000,1.0052,1207,5.0771,ACEPTABLE,"GEIH 2026 Ene-Jun (DANE, catalogo ANDA 900)",5 registro(s) excluidos por valor extremo
Quibdó,27,2026*,Ene-Jun (parcial),vivienda_propia_credito,Valor estimado de venta de la vivienda - promedio,108017180.5,3826019.8979,101100166.2135,115558045.4125,1.0148,1207,3.5420,EXCELENTE,"GEIH 2026 Ene-Jun (DANE, catalogo ANDA 900)",5 registro(s) excluidos por valor extremo
Riohacha,44,2023,Ene-Dic (12 meses),arriendo,Canon de arriendo mensual - P25,250000.0,,,,,3177,,ACEPTABLE,"GEIH 2023 (DANE, catalogo ANDA 782)",30 registro(s) excluidos por valor extremo
Riohacha,44,2023,Ene-Dic (12 meses),arriendo,Canon de arriendo mensual - P75,500000.0,,,,,3177,,ACEPTABLE,"GEIH 2023 (DANE, catalogo ANDA 782)",30 registro(s) excluidos por valor extremo
Riohacha,44,2023,Ene-Dic (12 meses),arriendo,Canon de arriendo mensual - mediana,360000.0,12614.7853,350000.0000,384004.2232,9.8372,3177,3.5041,EXCELENTE,"GEIH 2023 (DANE, catalogo ANDA 782)",30 registro(s) excluidos por valor extremo
Riohacha,44,2023,Ene-Dic (12 meses),arriendo,Canon de arriendo mensual - promedio,406668.1,4136.6239,399523.6619,415579.2232,1.0578,3177,1.0172,EXCELENTE,"GEIH 2023 (DANE, catalogo ANDA 782)",30 registro(s) excluidos por valor extremo
Riohacha,44,2023,Ene-Dic (12 meses),deficit_habitacional,Deficit habitacional cualitativo,ND - pendiente Fase 2 (ECV),,,,,0,,ND,ECV (fuera de alcance Fase 1),ND - pendiente Fase 2 (ECV): fuente fuera de alcance de Fase 1
Riohacha,44,2023,Ene-Dic (12 meses),deficit_habitacional,Deficit habitacional cuantitativo,ND - pendiente Fase 2 (ECV),,,,,0,,ND,ECV (fuera de alcance Fase 1),ND - pendiente Fase 2 (ECV): fuente fuera de alcance de Fase 1
Riohacha,44,2023,Ene-Dic (12 meses),deficit_habitacional,Distribucion por estrato socioeconomico,ND - pendiente Fase 2 (ECV),,,,,0,,ND,ECV (fuera de alcance Fase 1),ND - pendiente Fase 2 (ECV): fuente fuera de alcance de Fase 1
Riohacha,44,2023,Ene-Dic (12 meses),esfuerzo_financiero,Arrendatarios que destinan >30% del ingreso al arriendo,44.26,,,,,3162,,ACEPTABLE,"Pobreza Monetaria 2023 (DANE, catalogo ANDA 835)",sobrecarga (>30%)
Riohacha,44,2023,Ene-Dic (12 meses),esfuerzo_financiero,Arrendatarios que destinan >50% del ingreso al arriendo,20.07,,,,,3162,,ACEPTABLE,"Pobreza Monetaria 2023 (DANE, catalogo ANDA 835)",sobrecarga severa (>50%)
Riohacha,44,2023,Ene-Dic (12 meses),esfuerzo_financiero,Arriendo/ingreso del hogar (mediana),27.74,,,,,3162,,ACEPTABLE,"Pobreza Monetaria 2023 (DANE, catalogo ANDA 835)",Merge con 98.8% de coincidencia
Riohacha,44,2023,Ene-Dic (12 meses),hacinamiento,Hogares con hacinamiento (>3 personas/cuarto para dormir),9.17,0.3582,8.4639,9.8832,1.0549,6846,3.9072,EXCELENTE,"GEIH 2023 (DANE, catalogo ANDA 782)","Umbral >3 sobre CUARTOS PARA DORMIR (P5010), no cuartos totales"
Riohacha,44,2023,Ene-Dic (12 meses),hacinamiento,Hogares con hacinamiento critico NBI (>3 personas/cuarto TOTAL),2.76,,,,,6846,,ACEPTABLE,"GEIH 2023 (DANE, catalogo ANDA 782)",Definicion oficial DANE-NBI (cuartos totales incl. sala-comedor)
Riohacha,44,2023,Ene-Dic (12 meses),hacinamiento,Personas por cuarto para dormir - mediana,1.67,,,,,6846,,ACEPTABLE,"GEIH 2023 (DANE, catalogo ANDA 782)",
Riohacha,44,2023,Ene-Dic (12 meses),hacinamiento,Personas por cuarto para dormir - promedio,1.92,0.0143,1.8955,1.9536,1.1192,6846,0.7407,EXCELENTE,"GEIH 2023 (DANE, catalogo ANDA 782)",
Riohacha,44,2023,Ene-Dic (12 meses),ingreso_pobreza,% arrendatarios en pobreza monetaria,43.95,,,,,3217,,ACEPTABLE,"Pobreza Monetaria 2023 (DANE, catalogo ANDA 835)",
Riohacha,44,2023,Ene-Dic (12 meses),ingreso_pobreza,% hogares no pobres que viven en arriendo,45.89,,,,,4074,,ACEPTABLE,"Pobreza Monetaria 2023 (DANE, catalogo ANDA 835)",
Riohacha,44,2023,Ene-Dic (12 meses),ingreso_pobreza,% hogares pobres que viven en arriendo,55.94,,,,,2772,,ACEPTABLE,"Pobreza Monetaria 2023 (DANE, catalogo ANDA 835)",
Riohacha,44,2023,Ene-Dic (12 meses),ingreso_pobreza,% propietarios en pobreza monetaria,17.75,,,,,1450,,ACEPTABLE,"Pobreza Monetaria 2023 (DANE, catalogo ANDA 835)",
Riohacha,44,2023,Ene-Dic (12 meses),ingreso_pobreza,Brecha de ingreso propietarios vs arrendatarios,73.68,,,,,0,,NO_APLICA,"Pobreza Monetaria 2023 (DANE, catalogo ANDA 835)",(+) = propietarios ganan mas; calculado sobre medianas ponderadas
Riohacha,44,2023,Ene-Dic (12 meses),ingreso_pobreza,Ingreso mediano hogares arrendatarios,1266666.67,,,,,3202,,ACEPTABLE,"Pobreza Monetaria 2023 (DANE, catalogo ANDA 835)",ingtotug = ingreso total unidad de gasto SIN imputar arriendo
Riohacha,44,2023,Ene-Dic (12 meses),ingreso_pobreza,Ingreso mediano hogares propietarios,2200000.0,,,,,1435,,ACEPTABLE,"Pobreza Monetaria 2023 (DANE, catalogo ANDA 835)",ingtotug = ingreso total unidad de gasto SIN imputar arriendo
Riohacha,44,2023,Ene-Dic (12 meses),servicios_publicos,Hogares sin acueducto,2.4,0.1847,2.0338,2.7924,0.9988,6846,7.7081,ACEPTABLE,"GEIH 2023 (DANE, catalogo ANDA 782)",
Riohacha,44,2023,Ene-Dic (12 meses),servicios_publicos,Hogares sin alcantarillado,23.97,0.5227,22.9379,24.9609,1.0265,6846,2.1811,EXCELENTE,"GEIH 2023 (DANE, catalogo ANDA 782)",
Riohacha,44,2023,Ene-Dic (12 meses),servicios_publicos,Hogares sin energia electrica,0.21,0.0630,0.0906,0.3365,1.2789,6846,29.5976,NO PUBLICAR,"GEIH 2023 (DANE, catalogo ANDA 782)",
Riohacha,44,2023,Ene-Dic (12 meses),servicios_publicos,Hogares sin gas natural conectado a red,19.27,0.5045,18.1917,20.2387,1.1201,6846,2.6181,EXCELENTE,"GEIH 2023 (DANE, catalogo ANDA 782)",
Riohacha,44,2023,Ene-Dic (12 meses),servicios_publicos,Hogares sin recoleccion de basuras,6.16,0.3080,5.5355,6.7405,1.1229,6846,4.9967,EXCELENTE,"GEIH 2023 (DANE, catalogo ANDA 782)",
Riohacha,44,2023,Ene-Dic (12 meses),tenencia,Tenencia: En arriendo o subarriendo,49.82,0.6354,48.5064,50.9655,1.1054,3217,1.2752,EXCELENTE,"GEIH 2023 (DANE, catalogo ANDA 782)",
Riohacha,44,2023,Ene-Dic (12 meses),tenencia,Tenencia: En usufructo,21.03,0.5595,19.9411,22.1573,1.2902,1434,2.6598,EXCELENTE,"GEIH 2023 (DANE, catalogo ANDA 782)",
Riohacha,44,2023,Ene-Dic (12 meses),tenencia,Tenencia: Otra,0.01,0.0111,0.0000,0.0330,0.7769,1,101.8020,NO PUBLICAR,"GEIH 2023 (DANE, catalogo ANDA 782)",
Riohacha,44,2023,Ene-Dic (12 meses),tenencia,Tenencia: Posesion sin titulo,7.38,0.3281,6.7327,8.0118,1.0784,551,4.4470,EXCELENTE,"GEIH 2023 (DANE, catalogo ANDA 782)",
Riohacha,44,2023,Ene-Dic (12 meses),tenencia,"Tenencia: Propia, la estan pagando",1.18,0.1401,0.9008,1.4463,1.1557,84,11.9114,ACEPTABLE,"GEIH 2023 (DANE, catalogo ANDA 782)",
Riohacha,44,2023,Ene-Dic (12 meses),tenencia,"Tenencia: Propia, totalmente pagada",18.02,0.5037,17.1493,19.0831,1.1759,1366,2.7958,EXCELENTE,"GEIH 2023 (DANE, catalogo ANDA 782)",
Riohacha,44,2023,Ene-Dic (12 meses),tenencia,Tenencia: Propiedad colectiva,2.56,0.2053,2.1881,2.9644,1.1560,193,8.0141,ACEPTABLE,"GEIH 2023 (DANE, catalogo ANDA 782)",
Riohacha,44,2023,Ene-Dic (12 meses),tenencia,Tenencia: suma de categorias (control),100.0,,,,,6846,,NO_APLICA,"GEIH 2023 (DANE, catalogo ANDA 782)",Control de auditoria: debe ser 100% +/-0.1pp
Riohacha,44,2023,Ene-Dic (12 meses),vivienda_propia_credito,Arriendo imputado (estimado) - P25,250000.0,,,,,3528,,ACEPTABLE,"GEIH 2023 (DANE, catalogo ANDA 782)",7 registro(s) excluidos por valor extremo
Riohacha,44,2023,Ene-Dic (12 meses),vivienda_propia_credito,Arriendo imputado (estimado) - P75,600000.0,,,,,3528,,ACEPTABLE,"GEIH 2023 (DANE, catalogo ANDA 782)",7 registro(s) excluidos por valor extremo
Riohacha,44,2023,Ene-Dic (12 meses),vivienda_propia_credito,Arriendo imputado (estimado) - mediana,400000.0,0.0000,400000.0000,400000.0000,0.0000,3528,0.0000,EXCELENTE,"GEIH 2023 (DANE, catalogo ANDA 782)",7 registro(s) excluidos por valor extremo
Riohacha,44,2023,Ene-Dic (12 meses),vivienda_propia_credito,Arriendo imputado (estimado) - promedio,479865.13,7256.7440,466447.4014,494133.3621,1.1779,3528,1.5122,EXCELENTE,"GEIH 2023 (DANE, catalogo ANDA 782)",7 registro(s) excluidos por valor extremo
Riohacha,44,2023,Ene-Dic (12 meses),vivienda_propia_credito,Cuota hipotecaria mensual - P25,455808.47,,,,,76,,PRECAUCION,"GEIH 2023 (DANE, catalogo ANDA 782)",
Riohacha,44,2023,Ene-Dic (12 meses),vivienda_propia_credito,Cuota hipotecaria mensual - P75,1200000.0,,,,,76,,PRECAUCION,"GEIH 2023 (DANE, catalogo ANDA 782)",
Riohacha,44,2023,Ene-Dic (12 meses),vivienda_propia_credito,Cuota hipotecaria mensual - mediana,822547.06,108179.1370,560000.0000,1000000.0000,1.2845,76,13.1517,PRECAUCION,"GEIH 2023 (DANE, catalogo ANDA 782)",
Riohacha,44,2023,Ene-Dic (12 meses),vivienda_propia_credito,Cuota hipotecaria mensual - promedio,986746.97,97864.4921,795070.4742,1196271.4490,1.0512,76,9.9179,PRECAUCION,"GEIH 2023 (DANE, catalogo ANDA 782)",
Riohacha,44,2023,Ene-Dic (12 meses),vivienda_propia_credito,Valor estimado de venta de la vivienda - P25,70000000.0,,,,,846,,ACEPTABLE,"GEIH 2023 (DANE, catalogo ANDA 782)",4 registro(s) excluidos por valor extremo
Riohacha,44,2023,Ene-Dic (12 meses),vivienda_propia_credito,Valor estimado de venta de la vivienda - P75,200000000.0,,,,,846,,ACEPTABLE,"GEIH 2023 (DANE, catalogo ANDA 782)",4 registro(s) excluidos por valor extremo
Riohacha,44,2023,Ene-Dic (12 meses),vivienda_propia_credito,Valor estimado de venta de la vivienda - mediana,100000000.0,8038261.8285,100000000.0000,120000000.0000,1.2420,846,8.0383,ACEPTABLE,"GEIH 2023 (DANE, catalogo ANDA 782)",4 registro(s) excluidos por valor extremo
Riohacha,44,2023,Ene-Dic (12 meses),vivienda_propia_credito,Valor estimado de venta de la vivienda - promedio,159628806.04,7757335.9796,146814542.8176,177331802.3768,1.1567,846,4.8596,EXCELENTE,"GEIH 2023 (DANE, catalogo ANDA 782)",4 registro(s) excluidos por valor extremo
Riohacha,44,2024,Ene-Dic (12 meses),arriendo,Canon de arriendo mensual - P25,300000.0,,,,,2848,,ACEPTABLE,"GEIH 2024 (DANE, catalogo ANDA 819)",14 registro(s) excluidos por valor extremo
Riohacha,44,2024,Ene-Dic (12 meses),arriendo,Canon de arriendo mensual - P75,500000.0,,,,,2848,,ACEPTABLE,"GEIH 2024 (DANE, catalogo ANDA 819)",14 registro(s) excluidos por valor extremo
Riohacha,44,2024,Ene-Dic (12 meses),arriendo,Canon de arriendo mensual - mediana,400000.0,4159.0871,380000.0000,400000.0000,0.9226,2848,1.0398,EXCELENTE,"GEIH 2024 (DANE, catalogo ANDA 819)",14 registro(s) excluidos por valor extremo
Riohacha,44,2024,Ene-Dic (12 meses),arriendo,Canon de arriendo mensual - promedio,424312.26,4253.4875,416424.5419,432656.6300,0.9649,2848,1.0024,EXCELENTE,"GEIH 2024 (DANE, catalogo ANDA 819)",14 registro(s) excluidos por valor extremo
Riohacha,44,2024,Ene-Dic (12 meses),deficit_habitacional,Deficit habitacional cualitativo,ND - pendiente Fase 2 (ECV),,,,,0,,ND,ECV (fuera de alcance Fase 1),ND - pendiente Fase 2 (ECV): fuente fuera de alcance de Fase 1
Riohacha,44,2024,Ene-Dic (12 meses),deficit_habitacional,Deficit habitacional cuantitativo,ND - pendiente Fase 2 (ECV),,,,,0,,ND,ECV (fuera de alcance Fase 1),ND - pendiente Fase 2 (ECV): fuente fuera de alcance de Fase 1
Riohacha,44,2024,Ene-Dic (12 meses),deficit_habitacional,Distribucion por estrato socioeconomico,ND - pendiente Fase 2 (ECV),,,,,0,,ND,ECV (fuera de alcance Fase 1),ND - pendiente Fase 2 (ECV): fuente fuera de alcance de Fase 1
Riohacha,44,2024,Ene-Dic (12 meses),esfuerzo_financiero,Arrendatarios que destinan >30% del ingreso al arriendo,47.62,,,,,2815,,ACEPTABLE,"Pobreza Monetaria 2024 (DANE, catalogo ANDA 874)",sobrecarga (>30%)
Riohacha,44,2024,Ene-Dic (12 meses),esfuerzo_financiero,Arrendatarios que destinan >50% del ingreso al arriendo,24.04,,,,,2815,,ACEPTABLE,"Pobreza Monetaria 2024 (DANE, catalogo ANDA 874)",sobrecarga severa (>50%)
Riohacha,44,2024,Ene-Dic (12 meses),esfuerzo_financiero,Arriendo/ingreso del hogar (mediana),28.98,,,,,2815,,ACEPTABLE,"Pobreza Monetaria 2024 (DANE, catalogo ANDA 874)",Merge con 99.1% de coincidencia
Riohacha,44,2024,Ene-Dic (12 meses),hacinamiento,Hogares con hacinamiento (>3 personas/cuarto para dormir),9.09,0.3720,8.3703,9.7519,1.0678,6378,4.0913,EXCELENTE,"GEIH 2024 (DANE, catalogo ANDA 819)","Umbral >3 sobre CUARTOS PARA DORMIR (P5010), no cuartos totales"
Riohacha,44,2024,Ene-Dic (12 meses),hacinamiento,Hogares con hacinamiento critico NBI (>3 personas/cuarto TOTAL),2.66,,,,,6378,,ACEPTABLE,"GEIH 2024 (DANE, catalogo ANDA 819)",Definicion oficial DANE-NBI (cuartos totales incl. sala-comedor)
Riohacha,44,2024,Ene-Dic (12 meses),hacinamiento,Personas por cuarto para dormir - mediana,1.66,,,,,6378,,ACEPTABLE,"GEIH 2024 (DANE, catalogo ANDA 819)",
Riohacha,44,2024,Ene-Dic (12 meses),hacinamiento,Personas por cuarto para dormir - promedio,1.91,0.0142,1.8834,1.9401,1.0499,6378,0.7436,EXCELENTE,"GEIH 2024 (DANE, catalogo ANDA 819)",
Riohacha,44,2024,Ene-Dic (12 meses),ingreso_pobreza,% arrendatarios en pobreza monetaria,45.95,,,,,2878,,ACEPTABLE,"Pobreza Monetaria 2024 (DANE, catalogo ANDA 874)",
Riohacha,44,2024,Ene-Dic (12 meses),ingreso_pobreza,% hogares no pobres que viven en arriendo,43.25,,,,,3792,,ACEPTABLE,"Pobreza Monetaria 2024 (DANE, catalogo ANDA 874)",
Riohacha,44,2024,Ene-Dic (12 meses),ingreso_pobreza,% hogares pobres que viven en arriendo,55.02,,,,,2587,,ACEPTABLE,"Pobreza Monetaria 2024 (DANE, catalogo ANDA 874)",
Riohacha,44,2024,Ene-Dic (12 meses),ingreso_pobreza,% propietarios en pobreza monetaria,18.56,,,,,1466,,ACEPTABLE,"Pobreza Monetaria 2024 (DANE, catalogo ANDA 874)",
Riohacha,44,2024,Ene-Dic (12 meses),ingreso_pobreza,Brecha de ingreso propietarios vs arrendatarios,77.0,,,,,0,,NO_APLICA,"Pobreza Monetaria 2024 (DANE, catalogo ANDA 874)",(+) = propietarios ganan mas; calculado sobre medianas ponderadas
Riohacha,44,2024,Ene-Dic (12 meses),ingreso_pobreza,Ingreso mediano hogares arrendatarios,1300000.0,,,,,2841,,ACEPTABLE,"Pobreza Monetaria 2024 (DANE, catalogo ANDA 874)",ingtotug = ingreso total unidad de gasto SIN imputar arriendo
Riohacha,44,2024,Ene-Dic (12 meses),ingreso_pobreza,Ingreso mediano hogares propietarios,2301017.4,,,,,1445,,ACEPTABLE,"Pobreza Monetaria 2024 (DANE, catalogo ANDA 874)",ingtotug = ingreso total unidad de gasto SIN imputar arriendo
Riohacha,44,2024,Ene-Dic (12 meses),servicios_publicos,Hogares sin acueducto,2.68,0.2238,2.2295,3.0752,1.2268,6379,8.3615,ACEPTABLE,"GEIH 2024 (DANE, catalogo ANDA 819)",
Riohacha,44,2024,Ene-Dic (12 meses),servicios_publicos,Hogares sin alcantarillado,24.58,0.6003,23.5554,25.9226,1.2399,6379,2.4419,EXCELENTE,"GEIH 2024 (DANE, catalogo ANDA 819)",
Riohacha,44,2024,Ene-Dic (12 meses),servicios_publicos,Hogares sin energia electrica,0.24,0.0568,0.1258,0.3591,0.8767,6379,24.1464,PRECAUCION,"GEIH 2024 (DANE, catalogo ANDA 819)",
Riohacha,44,2024,Ene-Dic (12 meses),servicios_publicos,Hogares sin gas natural conectado a red,17.57,0.5282,16.4659,18.5108,1.2293,6379,3.0073,EXCELENTE,"GEIH 2024 (DANE, catalogo ANDA 819)",
Riohacha,44,2024,Ene-Dic (12 meses),servicios_publicos,Hogares sin recoleccion de basuras,6.35,0.3632,5.5869,6.9655,1.4160,6379,5.7230,ACEPTABLE,"GEIH 2024 (DANE, catalogo ANDA 819)",
Riohacha,44,2024,Ene-Dic (12 meses),tenencia,Tenencia: En arriendo o subarriendo,47.96,0.7424,46.6010,49.4440,1.4085,2878,1.5478,EXCELENTE,"GEIH 2024 (DANE, catalogo ANDA 819)",
Riohacha,44,2024,Ene-Dic (12 meses),tenencia,Tenencia: En usufructo,21.11,0.5768,20.0140,22.3468,1.2742,1333,2.7319,EXCELENTE,"GEIH 2024 (DANE, catalogo ANDA 819)",
Riohacha,44,2024,Ene-Dic (12 meses),tenencia,Tenencia: Otra,0.02,0.0214,0.0000,0.0643,1.3686,1,100.1391,NO PUBLICAR,"GEIH 2024 (DANE, catalogo ANDA 819)",
Riohacha,44,2024,Ene-Dic (12 meses),tenencia,Tenencia: Posesion sin titulo,7.71,0.3562,7.0543,8.4504,1.1375,508,4.6207,EXCELENTE,"GEIH 2024 (DANE, catalogo ANDA 819)",
Riohacha,44,2024,Ene-Dic (12 meses),tenencia,"Tenencia: Propia, la estan pagando",1.79,0.1724,1.4529,2.1144,1.0810,115,9.6537,ACEPTABLE,"GEIH 2024 (DANE, catalogo ANDA 819)",
Riohacha,44,2024,Ene-Dic (12 meses),tenencia,"Tenencia: Propia, totalmente pagada",18.46,0.4958,17.5291,19.4503,1.0418,1351,2.6860,EXCELENTE,"GEIH 2024 (DANE, catalogo ANDA 819)",
Riohacha,44,2024,Ene-Dic (12 meses),tenencia,Tenencia: Propiedad colectiva,2.95,0.2268,2.5278,3.4052,1.1453,193,7.6840,ACEPTABLE,"GEIH 2024 (DANE, catalogo ANDA 819)",
Riohacha,44,2024,Ene-Dic (12 meses),tenencia,Tenencia: suma de categorias (control),100.0,,,,,6379,,NO_APLICA,"GEIH 2024 (DANE, catalogo ANDA 819)",Control de auditoria: debe ser 100% +/-0.1pp
Riohacha,44,2024,Ene-Dic (12 meses),vivienda_propia_credito,Arriendo imputado (estimado) - P25,250000.0,,,,,3380,,ACEPTABLE,"GEIH 2024 (DANE, catalogo ANDA 819)",2 registro(s) excluidos por valor extremo
Riohacha,44,2024,Ene-Dic (12 meses),vivienda_propia_credito,Arriendo imputado (estimado) - P75,600000.0,,,,,3380,,ACEPTABLE,"GEIH 2024 (DANE, catalogo ANDA 819)",2 registro(s) excluidos por valor extremo
Riohacha,44,2024,Ene-Dic (12 meses),vivienda_propia_credito,Arriendo imputado (estimado) - mediana,400000.0,0.0000,400000.0000,400000.0000,0.0000,3380,0.0000,EXCELENTE,"GEIH 2024 (DANE, catalogo ANDA 819)",2 registro(s) excluidos por valor extremo
Riohacha,44,2024,Ene-Dic (12 meses),vivienda_propia_credito,Arriendo imputado (estimado) - promedio,484468.71,8559.8649,468501.5749,499829.4598,1.3261,3380,1.7669,EXCELENTE,"GEIH 2024 (DANE, catalogo ANDA 819)",2 registro(s) excluidos por valor extremo
Riohacha,44,2024,Ene-Dic (12 meses),vivienda_propia_credito,Cuota hipotecaria mensual - P25,400000.0,,,,,99,,PRECAUCION,"GEIH 2024 (DANE, catalogo ANDA 819)",
Riohacha,44,2024,Ene-Dic (12 meses),vivienda_propia_credito,Cuota hipotecaria mensual - P75,1099598.71,,,,,99,,PRECAUCION,"GEIH 2024 (DANE, catalogo ANDA 819)",
Riohacha,44,2024,Ene-Dic (12 meses),vivienda_propia_credito,Cuota hipotecaria mensual - mediana,700000.0,70160.4938,649324.6548,900000.0000,1.0217,99,10.0229,PRECAUCION,"GEIH 2024 (DANE, catalogo ANDA 819)",
Riohacha,44,2024,Ene-Dic (12 meses),vivienda_propia_credito,Cuota hipotecaria mensual - promedio,921608.01,74588.9268,781849.6726,1068485.8508,1.1547,99,8.0933,PRECAUCION,"GEIH 2024 (DANE, catalogo ANDA 819)",
Riohacha,44,2024,Ene-Dic (12 meses),vivienda_propia_credito,Valor estimado de venta de la vivienda - P25,70000000.0,,,,,703,,ACEPTABLE,"GEIH 2024 (DANE, catalogo ANDA 819)",4 registro(s) excluidos por valor extremo
Riohacha,44,2024,Ene-Dic (12 meses),vivienda_propia_credito,Valor estimado de venta de la vivienda - P75,200000000.0,,,,,703,,ACEPTABLE,"GEIH 2024 (DANE, catalogo ANDA 819)",4 registro(s) excluidos por valor extremo
Riohacha,44,2024,Ene-Dic (12 meses),vivienda_propia_credito,Valor estimado de venta de la vivienda - mediana,116497497.16,11070917.3543,100000000.0000,130000000.0000,3.9106,703,9.5031,ACEPTABLE,"GEIH 2024 (DANE, catalogo ANDA 819)",4 registro(s) excluidos por valor extremo
Riohacha,44,2024,Ene-Dic (12 meses),vivienda_propia_credito,Valor estimado de venta de la vivienda - promedio,165897438.18,5630574.2621,154739113.2092,176950911.0594,1.0115,703,3.3940,EXCELENTE,"GEIH 2024 (DANE, catalogo ANDA 819)",4 registro(s) excluidos por valor extremo
Riohacha,44,2025,Ene-Dic (12 meses),arriendo,Canon de arriendo mensual - P25,300000.0,,,,,2892,,ACEPTABLE,"GEIH 2025 (DANE, catalogo ANDA 853)",22 registro(s) excluidos por valor extremo
Riohacha,44,2025,Ene-Dic (12 meses),arriendo,Canon de arriendo mensual - P75,550000.0,,,,,2892,,ACEPTABLE,"GEIH 2025 (DANE, catalogo ANDA 853)",22 registro(s) excluidos por valor extremo
Riohacha,44,2025,Ene-Dic (12 meses),arriendo,Canon de arriendo mensual - mediana,400000.0,0.0000,400000.0000,400000.0000,0.0000,2892,0.0000,EXCELENTE,"GEIH 2025 (DANE, catalogo ANDA 853)",22 registro(s) excluidos por valor extremo
Riohacha,44,2025,Ene-Dic (12 meses),arriendo,Canon de arriendo mensual - promedio,448220.42,5080.5700,439576.9128,458004.8796,1.1787,2892,1.1335,EXCELENTE,"GEIH 2025 (DANE, catalogo ANDA 853)",22 registro(s) excluidos por valor extremo
Riohacha,44,2025,Ene-Dic (12 meses),deficit_habitacional,Deficit habitacional cualitativo,ND - pendiente Fase 2 (ECV),,,,,0,,ND,ECV (fuera de alcance Fase 1),ND - pendiente Fase 2 (ECV): fuente fuera de alcance de Fase 1
Riohacha,44,2025,Ene-Dic (12 meses),deficit_habitacional,Deficit habitacional cuantitativo,ND - pendiente Fase 2 (ECV),,,,,0,,ND,ECV (fuera de alcance Fase 1),ND - pendiente Fase 2 (ECV): fuente fuera de alcance de Fase 1
Riohacha,44,2025,Ene-Dic (12 meses),deficit_habitacional,Distribucion por estrato socioeconomico,ND - pendiente Fase 2 (ECV),,,,,0,,ND,ECV (fuera de alcance Fase 1),ND - pendiente Fase 2 (ECV): fuente fuera de alcance de Fase 1
Riohacha,44,2025,Ene-Dic (12 meses),esfuerzo_financiero,Arrendatarios que destinan >30% del ingreso al arriendo,42.35,,,,,2880,,ACEPTABLE,"Pobreza Monetaria 2025 (DANE, catalogo ANDA 908)",sobrecarga (>30%)
Riohacha,44,2025,Ene-Dic (12 meses),esfuerzo_financiero,Arrendatarios que destinan >50% del ingreso al arriendo,20.97,,,,,2880,,ACEPTABLE,"Pobreza Monetaria 2025 (DANE, catalogo ANDA 908)",sobrecarga severa (>50%)
Riohacha,44,2025,Ene-Dic (12 meses),esfuerzo_financiero,Arriendo/ingreso del hogar (mediana),25.93,,,,,2880,,ACEPTABLE,"Pobreza Monetaria 2025 (DANE, catalogo ANDA 908)",Merge con 98.8% de coincidencia
Riohacha,44,2025,Ene-Dic (12 meses),hacinamiento,Hogares con hacinamiento (>3 personas/cuarto para dormir),8.07,0.3644,7.4085,8.7776,1.1609,6485,4.5156,EXCELENTE,"GEIH 2025 (DANE, catalogo ANDA 853)","Umbral >3 sobre CUARTOS PARA DORMIR (P5010), no cuartos totales"
Riohacha,44,2025,Ene-Dic (12 meses),hacinamiento,Hogares con hacinamiento critico NBI (>3 personas/cuarto TOTAL),3.39,,,,,6485,,ACEPTABLE,"GEIH 2025 (DANE, catalogo ANDA 853)",Definicion oficial DANE-NBI (cuartos totales incl. sala-comedor)
Riohacha,44,2025,Ene-Dic (12 meses),hacinamiento,Personas por cuarto para dormir - mediana,1.5,,,,,6485,,ACEPTABLE,"GEIH 2025 (DANE, catalogo ANDA 853)",
Riohacha,44,2025,Ene-Dic (12 meses),hacinamiento,Personas por cuarto para dormir - promedio,1.9,0.0141,1.8736,1.9305,1.0756,6485,0.7443,EXCELENTE,"GEIH 2025 (DANE, catalogo ANDA 853)",
Riohacha,44,2025,Ene-Dic (12 meses),ingreso_pobreza,% arrendatarios en pobreza monetaria,40.34,,,,,2926,,ACEPTABLE,"Pobreza Monetaria 2025 (DANE, catalogo ANDA 908)",
Riohacha,44,2025,Ene-Dic (12 meses),ingreso_pobreza,% hogares no pobres que viven en arriendo,45.55,,,,,3997,,ACEPTABLE,"Pobreza Monetaria 2025 (DANE, catalogo ANDA 908)",
Riohacha,44,2025,Ene-Dic (12 meses),ingreso_pobreza,% hogares pobres que viven en arriendo,51.46,,,,,2488,,ACEPTABLE,"Pobreza Monetaria 2025 (DANE, catalogo ANDA 908)",
Riohacha,44,2025,Ene-Dic (12 meses),ingreso_pobreza,% propietarios en pobreza monetaria,18.75,,,,,1346,,ACEPTABLE,"Pobreza Monetaria 2025 (DANE, catalogo ANDA 908)",
Riohacha,44,2025,Ene-Dic (12 meses),ingreso_pobreza,Brecha de ingreso propietarios vs arrendatarios,44.39,,,,,0,,NO_APLICA,"Pobreza Monetaria 2025 (DANE, catalogo ANDA 908)",(+) = propietarios ganan mas; calculado sobre medianas ponderadas
Riohacha,44,2025,Ene-Dic (12 meses),ingreso_pobreza,Ingreso mediano hogares arrendatarios,1500000.0,,,,,2914,,ACEPTABLE,"Pobreza Monetaria 2025 (DANE, catalogo ANDA 908)",ingtotug = ingreso total unidad de gasto SIN imputar arriendo
Riohacha,44,2025,Ene-Dic (12 meses),ingreso_pobreza,Ingreso mediano hogares propietarios,2165920.15,,,,,1339,,ACEPTABLE,"Pobreza Monetaria 2025 (DANE, catalogo ANDA 908)",ingtotug = ingreso total unidad de gasto SIN imputar arriendo
Riohacha,44,2025,Ene-Dic (12 meses),servicios_publicos,Hogares sin acueducto,6.53,0.3468,5.9303,7.2034,1.2779,6485,5.3114,ACEPTABLE,"GEIH 2025 (DANE, catalogo ANDA 853)",
Riohacha,44,2025,Ene-Dic (12 meses),servicios_publicos,Hogares sin alcantarillado,30.07,0.6164,29.0007,31.4187,1.1717,6485,2.0499,EXCELENTE,"GEIH 2025 (DANE, catalogo ANDA 853)",
Riohacha,44,2025,Ene-Dic (12 meses),servicios_publicos,Hogares sin energia electrica,0.24,0.0647,0.1169,0.3689,1.1423,6485,27.1596,NO PUBLICAR,"GEIH 2025 (DANE, catalogo ANDA 853)",
Riohacha,44,2025,Ene-Dic (12 meses),servicios_publicos,Hogares sin gas natural conectado a red,20.3,0.5581,19.2450,21.3541,1.2488,6485,2.7499,EXCELENTE,"GEIH 2025 (DANE, catalogo ANDA 853)",
Riohacha,44,2025,Ene-Dic (12 meses),servicios_publicos,Hogares sin recoleccion de basuras,12.17,0.4862,11.2389,13.1265,1.4345,6485,3.9957,EXCELENTE,"GEIH 2025 (DANE, catalogo ANDA 853)",
Riohacha,44,2025,Ene-Dic (12 meses),tenencia,Tenencia: En arriendo o subarriendo,47.77,0.6525,46.4250,48.9857,1.1066,2926,1.3660,EXCELENTE,"GEIH 2025 (DANE, catalogo ANDA 853)",
Riohacha,44,2025,Ene-Dic (12 meses),tenencia,Tenencia: En usufructo,21.67,0.5600,20.6394,22.8131,1.1981,1425,2.5843,EXCELENTE,"GEIH 2025 (DANE, catalogo ANDA 853)",
Riohacha,44,2025,Ene-Dic (12 meses),tenencia,Tenencia: Otra,0.01,0.0136,0.0000,0.0412,0.8786,1,99.5411,NO PUBLICAR,"GEIH 2025 (DANE, catalogo ANDA 853)",
Riohacha,44,2025,Ene-Dic (12 meses),tenencia,Tenencia: Posesion sin titulo,9.23,0.3669,8.5032,9.9119,1.0423,608,3.9765,EXCELENTE,"GEIH 2025 (DANE, catalogo ANDA 853)",
Riohacha,44,2025,Ene-Dic (12 meses),tenencia,"Tenencia: Propia, la estan pagando",1.25,0.1378,0.9792,1.5218,0.9983,83,11.0294,ACEPTABLE,"GEIH 2025 (DANE, catalogo ANDA 853)",
Riohacha,44,2025,Ene-Dic (12 meses),tenencia,"Tenencia: Propia, totalmente pagada",17.36,0.4888,16.4175,18.2895,1.0802,1263,2.8162,EXCELENTE,"GEIH 2025 (DANE, catalogo ANDA 853)",
Riohacha,44,2025,Ene-Dic (12 meses),tenencia,Tenencia: Propiedad colectiva,2.72,0.2047,2.3559,3.1714,1.0282,179,7.5346,ACEPTABLE,"GEIH 2025 (DANE, catalogo ANDA 853)",
Riohacha,44,2025,Ene-Dic (12 meses),tenencia,Tenencia: suma de categorias (control),100.0,,,,,6485,,NO_APLICA,"GEIH 2025 (DANE, catalogo ANDA 853)",Control de auditoria: debe ser 100% +/-0.1pp
Riohacha,44,2025,Ene-Dic (12 meses),vivienda_propia_credito,Arriendo imputado (estimado) - P25,250000.0,,,,,3495,,ACEPTABLE,"GEIH 2025 (DANE, catalogo ANDA 853)",8 registro(s) excluidos por valor extremo
Riohacha,44,2025,Ene-Dic (12 meses),vivienda_propia_credito,Arriendo imputado (estimado) - P75,600000.0,,,,,3495,,ACEPTABLE,"GEIH 2025 (DANE, catalogo ANDA 853)",8 registro(s) excluidos por valor extremo
Riohacha,44,2025,Ene-Dic (12 meses),vivienda_propia_credito,Arriendo imputado (estimado) - mediana,400000.0,0.0000,400000.0000,400000.0000,0.0000,3495,0.0000,EXCELENTE,"GEIH 2025 (DANE, catalogo ANDA 853)",8 registro(s) excluidos por valor extremo
Riohacha,44,2025,Ene-Dic (12 meses),vivienda_propia_credito,Arriendo imputado (estimado) - promedio,485638.66,8116.4353,470536.5282,501233.2443,1.2024,3495,1.6713,EXCELENTE,"GEIH 2025 (DANE, catalogo ANDA 853)",8 registro(s) excluidos por valor extremo
Riohacha,44,2025,Ene-Dic (12 meses),vivienda_propia_credito,Cuota hipotecaria mensual - P25,480683.94,,,,,77,,PRECAUCION,"GEIH 2025 (DANE, catalogo ANDA 853)",
Riohacha,44,2025,Ene-Dic (12 meses),vivienda_propia_credito,Cuota hipotecaria mensual - P75,1500000.0,,,,,77,,PRECAUCION,"GEIH 2025 (DANE, catalogo ANDA 853)",
Riohacha,44,2025,Ene-Dic (12 meses),vivienda_propia_credito,Cuota hipotecaria mensual - mediana,860000.0,125249.4463,600000.0000,1000000.0000,2.1115,77,14.5639,PRECAUCION,"GEIH 2025 (DANE, catalogo ANDA 853)",
Riohacha,44,2025,Ene-Dic (12 meses),vivienda_propia_credito,Cuota hipotecaria mensual - promedio,1030505.27,90321.9170,854169.8586,1188165.4107,1.0981,77,8.7648,PRECAUCION,"GEIH 2025 (DANE, catalogo ANDA 853)",
Riohacha,44,2025,Ene-Dic (12 meses),vivienda_propia_credito,Valor estimado de venta de la vivienda - P25,70000000.0,,,,,892,,ACEPTABLE,"GEIH 2025 (DANE, catalogo ANDA 853)",7 registro(s) excluidos por valor extremo
Riohacha,44,2025,Ene-Dic (12 meses),vivienda_propia_credito,Valor estimado de venta de la vivienda - P75,200000000.0,,,,,892,,ACEPTABLE,"GEIH 2025 (DANE, catalogo ANDA 853)",7 registro(s) excluidos por valor extremo
Riohacha,44,2025,Ene-Dic (12 meses),vivienda_propia_credito,Valor estimado de venta de la vivienda - mediana,100000000.0,9416000.0909,100000000.0000,120000000.0000,5.2062,892,9.4160,ACEPTABLE,"GEIH 2025 (DANE, catalogo ANDA 853)",7 registro(s) excluidos por valor extremo
Riohacha,44,2025,Ene-Dic (12 meses),vivienda_propia_credito,Valor estimado de venta de la vivienda - promedio,153737425.57,4496115.2074,145131558.3634,162898209.5986,1.1870,892,2.9245,EXCELENTE,"GEIH 2025 (DANE, catalogo ANDA 853)",7 registro(s) excluidos por valor extremo
Riohacha,44,2026*,Ene-Jun (parcial),arriendo,Canon de arriendo mensual - P25,300000.0,,,,,1492,,ACEPTABLE,"GEIH 2026 Ene-Jun (DANE, catalogo ANDA 900)",13 registro(s) excluidos por valor extremo
Riohacha,44,2026*,Ene-Jun (parcial),arriendo,Canon de arriendo mensual - P75,600000.0,,,,,1492,,ACEPTABLE,"GEIH 2026 Ene-Jun (DANE, catalogo ANDA 900)",13 registro(s) excluidos por valor extremo
Riohacha,44,2026*,Ene-Jun (parcial),arriendo,Canon de arriendo mensual - mediana,450000.0,12121.4189,400000.0000,450000.0000,2.6518,1492,2.6936,EXCELENTE,"GEIH 2026 Ene-Jun (DANE, catalogo ANDA 900)",13 registro(s) excluidos por valor extremo
Riohacha,44,2026*,Ene-Jun (parcial),arriendo,Canon de arriendo mensual - promedio,494452.2,7524.1546,480354.9041,509794.1714,1.0218,1492,1.5217,EXCELENTE,"GEIH 2026 Ene-Jun (DANE, catalogo ANDA 900)",13 registro(s) excluidos por valor extremo
Riohacha,44,2026*,Ene-Jun (parcial),deficit_habitacional,Deficit habitacional cualitativo,ND - pendiente Fase 2 (ECV),,,,,0,,ND,ECV (fuera de alcance Fase 1),ND - pendiente Fase 2 (ECV): fuente fuera de alcance de Fase 1
Riohacha,44,2026*,Ene-Jun (parcial),deficit_habitacional,Deficit habitacional cuantitativo,ND - pendiente Fase 2 (ECV),,,,,0,,ND,ECV (fuera de alcance Fase 1),ND - pendiente Fase 2 (ECV): fuente fuera de alcance de Fase 1
Riohacha,44,2026*,Ene-Jun (parcial),deficit_habitacional,Distribucion por estrato socioeconomico,ND - pendiente Fase 2 (ECV),,,,,0,,ND,ECV (fuera de alcance Fase 1),ND - pendiente Fase 2 (ECV): fuente fuera de alcance de Fase 1
Riohacha,44,2026*,Ene-Jun (parcial),esfuerzo_financiero,Arrendatarios que destinan >30% del ingreso al arriendo,ND,,,,,0,,ND,ND - DANE no publica Pobreza Monetaria 2026,DANE no publica Medicion de Pobreza Monetaria y Desigualdad 2026 (requiere año calendario completo); no se calcula ni se extrapola
Riohacha,44,2026*,Ene-Jun (parcial),esfuerzo_financiero,Arrendatarios que destinan >50% del ingreso al arriendo,ND,,,,,0,,ND,ND - DANE no publica Pobreza Monetaria 2026,DANE no publica Medicion de Pobreza Monetaria y Desigualdad 2026 (requiere año calendario completo); no se calcula ni se extrapola
Riohacha,44,2026*,Ene-Jun (parcial),esfuerzo_financiero,Arriendo/ingreso del hogar (mediana),ND,,,,,0,,ND,ND - DANE no publica Pobreza Monetaria 2026,DANE no publica Medicion de Pobreza Monetaria y Desigualdad 2026 (requiere año calendario completo); no se calcula ni se extrapola
Riohacha,44,2026*,Ene-Jun (parcial),hacinamiento,Hogares con hacinamiento (>3 personas/cuarto para dormir),8.49,0.5210,7.4978,9.5122,1.1457,3279,6.1367,ACEPTABLE,"GEIH 2026 Ene-Jun (DANE, catalogo ANDA 900)","Umbral >3 sobre CUARTOS PARA DORMIR (P5010), no cuartos totales"
Riohacha,44,2026*,Ene-Jun (parcial),hacinamiento,Hogares con hacinamiento critico NBI (>3 personas/cuarto TOTAL),3.57,,,,,3279,,ACEPTABLE,"GEIH 2026 Ene-Jun (DANE, catalogo ANDA 900)",Definicion oficial DANE-NBI (cuartos totales incl. sala-comedor)
Riohacha,44,2026*,Ene-Jun (parcial),hacinamiento,Personas por cuarto para dormir - mediana,1.5,,,,,3279,,ACEPTABLE,"GEIH 2026 Ene-Jun (DANE, catalogo ANDA 900)",
Riohacha,44,2026*,Ene-Jun (parcial),hacinamiento,Personas por cuarto para dormir - promedio,1.88,0.0199,1.8425,1.9204,1.1045,3279,1.0552,EXCELENTE,"GEIH 2026 Ene-Jun (DANE, catalogo ANDA 900)",
Riohacha,44,2026*,Ene-Jun (parcial),ingreso_pobreza,% arrendatarios en pobreza monetaria,ND,,,,,0,,ND,ND - DANE no publica Pobreza Monetaria 2026,DANE no publica Medicion de Pobreza Monetaria y Desigualdad 2026 (requiere año calendario completo); no se calcula ni se extrapola
Riohacha,44,2026*,Ene-Jun (parcial),ingreso_pobreza,% hogares no pobres que viven en arriendo,ND,,,,,0,,ND,ND - DANE no publica Pobreza Monetaria 2026,DANE no publica Medicion de Pobreza Monetaria y Desigualdad 2026 (requiere año calendario completo); no se calcula ni se extrapola
Riohacha,44,2026*,Ene-Jun (parcial),ingreso_pobreza,% hogares pobres que viven en arriendo,ND,,,,,0,,ND,ND - DANE no publica Pobreza Monetaria 2026,DANE no publica Medicion de Pobreza Monetaria y Desigualdad 2026 (requiere año calendario completo); no se calcula ni se extrapola
Riohacha,44,2026*,Ene-Jun (parcial),ingreso_pobreza,% propietarios en pobreza monetaria,ND,,,,,0,,ND,ND - DANE no publica Pobreza Monetaria 2026,DANE no publica Medicion de Pobreza Monetaria y Desigualdad 2026 (requiere año calendario completo); no se calcula ni se extrapola
Riohacha,44,2026*,Ene-Jun (parcial),ingreso_pobreza,Brecha de ingreso propietarios vs arrendatarios,ND,,,,,0,,ND,ND - DANE no publica Pobreza Monetaria 2026,DANE no publica Medicion de Pobreza Monetaria y Desigualdad 2026 (requiere año calendario completo); no se calcula ni se extrapola
Riohacha,44,2026*,Ene-Jun (parcial),ingreso_pobreza,Ingreso mediano hogares arrendatarios,ND,,,,,0,,ND,ND - DANE no publica Pobreza Monetaria 2026,DANE no publica Medicion de Pobreza Monetaria y Desigualdad 2026 (requiere año calendario completo); no se calcula ni se extrapola
Riohacha,44,2026*,Ene-Jun (parcial),ingreso_pobreza,Ingreso mediano hogares propietarios,ND,,,,,0,,ND,ND - DANE no publica Pobreza Monetaria 2026,DANE no publica Medicion de Pobreza Monetaria y Desigualdad 2026 (requiere año calendario completo); no se calcula ni se extrapola
Riohacha,44,2026*,Ene-Jun (parcial),servicios_publicos,Hogares sin acueducto,8.89,0.5707,7.7490,9.9642,1.3179,3279,6.4161,ACEPTABLE,"GEIH 2026 Ene-Jun (DANE, catalogo ANDA 900)",
Riohacha,44,2026*,Ene-Jun (parcial),servicios_publicos,Hogares sin alcantarillado,33.2,0.9245,31.3320,34.9957,1.2637,3279,2.7849,EXCELENTE,"GEIH 2026 Ene-Jun (DANE, catalogo ANDA 900)",
Riohacha,44,2026*,Ene-Jun (parcial),servicios_publicos,Hogares sin energia electrica,0.11,0.0840,0.0000,0.3171,2.0172,3279,73.1866,NO PUBLICAR,"GEIH 2026 Ene-Jun (DANE, catalogo ANDA 900)",
Riohacha,44,2026*,Ene-Jun (parcial),servicios_publicos,Hogares sin gas natural conectado a red,21.8,0.7948,20.2684,23.2648,1.2152,3279,3.6465,EXCELENTE,"GEIH 2026 Ene-Jun (DANE, catalogo ANDA 900)",
Riohacha,44,2026*,Ene-Jun (parcial),servicios_publicos,Hogares sin recoleccion de basuras,13.05,0.7071,11.6623,14.4233,1.4448,3279,5.4175,ACEPTABLE,"GEIH 2026 Ene-Jun (DANE, catalogo ANDA 900)",
Riohacha,44,2026*,Ene-Jun (parcial),tenencia,Tenencia: En arriendo o subarriendo,48.05,0.9438,46.1679,49.9505,1.1700,1508,1.9642,EXCELENTE,"GEIH 2026 Ene-Jun (DANE, catalogo ANDA 900)",
Riohacha,44,2026*,Ene-Jun (parcial),tenencia,Tenencia: En usufructo,21.58,0.7953,20.1783,22.9541,1.2255,695,3.6856,EXCELENTE,"GEIH 2026 Ene-Jun (DANE, catalogo ANDA 900)",
Riohacha,44,2026*,Ene-Jun (parcial),tenencia,Tenencia: Otra,0.0,0.0000,0.0000,0.0000,,0,,ACEPTABLE,"GEIH 2026 Ene-Jun (DANE, catalogo ANDA 900)",
Riohacha,44,2026*,Ene-Jun (parcial),tenencia,Tenencia: Posesion sin titulo,9.96,0.5451,8.9223,10.9963,1.0865,334,5.4735,ACEPTABLE,"GEIH 2026 Ene-Jun (DANE, catalogo ANDA 900)",
Riohacha,44,2026*,Ene-Jun (parcial),tenencia,"Tenencia: Propia, la estan pagando",0.94,0.1860,0.6357,1.3175,1.2118,31,19.6835,PRECAUCION,"GEIH 2026 Ene-Jun (DANE, catalogo ANDA 900)",
Riohacha,44,2026*,Ene-Jun (parcial),tenencia,"Tenencia: Propia, totalmente pagada",17.74,0.6594,16.3743,18.9871,0.9772,647,3.7179,EXCELENTE,"GEIH 2026 Ene-Jun (DANE, catalogo ANDA 900)",
Riohacha,44,2026*,Ene-Jun (parcial),tenencia,Tenencia: Propiedad colectiva,1.74,0.2145,1.3138,2.1461,0.8841,64,12.3534,ACEPTABLE,"GEIH 2026 Ene-Jun (DANE, catalogo ANDA 900)",
Riohacha,44,2026*,Ene-Jun (parcial),tenencia,Tenencia: suma de categorias (control),100.0,,,,,3279,,NO_APLICA,"GEIH 2026 Ene-Jun (DANE, catalogo ANDA 900)",Control de auditoria: debe ser 100% +/-0.1pp
Riohacha,44,2026*,Ene-Jun (parcial),vivienda_propia_credito,Arriendo imputado (estimado) - P25,250000.0,,,,,1758,,ACEPTABLE,"GEIH 2026 Ene-Jun (DANE, catalogo ANDA 900)",7 registro(s) excluidos por valor extremo
Riohacha,44,2026*,Ene-Jun (parcial),vivienda_propia_credito,Arriendo imputado (estimado) - P75,700000.0,,,,,1758,,ACEPTABLE,"GEIH 2026 Ene-Jun (DANE, catalogo ANDA 900)",7 registro(s) excluidos por valor extremo
Riohacha,44,2026*,Ene-Jun (parcial),vivienda_propia_credito,Arriendo imputado (estimado) - mediana,400000.0,15817.1232,400000.0000,450000.0000,1.6178,1758,3.9543,EXCELENTE,"GEIH 2026 Ene-Jun (DANE, catalogo ANDA 900)",7 registro(s) excluidos por valor extremo
Riohacha,44,2026*,Ene-Jun (parcial),vivienda_propia_credito,Arriendo imputado (estimado) - promedio,539991.64,14054.6239,513270.9078,566546.3718,1.2774,1758,2.6027,EXCELENTE,"GEIH 2026 Ene-Jun (DANE, catalogo ANDA 900)",7 registro(s) excluidos por valor extremo
Riohacha,44,2026*,Ene-Jun (parcial),vivienda_propia_credito,Cuota hipotecaria mensual - P25,800000.0,,,,,30,,PRECAUCION,"GEIH 2026 Ene-Jun (DANE, catalogo ANDA 900)",
Riohacha,44,2026*,Ene-Jun (parcial),vivienda_propia_credito,Cuota hipotecaria mensual - P75,1560995.11,,,,,30,,PRECAUCION,"GEIH 2026 Ene-Jun (DANE, catalogo ANDA 900)",
Riohacha,44,2026*,Ene-Jun (parcial),vivienda_propia_credito,Cuota hipotecaria mensual - mediana,1015363.96,137161.6069,860995.8827,1440626.0371,0.8136,30,13.5086,PRECAUCION,"GEIH 2026 Ene-Jun (DANE, catalogo ANDA 900)",
Riohacha,44,2026*,Ene-Jun (parcial),vivienda_propia_credito,Cuota hipotecaria mensual - promedio,1326244.84,160184.1490,1029343.8902,1646759.9203,1.1096,30,12.0780,PRECAUCION,"GEIH 2026 Ene-Jun (DANE, catalogo ANDA 900)",
Riohacha,44,2026*,Ene-Jun (parcial),vivienda_propia_credito,Valor estimado de venta de la vivienda - P25,80000000.0,,,,,517,,ACEPTABLE,"GEIH 2026 Ene-Jun (DANE, catalogo ANDA 900)",9 registro(s) excluidos por valor extremo
Riohacha,44,2026*,Ene-Jun (parcial),vivienda_propia_credito,Valor estimado de venta de la vivienda - P75,200000000.0,,,,,517,,ACEPTABLE,"GEIH 2026 Ene-Jun (DANE, catalogo ANDA 900)",9 registro(s) excluidos por valor extremo
Riohacha,44,2026*,Ene-Jun (parcial),vivienda_propia_credito,Valor estimado de venta de la vivienda - mediana,120000000.0,11281165.9282,115800000.0000,150000000.0000,2.9768,517,9.4010,ACEPTABLE,"GEIH 2026 Ene-Jun (DANE, catalogo ANDA 900)",9 registro(s) excluidos por valor extremo
Riohacha,44,2026*,Ene-Jun (parcial),vivienda_propia_credito,Valor estimado de venta de la vivienda - promedio,163344168.11,6891187.1417,149461194.6073,176751601.7574,1.1108,517,4.2188,EXCELENTE,"GEIH 2026 Ene-Jun (DANE, catalogo ANDA 900)",9 registro(s) excluidos por valor extremo
Santa Marta,47,2023,Ene-Dic (12 meses),arriendo,Canon de arriendo mensual - P25,350000.0,,,,,3087,,ACEPTABLE,"GEIH 2023 (DANE, catalogo ANDA 782)",12 registro(s) excluidos por valor extremo
Santa Marta,47,2023,Ene-Dic (12 meses),arriendo,Canon de arriendo mensual - P75,650000.0,,,,,3087,,ACEPTABLE,"GEIH 2023 (DANE, catalogo ANDA 782)",12 registro(s) excluidos por valor extremo
Santa Marta,47,2023,Ene-Dic (12 meses),arriendo,Canon de arriendo mensual - mediana,500000.0,6727.2936,480000.0000,500000.0000,1.0288,3087,1.3455,EXCELENTE,"GEIH 2023 (DANE, catalogo ANDA 782)",12 registro(s) excluidos por valor extremo
Santa Marta,47,2023,Ene-Dic (12 meses),arriendo,Canon de arriendo mensual - promedio,555673.64,7021.1894,543848.3710,569920.3734,1.1207,3087,1.2635,EXCELENTE,"GEIH 2023 (DANE, catalogo ANDA 782)",12 registro(s) excluidos por valor extremo
Santa Marta,47,2023,Ene-Dic (12 meses),deficit_habitacional,Deficit habitacional cualitativo,ND - pendiente Fase 2 (ECV),,,,,0,,ND,ECV (fuera de alcance Fase 1),ND - pendiente Fase 2 (ECV): fuente fuera de alcance de Fase 1
Santa Marta,47,2023,Ene-Dic (12 meses),deficit_habitacional,Deficit habitacional cuantitativo,ND - pendiente Fase 2 (ECV),,,,,0,,ND,ECV (fuera de alcance Fase 1),ND - pendiente Fase 2 (ECV): fuente fuera de alcance de Fase 1
Santa Marta,47,2023,Ene-Dic (12 meses),deficit_habitacional,Distribucion por estrato socioeconomico,ND - pendiente Fase 2 (ECV),,,,,0,,ND,ECV (fuera de alcance Fase 1),ND - pendiente Fase 2 (ECV): fuente fuera de alcance de Fase 1
Santa Marta,47,2023,Ene-Dic (12 meses),esfuerzo_financiero,Arrendatarios que destinan >30% del ingreso al arriendo,43.16,,,,,3059,,ACEPTABLE,"Pobreza Monetaria 2023 (DANE, catalogo ANDA 835)",sobrecarga (>30%)
Santa Marta,47,2023,Ene-Dic (12 meses),esfuerzo_financiero,Arrendatarios que destinan >50% del ingreso al arriendo,14.0,,,,,3059,,ACEPTABLE,"Pobreza Monetaria 2023 (DANE, catalogo ANDA 835)",sobrecarga severa (>50%)
Santa Marta,47,2023,Ene-Dic (12 meses),esfuerzo_financiero,Arriendo/ingreso del hogar (mediana),27.44,,,,,3059,,ACEPTABLE,"Pobreza Monetaria 2023 (DANE, catalogo ANDA 835)",Merge con 99.3% de coincidencia
Santa Marta,47,2023,Ene-Dic (12 meses),hacinamiento,Hogares con hacinamiento (>3 personas/cuarto para dormir),7.41,0.3198,6.7494,8.0611,1.1517,7723,4.3179,EXCELENTE,"GEIH 2023 (DANE, catalogo ANDA 782)","Umbral >3 sobre CUARTOS PARA DORMIR (P5010), no cuartos totales"
Santa Marta,47,2023,Ene-Dic (12 meses),hacinamiento,Hogares con hacinamiento critico NBI (>3 personas/cuarto TOTAL),1.91,,,,,7723,,ACEPTABLE,"GEIH 2023 (DANE, catalogo ANDA 782)",Definicion oficial DANE-NBI (cuartos totales incl. sala-comedor)
Santa Marta,47,2023,Ene-Dic (12 meses),hacinamiento,Personas por cuarto para dormir - mediana,2.0,,,,,7723,,ACEPTABLE,"GEIH 2023 (DANE, catalogo ANDA 782)",
Santa Marta,47,2023,Ene-Dic (12 meses),hacinamiento,Personas por cuarto para dormir - promedio,1.94,0.0113,1.9115,1.9566,1.1279,7723,0.5842,EXCELENTE,"GEIH 2023 (DANE, catalogo ANDA 782)",
Santa Marta,47,2023,Ene-Dic (12 meses),ingreso_pobreza,% arrendatarios en pobreza monetaria,40.96,,,,,3110,,ACEPTABLE,"Pobreza Monetaria 2023 (DANE, catalogo ANDA 835)",
Santa Marta,47,2023,Ene-Dic (12 meses),ingreso_pobreza,% hogares no pobres que viven en arriendo,36.72,,,,,5104,,ACEPTABLE,"Pobreza Monetaria 2023 (DANE, catalogo ANDA 835)",
Santa Marta,47,2023,Ene-Dic (12 meses),ingreso_pobreza,% hogares pobres que viven en arriendo,49.66,,,,,2619,,ACEPTABLE,"Pobreza Monetaria 2023 (DANE, catalogo ANDA 835)",
Santa Marta,47,2023,Ene-Dic (12 meses),ingreso_pobreza,% propietarios en pobreza monetaria,18.71,,,,,2266,,ACEPTABLE,"Pobreza Monetaria 2023 (DANE, catalogo ANDA 835)",
Santa Marta,47,2023,Ene-Dic (12 meses),ingreso_pobreza,Brecha de ingreso propietarios vs arrendatarios,53.99,,,,,0,,NO_APLICA,"Pobreza Monetaria 2023 (DANE, catalogo ANDA 835)",(+) = propietarios ganan mas; calculado sobre medianas ponderadas
Santa Marta,47,2023,Ene-Dic (12 meses),ingreso_pobreza,Ingreso mediano hogares arrendatarios,1633333.33,,,,,3081,,ACEPTABLE,"Pobreza Monetaria 2023 (DANE, catalogo ANDA 835)",ingtotug = ingreso total unidad de gasto SIN imputar arriendo
Santa Marta,47,2023,Ene-Dic (12 meses),ingreso_pobreza,Ingreso mediano hogares propietarios,2515233.61,,,,,2239,,ACEPTABLE,"Pobreza Monetaria 2023 (DANE, catalogo ANDA 835)",ingtotug = ingreso total unidad de gasto SIN imputar arriendo
Santa Marta,47,2023,Ene-Dic (12 meses),servicios_publicos,Hogares sin acueducto,10.02,0.3679,9.3638,10.7529,1.1592,7723,3.6712,EXCELENTE,"GEIH 2023 (DANE, catalogo ANDA 782)",
Santa Marta,47,2023,Ene-Dic (12 meses),servicios_publicos,Hogares sin alcantarillado,13.55,0.4279,12.7149,14.3203,1.2073,7723,3.1580,EXCELENTE,"GEIH 2023 (DANE, catalogo ANDA 782)",
Santa Marta,47,2023,Ene-Dic (12 meses),servicios_publicos,Hogares sin energia electrica,0.0,0.0000,0.0000,0.0000,,7723,,ACEPTABLE,"GEIH 2023 (DANE, catalogo ANDA 782)",
Santa Marta,47,2023,Ene-Dic (12 meses),servicios_publicos,Hogares sin gas natural conectado a red,10.23,0.3742,9.5361,10.9788,1.1772,7723,3.6565,EXCELENTE,"GEIH 2023 (DANE, catalogo ANDA 782)",
Santa Marta,47,2023,Ene-Dic (12 meses),servicios_publicos,Hogares sin recoleccion de basuras,0.54,0.0866,0.4016,0.7087,1.0816,7723,16.0801,PRECAUCION,"GEIH 2023 (DANE, catalogo ANDA 782)",
Santa Marta,47,2023,Ene-Dic (12 meses),tenencia,Tenencia: En arriendo o subarriendo,41.11,0.5844,39.9730,42.2029,1.0897,3110,1.4218,EXCELENTE,"GEIH 2023 (DANE, catalogo ANDA 782)",
Santa Marta,47,2023,Ene-Dic (12 meses),tenencia,Tenencia: En usufructo,18.45,0.4500,17.5369,19.2650,1.0397,1457,2.4395,EXCELENTE,"GEIH 2023 (DANE, catalogo ANDA 782)",
Santa Marta,47,2023,Ene-Dic (12 meses),tenencia,Tenencia: Otra,0.04,0.0240,0.0000,0.0950,1.1000,3,59.2950,NO PUBLICAR,"GEIH 2023 (DANE, catalogo ANDA 782)",
Santa Marta,47,2023,Ene-Dic (12 meses),tenencia,Tenencia: Posesion sin titulo,9.86,0.3454,9.2860,10.6218,1.0369,751,3.5043,EXCELENTE,"GEIH 2023 (DANE, catalogo ANDA 782)",
Santa Marta,47,2023,Ene-Dic (12 meses),tenencia,"Tenencia: Propia, la estan pagando",2.68,0.2066,2.2427,3.0812,1.2646,176,7.7126,ACEPTABLE,"GEIH 2023 (DANE, catalogo ANDA 782)",
Santa Marta,47,2023,Ene-Dic (12 meses),tenencia,"Tenencia: Propia, totalmente pagada",26.12,0.5277,24.9996,27.1062,1.1143,2090,2.0201,EXCELENTE,"GEIH 2023 (DANE, catalogo ANDA 782)",
Santa Marta,47,2023,Ene-Dic (12 meses),tenencia,Tenencia: Propiedad colectiva,1.75,0.1653,1.4591,2.0749,1.2268,136,9.4437,ACEPTABLE,"GEIH 2023 (DANE, catalogo ANDA 782)",
Santa Marta,47,2023,Ene-Dic (12 meses),tenencia,Tenencia: suma de categorias (control),100.0,,,,,7723,,NO_APLICA,"GEIH 2023 (DANE, catalogo ANDA 782)",Control de auditoria: debe ser 100% +/-0.1pp
Santa Marta,47,2023,Ene-Dic (12 meses),vivienda_propia_credito,Arriendo imputado (estimado) - P25,400000.0,,,,,4378,,ACEPTABLE,"GEIH 2023 (DANE, catalogo ANDA 782)",29 registro(s) excluidos por valor extremo
Santa Marta,47,2023,Ene-Dic (12 meses),vivienda_propia_credito,Arriendo imputado (estimado) - P75,800000.0,,,,,4378,,ACEPTABLE,"GEIH 2023 (DANE, catalogo ANDA 782)",29 registro(s) excluidos por valor extremo
Santa Marta,47,2023,Ene-Dic (12 meses),vivienda_propia_credito,Arriendo imputado (estimado) - mediana,500000.0,0.0000,500000.0000,500000.0000,0.0000,4378,0.0000,EXCELENTE,"GEIH 2023 (DANE, catalogo ANDA 782)",29 registro(s) excluidos por valor extremo
Santa Marta,47,2023,Ene-Dic (12 meses),vivienda_propia_credito,Arriendo imputado (estimado) - promedio,655145.56,7739.8243,640994.2770,671663.5269,0.9894,4378,1.1814,EXCELENTE,"GEIH 2023 (DANE, catalogo ANDA 782)",29 registro(s) excluidos por valor extremo
Santa Marta,47,2023,Ene-Dic (12 meses),vivienda_propia_credito,Cuota hipotecaria mensual - P25,380000.0,,,,,166,,ACEPTABLE,"GEIH 2023 (DANE, catalogo ANDA 782)",1 registro(s) excluidos por valor extremo
Santa Marta,47,2023,Ene-Dic (12 meses),vivienda_propia_credito,Cuota hipotecaria mensual - P75,1300000.0,,,,,166,,ACEPTABLE,"GEIH 2023 (DANE, catalogo ANDA 782)",1 registro(s) excluidos por valor extremo
Santa Marta,47,2023,Ene-Dic (12 meses),vivienda_propia_credito,Cuota hipotecaria mensual - mediana,700000.0,56683.4223,600000.0000,800000.0000,0.3402,166,8.0976,ACEPTABLE,"GEIH 2023 (DANE, catalogo ANDA 782)",1 registro(s) excluidos por valor extremo
Santa Marta,47,2023,Ene-Dic (12 meses),vivienda_propia_credito,Cuota hipotecaria mensual - promedio,1013582.16,102789.7779,830464.4182,1237002.5683,1.1189,166,10.1412,ACEPTABLE,"GEIH 2023 (DANE, catalogo ANDA 782)",1 registro(s) excluidos por valor extremo
Santa Marta,47,2023,Ene-Dic (12 meses),vivienda_propia_credito,Valor estimado de venta de la vivienda - P25,70000000.0,,,,,1294,,ACEPTABLE,"GEIH 2023 (DANE, catalogo ANDA 782)",13 registro(s) excluidos por valor extremo
Santa Marta,47,2023,Ene-Dic (12 meses),vivienda_propia_credito,Valor estimado de venta de la vivienda - P75,230000000.0,,,,,1294,,ACEPTABLE,"GEIH 2023 (DANE, catalogo ANDA 782)",13 registro(s) excluidos por valor extremo
Santa Marta,47,2023,Ene-Dic (12 meses),vivienda_propia_credito,Valor estimado de venta de la vivienda - mediana,130000000.0,9707006.3050,120000000.0000,150000000.0000,1.1371,1294,7.4669,ACEPTABLE,"GEIH 2023 (DANE, catalogo ANDA 782)",13 registro(s) excluidos por valor extremo
Santa Marta,47,2023,Ene-Dic (12 meses),vivienda_propia_credito,Valor estimado de venta de la vivienda - promedio,200069049.29,9369693.9908,183676124.8931,220224859.8595,1.0594,1294,4.6832,EXCELENTE,"GEIH 2023 (DANE, catalogo ANDA 782)",13 registro(s) excluidos por valor extremo
Santa Marta,47,2024,Ene-Dic (12 meses),arriendo,Canon de arriendo mensual - P25,350000.0,,,,,2965,,ACEPTABLE,"GEIH 2024 (DANE, catalogo ANDA 819)",6 registro(s) excluidos por valor extremo
Santa Marta,47,2024,Ene-Dic (12 meses),arriendo,Canon de arriendo mensual - P75,700000.0,,,,,2965,,ACEPTABLE,"GEIH 2024 (DANE, catalogo ANDA 819)",6 registro(s) excluidos por valor extremo
Santa Marta,47,2024,Ene-Dic (12 meses),arriendo,Canon de arriendo mensual - mediana,500000.0,0.0000,500000.0000,500000.0000,0.0000,2965,0.0000,EXCELENTE,"GEIH 2024 (DANE, catalogo ANDA 819)",6 registro(s) excluidos por valor extremo
Santa Marta,47,2024,Ene-Dic (12 meses),arriendo,Canon de arriendo mensual - promedio,572854.89,6581.6484,560566.9276,586212.9648,1.0691,2965,1.1489,EXCELENTE,"GEIH 2024 (DANE, catalogo ANDA 819)",6 registro(s) excluidos por valor extremo
Santa Marta,47,2024,Ene-Dic (12 meses),deficit_habitacional,Deficit habitacional cualitativo,ND - pendiente Fase 2 (ECV),,,,,0,,ND,ECV (fuera de alcance Fase 1),ND - pendiente Fase 2 (ECV): fuente fuera de alcance de Fase 1
Santa Marta,47,2024,Ene-Dic (12 meses),deficit_habitacional,Deficit habitacional cuantitativo,ND - pendiente Fase 2 (ECV),,,,,0,,ND,ECV (fuera de alcance Fase 1),ND - pendiente Fase 2 (ECV): fuente fuera de alcance de Fase 1
Santa Marta,47,2024,Ene-Dic (12 meses),deficit_habitacional,Distribucion por estrato socioeconomico,ND - pendiente Fase 2 (ECV),,,,,0,,ND,ECV (fuera de alcance Fase 1),ND - pendiente Fase 2 (ECV): fuente fuera de alcance de Fase 1
Santa Marta,47,2024,Ene-Dic (12 meses),esfuerzo_financiero,Arrendatarios que destinan >30% del ingreso al arriendo,45.3,,,,,2938,,ACEPTABLE,"Pobreza Monetaria 2024 (DANE, catalogo ANDA 874)",sobrecarga (>30%)
Santa Marta,47,2024,Ene-Dic (12 meses),esfuerzo_financiero,Arrendatarios que destinan >50% del ingreso al arriendo,16.85,,,,,2938,,ACEPTABLE,"Pobreza Monetaria 2024 (DANE, catalogo ANDA 874)",sobrecarga severa (>50%)
Santa Marta,47,2024,Ene-Dic (12 meses),esfuerzo_financiero,Arriendo/ingreso del hogar (mediana),28.12,,,,,2938,,ACEPTABLE,"Pobreza Monetaria 2024 (DANE, catalogo ANDA 874)",Merge con 99.4% de coincidencia
Santa Marta,47,2024,Ene-Dic (12 meses),hacinamiento,Hogares con hacinamiento (>3 personas/cuarto para dormir),7.0,0.3241,6.3383,7.6137,1.2120,7511,4.6296,EXCELENTE,"GEIH 2024 (DANE, catalogo ANDA 819)","Umbral >3 sobre CUARTOS PARA DORMIR (P5010), no cuartos totales"
Santa Marta,47,2024,Ene-Dic (12 meses),hacinamiento,Hogares con hacinamiento critico NBI (>3 personas/cuarto TOTAL),1.71,,,,,7511,,ACEPTABLE,"GEIH 2024 (DANE, catalogo ANDA 819)",Definicion oficial DANE-NBI (cuartos totales incl. sala-comedor)
Santa Marta,47,2024,Ene-Dic (12 meses),hacinamiento,Personas por cuarto para dormir - mediana,1.67,,,,,7511,,ACEPTABLE,"GEIH 2024 (DANE, catalogo ANDA 819)",
Santa Marta,47,2024,Ene-Dic (12 meses),hacinamiento,Personas por cuarto para dormir - promedio,1.89,0.0114,1.8646,1.9078,1.0958,7511,0.6044,EXCELENTE,"GEIH 2024 (DANE, catalogo ANDA 819)",
Santa Marta,47,2024,Ene-Dic (12 meses),ingreso_pobreza,% arrendatarios en pobreza monetaria,38.34,,,,,2986,,ACEPTABLE,"Pobreza Monetaria 2024 (DANE, catalogo ANDA 874)",
Santa Marta,47,2024,Ene-Dic (12 meses),ingreso_pobreza,% hogares no pobres que viven en arriendo,36.42,,,,,5190,,ACEPTABLE,"Pobreza Monetaria 2024 (DANE, catalogo ANDA 874)",
Santa Marta,47,2024,Ene-Dic (12 meses),ingreso_pobreza,% hogares pobres que viven en arriendo,50.54,,,,,2321,,ACEPTABLE,"Pobreza Monetaria 2024 (DANE, catalogo ANDA 874)",
Santa Marta,47,2024,Ene-Dic (12 meses),ingreso_pobreza,% propietarios en pobreza monetaria,22.23,,,,,2674,,ACEPTABLE,"Pobreza Monetaria 2024 (DANE, catalogo ANDA 874)",
Santa Marta,47,2024,Ene-Dic (12 meses),ingreso_pobreza,Brecha de ingreso propietarios vs arrendatarios,38.81,,,,,0,,NO_APLICA,"Pobreza Monetaria 2024 (DANE, catalogo ANDA 874)",(+) = propietarios ganan mas; calculado sobre medianas ponderadas
Santa Marta,47,2024,Ene-Dic (12 meses),ingreso_pobreza,Ingreso mediano hogares arrendatarios,1729014.69,,,,,2957,,ACEPTABLE,"Pobreza Monetaria 2024 (DANE, catalogo ANDA 874)",ingtotug = ingreso total unidad de gasto SIN imputar arriendo
Santa Marta,47,2024,Ene-Dic (12 meses),ingreso_pobreza,Ingreso mediano hogares propietarios,2400000.0,,,,,2649,,ACEPTABLE,"Pobreza Monetaria 2024 (DANE, catalogo ANDA 874)",ingtotug = ingreso total unidad de gasto SIN imputar arriendo
Santa Marta,47,2024,Ene-Dic (12 meses),servicios_publicos,Hogares sin acueducto,12.13,0.4036,11.2484,12.8258,1.1478,7511,3.3265,EXCELENTE,"GEIH 2024 (DANE, catalogo ANDA 819)",
Santa Marta,47,2024,Ene-Dic (12 meses),servicios_publicos,Hogares sin alcantarillado,13.96,0.4410,13.0890,14.8207,1.2166,7511,3.1600,EXCELENTE,"GEIH 2024 (DANE, catalogo ANDA 819)",
Santa Marta,47,2024,Ene-Dic (12 meses),servicios_publicos,Hogares sin energia electrica,0.01,0.0136,0.0000,0.0437,0.9612,7511,93.8482,NO PUBLICAR,"GEIH 2024 (DANE, catalogo ANDA 819)",
Santa Marta,47,2024,Ene-Dic (12 meses),servicios_publicos,Hogares sin gas natural conectado a red,9.34,0.3806,8.6216,10.0126,1.2845,7511,4.0740,EXCELENTE,"GEIH 2024 (DANE, catalogo ANDA 819)",
Santa Marta,47,2024,Ene-Dic (12 meses),servicios_publicos,Hogares sin recoleccion de basuras,0.2,0.0626,0.0901,0.3369,1.4412,7511,30.6024,NO PUBLICAR,"GEIH 2024 (DANE, catalogo ANDA 819)",
Santa Marta,47,2024,Ene-Dic (12 meses),tenencia,Tenencia: En arriendo o subarriendo,40.79,0.5732,39.6260,41.7970,1.0220,2986,1.4055,EXCELENTE,"GEIH 2024 (DANE, catalogo ANDA 819)",
Santa Marta,47,2024,Ene-Dic (12 meses),tenencia,Tenencia: En usufructo,20.0,0.4893,18.9516,20.9431,1.1239,1541,2.4461,EXCELENTE,"GEIH 2024 (DANE, catalogo ANDA 819)",
Santa Marta,47,2024,Ene-Dic (12 meses),tenencia,Tenencia: Otra,0.0,0.0000,0.0000,0.0000,,0,,ACEPTABLE,"GEIH 2024 (DANE, catalogo ANDA 819)",
Santa Marta,47,2024,Ene-Dic (12 meses),tenencia,Tenencia: Posesion sin titulo,4.15,0.2604,3.5813,4.6706,1.2799,296,6.2728,ACEPTABLE,"GEIH 2024 (DANE, catalogo ANDA 819)",
Santa Marta,47,2024,Ene-Dic (12 meses),tenencia,"Tenencia: Propia, la estan pagando",1.56,0.1596,1.2737,1.8709,1.2494,110,10.2616,ACEPTABLE,"GEIH 2024 (DANE, catalogo ANDA 819)",
Santa Marta,47,2024,Ene-Dic (12 meses),tenencia,"Tenencia: Propia, totalmente pagada",33.31,0.5613,32.3215,34.3843,1.0651,2564,1.6849,EXCELENTE,"GEIH 2024 (DANE, catalogo ANDA 819)",
Santa Marta,47,2024,Ene-Dic (12 meses),tenencia,Tenencia: Propiedad colectiva,0.19,0.0529,0.0963,0.3179,1.1007,14,27.6580,NO PUBLICAR,"GEIH 2024 (DANE, catalogo ANDA 819)",
Santa Marta,47,2024,Ene-Dic (12 meses),tenencia,Tenencia: suma de categorias (control),100.0,,,,,7511,,NO_APLICA,"GEIH 2024 (DANE, catalogo ANDA 819)",Control de auditoria: debe ser 100% +/-0.1pp
Santa Marta,47,2024,Ene-Dic (12 meses),vivienda_propia_credito,Arriendo imputado (estimado) - P25,400000.0,,,,,4053,,ACEPTABLE,"GEIH 2024 (DANE, catalogo ANDA 819)",7 registro(s) excluidos por valor extremo
Santa Marta,47,2024,Ene-Dic (12 meses),vivienda_propia_credito,Arriendo imputado (estimado) - P75,800000.0,,,,,4053,,ACEPTABLE,"GEIH 2024 (DANE, catalogo ANDA 819)",7 registro(s) excluidos por valor extremo
Santa Marta,47,2024,Ene-Dic (12 meses),vivienda_propia_credito,Arriendo imputado (estimado) - mediana,500000.0,27209.2641,500000.0000,600000.0000,12.3950,4053,5.4419,ACEPTABLE,"GEIH 2024 (DANE, catalogo ANDA 819)",7 registro(s) excluidos por valor extremo
Santa Marta,47,2024,Ene-Dic (12 meses),vivienda_propia_credito,Arriendo imputado (estimado) - promedio,677216.29,8002.2769,662285.0549,693734.6736,1.0721,4053,1.1816,EXCELENTE,"GEIH 2024 (DANE, catalogo ANDA 819)",7 registro(s) excluidos por valor extremo
Santa Marta,47,2024,Ene-Dic (12 meses),vivienda_propia_credito,Cuota hipotecaria mensual - P25,471437.95,,,,,106,,PRECAUCION,"GEIH 2024 (DANE, catalogo ANDA 819)",
Santa Marta,47,2024,Ene-Dic (12 meses),vivienda_propia_credito,Cuota hipotecaria mensual - P75,1500000.0,,,,,106,,PRECAUCION,"GEIH 2024 (DANE, catalogo ANDA 819)",
Santa Marta,47,2024,Ene-Dic (12 meses),vivienda_propia_credito,Cuota hipotecaria mensual - mediana,800000.0,119436.1848,604080.7750,1109063.7417,0.9187,106,14.9295,ACEPTABLE,"GEIH 2024 (DANE, catalogo ANDA 819)",
Santa Marta,47,2024,Ene-Dic (12 meses),vivienda_propia_credito,Cuota hipotecaria mensual - promedio,1175438.67,111167.2934,965764.7500,1376429.0488,0.7959,106,9.4575,ACEPTABLE,"GEIH 2024 (DANE, catalogo ANDA 819)",
Santa Marta,47,2024,Ene-Dic (12 meses),vivienda_propia_credito,Valor estimado de venta de la vivienda - P25,80000000.0,,,,,1386,,ACEPTABLE,"GEIH 2024 (DANE, catalogo ANDA 819)",3 registro(s) excluidos por valor extremo
Santa Marta,47,2024,Ene-Dic (12 meses),vivienda_propia_credito,Valor estimado de venta de la vivienda - P75,200000000.0,,,,,1386,,ACEPTABLE,"GEIH 2024 (DANE, catalogo ANDA 819)",3 registro(s) excluidos por valor extremo
Santa Marta,47,2024,Ene-Dic (12 meses),vivienda_propia_credito,Valor estimado de venta de la vivienda - mediana,120000000.0,5241144.5631,120000000.0000,130000000.0000,2.1021,1386,4.3676,EXCELENTE,"GEIH 2024 (DANE, catalogo ANDA 819)",3 registro(s) excluidos por valor extremo
Santa Marta,47,2024,Ene-Dic (12 meses),vivienda_propia_credito,Valor estimado de venta de la vivienda - promedio,162896520.77,3976365.3250,155893689.5969,170786109.2498,1.2100,1386,2.4410,EXCELENTE,"GEIH 2024 (DANE, catalogo ANDA 819)",3 registro(s) excluidos por valor extremo
Santa Marta,47,2025,Ene-Dic (12 meses),arriendo,Canon de arriendo mensual - P25,400000.0,,,,,3101,,ACEPTABLE,"GEIH 2025 (DANE, catalogo ANDA 853)",2 registro(s) excluidos por valor extremo
Santa Marta,47,2025,Ene-Dic (12 meses),arriendo,Canon de arriendo mensual - P75,700000.0,,,,,3101,,ACEPTABLE,"GEIH 2025 (DANE, catalogo ANDA 853)",2 registro(s) excluidos por valor extremo
Santa Marta,47,2025,Ene-Dic (12 meses),arriendo,Canon de arriendo mensual - mediana,540000.0,23066.1388,500000.0000,550000.0000,12.2793,3101,4.2715,EXCELENTE,"GEIH 2025 (DANE, catalogo ANDA 853)",2 registro(s) excluidos por valor extremo
Santa Marta,47,2025,Ene-Dic (12 meses),arriendo,Canon de arriendo mensual - promedio,613388.13,7111.7347,600131.7955,628095.2116,1.1673,3101,1.1594,EXCELENTE,"GEIH 2025 (DANE, catalogo ANDA 853)",2 registro(s) excluidos por valor extremo
Santa Marta,47,2025,Ene-Dic (12 meses),deficit_habitacional,Deficit habitacional cualitativo,ND - pendiente Fase 2 (ECV),,,,,0,,ND,ECV (fuera de alcance Fase 1),ND - pendiente Fase 2 (ECV): fuente fuera de alcance de Fase 1
Santa Marta,47,2025,Ene-Dic (12 meses),deficit_habitacional,Deficit habitacional cuantitativo,ND - pendiente Fase 2 (ECV),,,,,0,,ND,ECV (fuera de alcance Fase 1),ND - pendiente Fase 2 (ECV): fuente fuera de alcance de Fase 1
Santa Marta,47,2025,Ene-Dic (12 meses),deficit_habitacional,Distribucion por estrato socioeconomico,ND - pendiente Fase 2 (ECV),,,,,0,,ND,ECV (fuera de alcance Fase 1),ND - pendiente Fase 2 (ECV): fuente fuera de alcance de Fase 1
Santa Marta,47,2025,Ene-Dic (12 meses),esfuerzo_financiero,Arrendatarios que destinan >30% del ingreso al arriendo,36.43,,,,,3088,,ACEPTABLE,"Pobreza Monetaria 2025 (DANE, catalogo ANDA 908)",sobrecarga (>30%)
Santa Marta,47,2025,Ene-Dic (12 meses),esfuerzo_financiero,Arrendatarios que destinan >50% del ingreso al arriendo,9.73,,,,,3088,,ACEPTABLE,"Pobreza Monetaria 2025 (DANE, catalogo ANDA 908)",sobrecarga severa (>50%)
Santa Marta,47,2025,Ene-Dic (12 meses),esfuerzo_financiero,Arriendo/ingreso del hogar (mediana),24.96,,,,,3088,,ACEPTABLE,"Pobreza Monetaria 2025 (DANE, catalogo ANDA 908)",Merge con 99.8% de coincidencia
Santa Marta,47,2025,Ene-Dic (12 meses),hacinamiento,Hogares con hacinamiento (>3 personas/cuarto para dormir),5.32,0.2910,4.7146,5.8838,1.3218,7865,5.4680,ACEPTABLE,"GEIH 2025 (DANE, catalogo ANDA 853)","Umbral >3 sobre CUARTOS PARA DORMIR (P5010), no cuartos totales"
Santa Marta,47,2025,Ene-Dic (12 meses),hacinamiento,Hogares con hacinamiento critico NBI (>3 personas/cuarto TOTAL),0.98,,,,,7865,,PRECAUCION,"GEIH 2025 (DANE, catalogo ANDA 853)",Definicion oficial DANE-NBI (cuartos totales incl. sala-comedor)
Santa Marta,47,2025,Ene-Dic (12 meses),hacinamiento,Personas por cuarto para dormir - mediana,1.67,,,,,7865,,ACEPTABLE,"GEIH 2025 (DANE, catalogo ANDA 853)",
Santa Marta,47,2025,Ene-Dic (12 meses),hacinamiento,Personas por cuarto para dormir - promedio,1.84,0.0102,1.8166,1.8566,1.1481,7865,0.5542,EXCELENTE,"GEIH 2025 (DANE, catalogo ANDA 853)",
Santa Marta,47,2025,Ene-Dic (12 meses),ingreso_pobreza,% arrendatarios en pobreza monetaria,30.2,,,,,3106,,ACEPTABLE,"Pobreza Monetaria 2025 (DANE, catalogo ANDA 908)",
Santa Marta,47,2025,Ene-Dic (12 meses),ingreso_pobreza,% hogares no pobres que viven en arriendo,37.4,,,,,6154,,ACEPTABLE,"Pobreza Monetaria 2025 (DANE, catalogo ANDA 908)",
Santa Marta,47,2025,Ene-Dic (12 meses),ingreso_pobreza,% hogares pobres que viven en arriendo,55.62,,,,,1711,,ACEPTABLE,"Pobreza Monetaria 2025 (DANE, catalogo ANDA 908)",
Santa Marta,47,2025,Ene-Dic (12 meses),ingreso_pobreza,% propietarios en pobreza monetaria,12.78,,,,,2673,,ACEPTABLE,"Pobreza Monetaria 2025 (DANE, catalogo ANDA 908)",
Santa Marta,47,2025,Ene-Dic (12 meses),ingreso_pobreza,Brecha de ingreso propietarios vs arrendatarios,44.63,,,,,0,,NO_APLICA,"Pobreza Monetaria 2025 (DANE, catalogo ANDA 908)",(+) = propietarios ganan mas; calculado sobre medianas ponderadas
Santa Marta,47,2025,Ene-Dic (12 meses),ingreso_pobreza,Ingreso mediano hogares arrendatarios,2016666.67,,,,,3093,,ACEPTABLE,"Pobreza Monetaria 2025 (DANE, catalogo ANDA 908)",ingtotug = ingreso total unidad de gasto SIN imputar arriendo
Santa Marta,47,2025,Ene-Dic (12 meses),ingreso_pobreza,Ingreso mediano hogares propietarios,2916666.67,,,,,2658,,ACEPTABLE,"Pobreza Monetaria 2025 (DANE, catalogo ANDA 908)",ingtotug = ingreso total unidad de gasto SIN imputar arriendo
Santa Marta,47,2025,Ene-Dic (12 meses),servicios_publicos,Hogares sin acueducto,10.41,0.3430,9.7643,11.1393,0.9924,7865,3.2959,EXCELENTE,"GEIH 2025 (DANE, catalogo ANDA 853)",
Santa Marta,47,2025,Ene-Dic (12 meses),servicios_publicos,Hogares sin alcantarillado,15.45,0.4520,14.6431,16.3951,1.2305,7865,2.9266,EXCELENTE,"GEIH 2025 (DANE, catalogo ANDA 853)",
Santa Marta,47,2025,Ene-Dic (12 meses),servicios_publicos,Hogares sin energia electrica,0.01,0.0118,0.0000,0.0399,0.9748,7865,104.7483,NO PUBLICAR,"GEIH 2025 (DANE, catalogo ANDA 853)",
Santa Marta,47,2025,Ene-Dic (12 meses),servicios_publicos,Hogares sin gas natural conectado a red,7.06,0.3351,6.3854,7.6784,1.3465,7865,4.7491,EXCELENTE,"GEIH 2025 (DANE, catalogo ANDA 853)",
Santa Marta,47,2025,Ene-Dic (12 meses),servicios_publicos,Hogares sin recoleccion de basuras,0.79,0.1097,0.5652,0.9936,1.2097,7865,13.9117,ACEPTABLE,"GEIH 2025 (DANE, catalogo ANDA 853)",
Santa Marta,47,2025,Ene-Dic (12 meses),tenencia,Tenencia: En arriendo o subarriendo,41.51,0.6123,40.2944,42.7339,1.2143,3106,1.4750,EXCELENTE,"GEIH 2025 (DANE, catalogo ANDA 853)",
Santa Marta,47,2025,Ene-Dic (12 meses),tenencia,Tenencia: En usufructo,21.13,0.4883,20.1599,22.0334,1.1255,1697,2.3112,EXCELENTE,"GEIH 2025 (DANE, catalogo ANDA 853)",
Santa Marta,47,2025,Ene-Dic (12 meses),tenencia,Tenencia: Otra,0.0,0.0000,0.0000,0.0000,,0,,ACEPTABLE,"GEIH 2025 (DANE, catalogo ANDA 853)",
Santa Marta,47,2025,Ene-Dic (12 meses),tenencia,Tenencia: Posesion sin titulo,4.91,0.2737,4.3672,5.4743,1.2611,374,5.5712,ACEPTABLE,"GEIH 2025 (DANE, catalogo ANDA 853)",
Santa Marta,47,2025,Ene-Dic (12 meses),tenencia,"Tenencia: Propia, la estan pagando",2.1,0.1635,1.7674,2.3960,1.0205,163,7.7709,ACEPTABLE,"GEIH 2025 (DANE, catalogo ANDA 853)",
Santa Marta,47,2025,Ene-Dic (12 meses),tenencia,"Tenencia: Propia, totalmente pagada",30.17,0.5549,29.1025,31.3585,1.1498,2510,1.8397,EXCELENTE,"GEIH 2025 (DANE, catalogo ANDA 853)",
Santa Marta,47,2025,Ene-Dic (12 meses),tenencia,Tenencia: Propiedad colectiva,0.18,0.0512,0.0924,0.2955,1.1464,15,28.4154,NO PUBLICAR,"GEIH 2025 (DANE, catalogo ANDA 853)",
Santa Marta,47,2025,Ene-Dic (12 meses),tenencia,Tenencia: suma de categorias (control),100.0,,,,,7865,,NO_APLICA,"GEIH 2025 (DANE, catalogo ANDA 853)",Control de auditoria: debe ser 100% +/-0.1pp
Santa Marta,47,2025,Ene-Dic (12 meses),vivienda_propia_credito,Arriendo imputado (estimado) - P25,450000.0,,,,,4716,,ACEPTABLE,"GEIH 2025 (DANE, catalogo ANDA 853)",21 registro(s) excluidos por valor extremo
Santa Marta,47,2025,Ene-Dic (12 meses),vivienda_propia_credito,Arriendo imputado (estimado) - P75,800000.0,,,,,4716,,ACEPTABLE,"GEIH 2025 (DANE, catalogo ANDA 853)",21 registro(s) excluidos por valor extremo
Santa Marta,47,2025,Ene-Dic (12 meses),vivienda_propia_credito,Arriendo imputado (estimado) - mediana,600000.0,0.0000,600000.0000,600000.0000,0.0000,4716,0.0000,EXCELENTE,"GEIH 2025 (DANE, catalogo ANDA 853)",21 registro(s) excluidos por valor extremo
Santa Marta,47,2025,Ene-Dic (12 meses),vivienda_propia_credito,Arriendo imputado (estimado) - promedio,715739.54,7291.2245,701653.8236,730105.6049,1.1281,4716,1.0187,EXCELENTE,"GEIH 2025 (DANE, catalogo ANDA 853)",21 registro(s) excluidos por valor extremo
Santa Marta,47,2025,Ene-Dic (12 meses),vivienda_propia_credito,Cuota hipotecaria mensual - P25,480000.0,,,,,160,,ACEPTABLE,"GEIH 2025 (DANE, catalogo ANDA 853)",2 registro(s) excluidos por valor extremo
Santa Marta,47,2025,Ene-Dic (12 meses),vivienda_propia_credito,Cuota hipotecaria mensual - P75,1235178.42,,,,,160,,ACEPTABLE,"GEIH 2025 (DANE, catalogo ANDA 853)",2 registro(s) excluidos por valor extremo
Santa Marta,47,2025,Ene-Dic (12 meses),vivienda_propia_credito,Cuota hipotecaria mensual - mediana,708709.97,91533.3758,600000.0000,900000.0000,2.1875,160,12.9155,ACEPTABLE,"GEIH 2025 (DANE, catalogo ANDA 853)",2 registro(s) excluidos por valor extremo
Santa Marta,47,2025,Ene-Dic (12 meses),vivienda_propia_credito,Cuota hipotecaria mensual - promedio,978010.55,67291.7381,858490.5911,1126118.1370,1.1822,160,6.8805,ACEPTABLE,"GEIH 2025 (DANE, catalogo ANDA 853)",2 registro(s) excluidos por valor extremo
Santa Marta,47,2025,Ene-Dic (12 meses),vivienda_propia_credito,Valor estimado de venta de la vivienda - P25,90000000.0,,,,,2440,,ACEPTABLE,"GEIH 2025 (DANE, catalogo ANDA 853)",9 registro(s) excluidos por valor extremo
Santa Marta,47,2025,Ene-Dic (12 meses),vivienda_propia_credito,Valor estimado de venta de la vivienda - P75,230000000.0,,,,,2440,,ACEPTABLE,"GEIH 2025 (DANE, catalogo ANDA 853)",9 registro(s) excluidos por valor extremo
Santa Marta,47,2025,Ene-Dic (12 meses),vivienda_propia_credito,Valor estimado de venta de la vivienda - mediana,150000000.0,0.0000,150000000.0000,150000000.0000,0.0000,2440,0.0000,EXCELENTE,"GEIH 2025 (DANE, catalogo ANDA 853)",9 registro(s) excluidos por valor extremo
Santa Marta,47,2025,Ene-Dic (12 meses),vivienda_propia_credito,Valor estimado de venta de la vivienda - promedio,183855327.02,2908429.3216,177994865.7302,188683679.6041,0.9810,2440,1.5819,EXCELENTE,"GEIH 2025 (DANE, catalogo ANDA 853)",9 registro(s) excluidos por valor extremo
Santa Marta,47,2026*,Ene-Jun (parcial),arriendo,Canon de arriendo mensual - P25,400000.0,,,,,1631,,ACEPTABLE,"GEIH 2026 Ene-Jun (DANE, catalogo ANDA 900)",5 registro(s) excluidos por valor extremo
Santa Marta,47,2026*,Ene-Jun (parcial),arriendo,Canon de arriendo mensual - P75,750000.0,,,,,1631,,ACEPTABLE,"GEIH 2026 Ene-Jun (DANE, catalogo ANDA 900)",5 registro(s) excluidos por valor extremo
Santa Marta,47,2026*,Ene-Jun (parcial),arriendo,Canon de arriendo mensual - mediana,550000.0,22414.0220,500000.0000,550000.0000,6.0926,1631,4.0753,EXCELENTE,"GEIH 2026 Ene-Jun (DANE, catalogo ANDA 900)",5 registro(s) excluidos por valor extremo
Santa Marta,47,2026*,Ene-Jun (parcial),arriendo,Canon de arriendo mensual - promedio,631641.64,9096.6553,614718.3263,648601.9061,1.0035,1631,1.4402,EXCELENTE,"GEIH 2026 Ene-Jun (DANE, catalogo ANDA 900)",5 registro(s) excluidos por valor extremo
Santa Marta,47,2026*,Ene-Jun (parcial),deficit_habitacional,Deficit habitacional cualitativo,ND - pendiente Fase 2 (ECV),,,,,0,,ND,ECV (fuera de alcance Fase 1),ND - pendiente Fase 2 (ECV): fuente fuera de alcance de Fase 1
Santa Marta,47,2026*,Ene-Jun (parcial),deficit_habitacional,Deficit habitacional cuantitativo,ND - pendiente Fase 2 (ECV),,,,,0,,ND,ECV (fuera de alcance Fase 1),ND - pendiente Fase 2 (ECV): fuente fuera de alcance de Fase 1
Santa Marta,47,2026*,Ene-Jun (parcial),deficit_habitacional,Distribucion por estrato socioeconomico,ND - pendiente Fase 2 (ECV),,,,,0,,ND,ECV (fuera de alcance Fase 1),ND - pendiente Fase 2 (ECV): fuente fuera de alcance de Fase 1
Santa Marta,47,2026*,Ene-Jun (parcial),esfuerzo_financiero,Arrendatarios que destinan >30% del ingreso al arriendo,ND,,,,,0,,ND,ND - DANE no publica Pobreza Monetaria 2026,DANE no publica Medicion de Pobreza Monetaria y Desigualdad 2026 (requiere año calendario completo); no se calcula ni se extrapola
Santa Marta,47,2026*,Ene-Jun (parcial),esfuerzo_financiero,Arrendatarios que destinan >50% del ingreso al arriendo,ND,,,,,0,,ND,ND - DANE no publica Pobreza Monetaria 2026,DANE no publica Medicion de Pobreza Monetaria y Desigualdad 2026 (requiere año calendario completo); no se calcula ni se extrapola
Santa Marta,47,2026*,Ene-Jun (parcial),esfuerzo_financiero,Arriendo/ingreso del hogar (mediana),ND,,,,,0,,ND,ND - DANE no publica Pobreza Monetaria 2026,DANE no publica Medicion de Pobreza Monetaria y Desigualdad 2026 (requiere año calendario completo); no se calcula ni se extrapola
Santa Marta,47,2026*,Ene-Jun (parcial),hacinamiento,Hogares con hacinamiento (>3 personas/cuarto para dormir),4.93,0.3639,4.1879,5.6193,1.1215,3966,7.3872,ACEPTABLE,"GEIH 2026 Ene-Jun (DANE, catalogo ANDA 900)","Umbral >3 sobre CUARTOS PARA DORMIR (P5010), no cuartos totales"
Santa Marta,47,2026*,Ene-Jun (parcial),hacinamiento,Hogares con hacinamiento critico NBI (>3 personas/cuarto TOTAL),0.75,,,,,3966,,NO PUBLICAR,"GEIH 2026 Ene-Jun (DANE, catalogo ANDA 900)",Definicion oficial DANE-NBI (cuartos totales incl. sala-comedor)
Santa Marta,47,2026*,Ene-Jun (parcial),hacinamiento,Personas por cuarto para dormir - mediana,1.67,,,,,3966,,ACEPTABLE,"GEIH 2026 Ene-Jun (DANE, catalogo ANDA 900)",
Santa Marta,47,2026*,Ene-Jun (parcial),hacinamiento,Personas por cuarto para dormir - promedio,1.84,0.0138,1.8159,1.8689,1.0949,3966,0.7487,EXCELENTE,"GEIH 2026 Ene-Jun (DANE, catalogo ANDA 900)",
Santa Marta,47,2026*,Ene-Jun (parcial),ingreso_pobreza,% arrendatarios en pobreza monetaria,ND,,,,,0,,ND,ND - DANE no publica Pobreza Monetaria 2026,DANE no publica Medicion de Pobreza Monetaria y Desigualdad 2026 (requiere año calendario completo); no se calcula ni se extrapola
Santa Marta,47,2026*,Ene-Jun (parcial),ingreso_pobreza,% hogares no pobres que viven en arriendo,ND,,,,,0,,ND,ND - DANE no publica Pobreza Monetaria 2026,DANE no publica Medicion de Pobreza Monetaria y Desigualdad 2026 (requiere año calendario completo); no se calcula ni se extrapola
Santa Marta,47,2026*,Ene-Jun (parcial),ingreso_pobreza,% hogares pobres que viven en arriendo,ND,,,,,0,,ND,ND - DANE no publica Pobreza Monetaria 2026,DANE no publica Medicion de Pobreza Monetaria y Desigualdad 2026 (requiere año calendario completo); no se calcula ni se extrapola
Santa Marta,47,2026*,Ene-Jun (parcial),ingreso_pobreza,% propietarios en pobreza monetaria,ND,,,,,0,,ND,ND - DANE no publica Pobreza Monetaria 2026,DANE no publica Medicion de Pobreza Monetaria y Desigualdad 2026 (requiere año calendario completo); no se calcula ni se extrapola
Santa Marta,47,2026*,Ene-Jun (parcial),ingreso_pobreza,Brecha de ingreso propietarios vs arrendatarios,ND,,,,,0,,ND,ND - DANE no publica Pobreza Monetaria 2026,DANE no publica Medicion de Pobreza Monetaria y Desigualdad 2026 (requiere año calendario completo); no se calcula ni se extrapola
Santa Marta,47,2026*,Ene-Jun (parcial),ingreso_pobreza,Ingreso mediano hogares arrendatarios,ND,,,,,0,,ND,ND - DANE no publica Pobreza Monetaria 2026,DANE no publica Medicion de Pobreza Monetaria y Desigualdad 2026 (requiere año calendario completo); no se calcula ni se extrapola
Santa Marta,47,2026*,Ene-Jun (parcial),ingreso_pobreza,Ingreso mediano hogares propietarios,ND,,,,,0,,ND,ND - DANE no publica Pobreza Monetaria 2026,DANE no publica Medicion de Pobreza Monetaria y Desigualdad 2026 (requiere año calendario completo); no se calcula ni se extrapola
Santa Marta,47,2026*,Ene-Jun (parcial),servicios_publicos,Hogares sin acueducto,9.27,0.4382,8.4445,10.1053,0.9051,3966,4.7249,EXCELENTE,"GEIH 2026 Ene-Jun (DANE, catalogo ANDA 900)",
Santa Marta,47,2026*,Ene-Jun (parcial),servicios_publicos,Hogares sin alcantarillado,14.9,0.6296,13.5971,16.0890,1.2399,3966,4.2258,EXCELENTE,"GEIH 2026 Ene-Jun (DANE, catalogo ANDA 900)",
Santa Marta,47,2026*,Ene-Jun (parcial),servicios_publicos,Hogares sin energia electrica,0.0,0.0000,0.0000,0.0000,,3966,,ACEPTABLE,"GEIH 2026 Ene-Jun (DANE, catalogo ANDA 900)",
Santa Marta,47,2026*,Ene-Jun (parcial),servicios_publicos,Hogares sin gas natural conectado a red,6.72,0.4164,5.9824,7.5996,1.0973,3966,6.1975,ACEPTABLE,"GEIH 2026 Ene-Jun (DANE, catalogo ANDA 900)",
Santa Marta,47,2026*,Ene-Jun (parcial),servicios_publicos,Hogares sin recoleccion de basuras,1.43,0.1884,1.0726,1.8072,1.0017,3966,13.2144,ACEPTABLE,"GEIH 2026 Ene-Jun (DANE, catalogo ANDA 900)",
Santa Marta,47,2026*,Ene-Jun (parcial),tenencia,Tenencia: En arriendo o subarriendo,43.2,0.8492,41.4431,44.6661,1.1655,1636,1.9655,EXCELENTE,"GEIH 2026 Ene-Jun (DANE, catalogo ANDA 900)",
Santa Marta,47,2026*,Ene-Jun (parcial),tenencia,Tenencia: En usufructo,20.03,0.6834,18.6515,21.3579,1.1563,832,3.4116,EXCELENTE,"GEIH 2026 Ene-Jun (DANE, catalogo ANDA 900)",
Santa Marta,47,2026*,Ene-Jun (parcial),tenencia,Tenencia: Otra,0.03,0.0171,0.0000,0.0646,0.4521,2,66.7006,NO PUBLICAR,"GEIH 2026 Ene-Jun (DANE, catalogo ANDA 900)",
Santa Marta,47,2026*,Ene-Jun (parcial),tenencia,Tenencia: Posesion sin titulo,2.73,0.2608,2.2479,3.2713,1.0159,111,9.5551,ACEPTABLE,"GEIH 2026 Ene-Jun (DANE, catalogo ANDA 900)",
Santa Marta,47,2026*,Ene-Jun (parcial),tenencia,"Tenencia: Propia, la estan pagando",2.26,0.2441,1.7886,2.7774,1.0680,85,10.7820,ACEPTABLE,"GEIH 2026 Ene-Jun (DANE, catalogo ANDA 900)",
Santa Marta,47,2026*,Ene-Jun (parcial),tenencia,"Tenencia: Propia, totalmente pagada",31.71,0.7415,30.1544,33.1310,1.0069,1298,2.3382,EXCELENTE,"GEIH 2026 Ene-Jun (DANE, catalogo ANDA 900)",
Santa Marta,47,2026*,Ene-Jun (parcial),tenencia,Tenencia: Propiedad colectiva,0.03,0.0236,0.0000,0.0886,0.6344,2,67.8337,NO PUBLICAR,"GEIH 2026 Ene-Jun (DANE, catalogo ANDA 900)",
Santa Marta,47,2026*,Ene-Jun (parcial),tenencia,Tenencia: suma de categorias (control),100.0,,,,,3966,,NO_APLICA,"GEIH 2026 Ene-Jun (DANE, catalogo ANDA 900)",Control de auditoria: debe ser 100% +/-0.1pp
Santa Marta,47,2026*,Ene-Jun (parcial),vivienda_propia_credito,Arriendo imputado (estimado) - P25,450000.0,,,,,2321,,ACEPTABLE,"GEIH 2026 Ene-Jun (DANE, catalogo ANDA 900)",8 registro(s) excluidos por valor extremo
Santa Marta,47,2026*,Ene-Jun (parcial),vivienda_propia_credito,Arriendo imputado (estimado) - P75,800000.0,,,,,2321,,ACEPTABLE,"GEIH 2026 Ene-Jun (DANE, catalogo ANDA 900)",8 registro(s) excluidos por valor extremo
Santa Marta,47,2026*,Ene-Jun (parcial),vivienda_propia_credito,Arriendo imputado (estimado) - mediana,600000.0,0.0000,600000.0000,600000.0000,0.0000,2321,0.0000,EXCELENTE,"GEIH 2026 Ene-Jun (DANE, catalogo ANDA 900)",8 registro(s) excluidos por valor extremo
Santa Marta,47,2026*,Ene-Jun (parcial),vivienda_propia_credito,Arriendo imputado (estimado) - promedio,696006.96,9685.0647,678089.9803,716983.2489,1.1141,2321,1.3915,EXCELENTE,"GEIH 2026 Ene-Jun (DANE, catalogo ANDA 900)",8 registro(s) excluidos por valor extremo
Santa Marta,47,2026*,Ene-Jun (parcial),vivienda_propia_credito,Cuota hipotecaria mensual - P25,390000.0,,,,,85,,PRECAUCION,"GEIH 2026 Ene-Jun (DANE, catalogo ANDA 900)",
Santa Marta,47,2026*,Ene-Jun (parcial),vivienda_propia_credito,Cuota hipotecaria mensual - P75,836607.19,,,,,85,,PRECAUCION,"GEIH 2026 Ene-Jun (DANE, catalogo ANDA 900)",
Santa Marta,47,2026*,Ene-Jun (parcial),vivienda_propia_credito,Cuota hipotecaria mensual - mediana,600000.0,51158.1531,500000.0000,650000.0000,1.0354,85,8.5264,PRECAUCION,"GEIH 2026 Ene-Jun (DANE, catalogo ANDA 900)",
Santa Marta,47,2026*,Ene-Jun (parcial),vivienda_propia_credito,Cuota hipotecaria mensual - promedio,704847.72,50851.6802,615444.0149,805208.7680,1.0231,85,7.2146,PRECAUCION,"GEIH 2026 Ene-Jun (DANE, catalogo ANDA 900)",
Santa Marta,47,2026*,Ene-Jun (parcial),vivienda_propia_credito,Valor estimado de venta de la vivienda - P25,80000000.0,,,,,1354,,ACEPTABLE,"GEIH 2026 Ene-Jun (DANE, catalogo ANDA 900)",7 registro(s) excluidos por valor extremo
Santa Marta,47,2026*,Ene-Jun (parcial),vivienda_propia_credito,Valor estimado de venta de la vivienda - P75,220000000.0,,,,,1354,,ACEPTABLE,"GEIH 2026 Ene-Jun (DANE, catalogo ANDA 900)",7 registro(s) excluidos por valor extremo
Santa Marta,47,2026*,Ene-Jun (parcial),vivienda_propia_credito,Valor estimado de venta de la vivienda - mediana,150000000.0,923342.9731,150000000.0000,150000000.0000,0.0489,1354,0.6156,EXCELENTE,"GEIH 2026 Ene-Jun (DANE, catalogo ANDA 900)",7 registro(s) excluidos por valor extremo
Santa Marta,47,2026*,Ene-Jun (parcial),vivienda_propia_credito,Valor estimado de venta de la vivienda - promedio,181925066.27,4284886.1910,174317712.7783,191323972.1826,1.0534,1354,2.3553,EXCELENTE,"GEIH 2026 Ene-Jun (DANE, catalogo ANDA 900)",7 registro(s) excluidos por valor extremo
Sincelejo,70,2023,Ene-Dic (12 meses),arriendo,Canon de arriendo mensual - P25,300000.0,,,,,2284,,ACEPTABLE,"GEIH 2023 (DANE, catalogo ANDA 782)",1 registro(s) excluidos por valor extremo
Sincelejo,70,2023,Ene-Dic (12 meses),arriendo,Canon de arriendo mensual - P75,550000.0,,,,,2284,,ACEPTABLE,"GEIH 2023 (DANE, catalogo ANDA 782)",1 registro(s) excluidos por valor extremo
Sincelejo,70,2023,Ene-Dic (12 meses),arriendo,Canon de arriendo mensual - mediana,400000.0,8311.4078,400000.0000,430000.0000,2.0607,2284,2.0779,EXCELENTE,"GEIH 2023 (DANE, catalogo ANDA 782)",1 registro(s) excluidos por valor extremo
Sincelejo,70,2023,Ene-Dic (12 meses),arriendo,Canon de arriendo mensual - promedio,468691.98,6731.4198,456126.0924,481867.9382,1.3517,2284,1.4362,EXCELENTE,"GEIH 2023 (DANE, catalogo ANDA 782)",1 registro(s) excluidos por valor extremo
Sincelejo,70,2023,Ene-Dic (12 meses),deficit_habitacional,Deficit habitacional cualitativo,ND - pendiente Fase 2 (ECV),,,,,0,,ND,ECV (fuera de alcance Fase 1),ND - pendiente Fase 2 (ECV): fuente fuera de alcance de Fase 1
Sincelejo,70,2023,Ene-Dic (12 meses),deficit_habitacional,Deficit habitacional cuantitativo,ND - pendiente Fase 2 (ECV),,,,,0,,ND,ECV (fuera de alcance Fase 1),ND - pendiente Fase 2 (ECV): fuente fuera de alcance de Fase 1
Sincelejo,70,2023,Ene-Dic (12 meses),deficit_habitacional,Distribucion por estrato socioeconomico,ND - pendiente Fase 2 (ECV),,,,,0,,ND,ECV (fuera de alcance Fase 1),ND - pendiente Fase 2 (ECV): fuente fuera de alcance de Fase 1
Sincelejo,70,2023,Ene-Dic (12 meses),esfuerzo_financiero,Arrendatarios que destinan >30% del ingreso al arriendo,43.84,,,,,2273,,ACEPTABLE,"Pobreza Monetaria 2023 (DANE, catalogo ANDA 835)",sobrecarga (>30%)
Sincelejo,70,2023,Ene-Dic (12 meses),esfuerzo_financiero,Arrendatarios que destinan >50% del ingreso al arriendo,16.35,,,,,2273,,ACEPTABLE,"Pobreza Monetaria 2023 (DANE, catalogo ANDA 835)",sobrecarga severa (>50%)
Sincelejo,70,2023,Ene-Dic (12 meses),esfuerzo_financiero,Arriendo/ingreso del hogar (mediana),27.45,,,,,2273,,ACEPTABLE,"Pobreza Monetaria 2023 (DANE, catalogo ANDA 835)",Merge con 99.9% de coincidencia
Sincelejo,70,2023,Ene-Dic (12 meses),hacinamiento,Hogares con hacinamiento (>3 personas/cuarto para dormir),4.68,0.2585,4.1585,5.2385,1.0665,7123,5.5216,ACEPTABLE,"GEIH 2023 (DANE, catalogo ANDA 782)","Umbral >3 sobre CUARTOS PARA DORMIR (P5010), no cuartos totales"
Sincelejo,70,2023,Ene-Dic (12 meses),hacinamiento,Hogares con hacinamiento critico NBI (>3 personas/cuarto TOTAL),0.5,,,,,7123,,PRECAUCION,"GEIH 2023 (DANE, catalogo ANDA 782)",Definicion oficial DANE-NBI (cuartos totales incl. sala-comedor)
Sincelejo,70,2023,Ene-Dic (12 meses),hacinamiento,Personas por cuarto para dormir - mediana,1.67,,,,,7123,,ACEPTABLE,"GEIH 2023 (DANE, catalogo ANDA 782)",
Sincelejo,70,2023,Ene-Dic (12 meses),hacinamiento,Personas por cuarto para dormir - promedio,1.82,0.0098,1.7994,1.8369,1.1013,7123,0.5413,EXCELENTE,"GEIH 2023 (DANE, catalogo ANDA 782)",
Sincelejo,70,2023,Ene-Dic (12 meses),ingreso_pobreza,% arrendatarios en pobreza monetaria,45.92,,,,,2286,,ACEPTABLE,"Pobreza Monetaria 2023 (DANE, catalogo ANDA 835)",
Sincelejo,70,2023,Ene-Dic (12 meses),ingreso_pobreza,% hogares no pobres que viven en arriendo,29.34,,,,,4418,,ACEPTABLE,"Pobreza Monetaria 2023 (DANE, catalogo ANDA 835)",
Sincelejo,70,2023,Ene-Dic (12 meses),ingreso_pobreza,% hogares pobres que viven en arriendo,40.59,,,,,2705,,ACEPTABLE,"Pobreza Monetaria 2023 (DANE, catalogo ANDA 835)",
Sincelejo,70,2023,Ene-Dic (12 meses),ingreso_pobreza,% propietarios en pobreza monetaria,26.85,,,,,2821,,ACEPTABLE,"Pobreza Monetaria 2023 (DANE, catalogo ANDA 835)",
Sincelejo,70,2023,Ene-Dic (12 meses),ingreso_pobreza,Brecha de ingreso propietarios vs arrendatarios,28.04,,,,,0,,NO_APLICA,"Pobreza Monetaria 2023 (DANE, catalogo ANDA 835)",(+) = propietarios ganan mas; calculado sobre medianas ponderadas
Sincelejo,70,2023,Ene-Dic (12 meses),ingreso_pobreza,Ingreso mediano hogares arrendatarios,1405833.33,,,,,2275,,ACEPTABLE,"Pobreza Monetaria 2023 (DANE, catalogo ANDA 835)",ingtotug = ingreso total unidad de gasto SIN imputar arriendo
Sincelejo,70,2023,Ene-Dic (12 meses),ingreso_pobreza,Ingreso mediano hogares propietarios,1800000.0,,,,,2816,,ACEPTABLE,"Pobreza Monetaria 2023 (DANE, catalogo ANDA 835)",ingtotug = ingreso total unidad de gasto SIN imputar arriendo
Sincelejo,70,2023,Ene-Dic (12 meses),servicios_publicos,Hogares sin acueducto,0.36,0.0793,0.1945,0.5133,1.2657,7123,22.3299,PRECAUCION,"GEIH 2023 (DANE, catalogo ANDA 782)",
Sincelejo,70,2023,Ene-Dic (12 meses),servicios_publicos,Hogares sin alcantarillado,5.03,0.2760,4.4594,5.5657,1.1363,7123,5.4886,ACEPTABLE,"GEIH 2023 (DANE, catalogo ANDA 782)",
Sincelejo,70,2023,Ene-Dic (12 meses),servicios_publicos,Hogares sin energia electrica,0.05,0.0277,0.0087,0.1139,1.0180,7123,51.5469,NO PUBLICAR,"GEIH 2023 (DANE, catalogo ANDA 782)",
Sincelejo,70,2023,Ene-Dic (12 meses),servicios_publicos,Hogares sin gas natural conectado a red,4.69,0.2572,4.1631,5.1747,1.0549,7123,5.4878,ACEPTABLE,"GEIH 2023 (DANE, catalogo ANDA 782)",
Sincelejo,70,2023,Ene-Dic (12 meses),servicios_publicos,Hogares sin recoleccion de basuras,2.33,0.1955,1.9560,2.7102,1.1958,7123,8.3874,ACEPTABLE,"GEIH 2023 (DANE, catalogo ANDA 782)",
Sincelejo,70,2023,Ene-Dic (12 meses),tenencia,Tenencia: En arriendo o subarriendo,33.62,0.5464,32.5395,34.7060,0.9531,2286,1.6255,EXCELENTE,"GEIH 2023 (DANE, catalogo ANDA 782)",
Sincelejo,70,2023,Ene-Dic (12 meses),tenencia,Tenencia: En usufructo,21.43,0.4959,20.4890,22.4123,1.0401,1525,2.3138,EXCELENTE,"GEIH 2023 (DANE, catalogo ANDA 782)",
Sincelejo,70,2023,Ene-Dic (12 meses),tenencia,Tenencia: Otra,0.02,0.0153,0.0000,0.0562,0.7479,2,68.5618,NO PUBLICAR,"GEIH 2023 (DANE, catalogo ANDA 782)",
Sincelejo,70,2023,Ene-Dic (12 meses),tenencia,Tenencia: Posesion sin titulo,4.38,0.2510,3.9407,4.8645,1.0712,314,5.7298,ACEPTABLE,"GEIH 2023 (DANE, catalogo ANDA 782)",
Sincelejo,70,2023,Ene-Dic (12 meses),tenencia,"Tenencia: Propia, la estan pagando",2.81,0.2274,2.3913,3.2659,1.3480,178,8.0891,ACEPTABLE,"GEIH 2023 (DANE, catalogo ANDA 782)",
Sincelejo,70,2023,Ene-Dic (12 meses),tenencia,"Tenencia: Propia, totalmente pagada",35.39,0.5889,34.3407,36.6627,1.0803,2643,1.6639,EXCELENTE,"GEIH 2023 (DANE, catalogo ANDA 782)",
Sincelejo,70,2023,Ene-Dic (12 meses),tenencia,Tenencia: Propiedad colectiva,2.35,0.1869,1.9801,2.7122,1.0852,175,7.9615,ACEPTABLE,"GEIH 2023 (DANE, catalogo ANDA 782)",
Sincelejo,70,2023,Ene-Dic (12 meses),tenencia,Tenencia: suma de categorias (control),100.0,,,,,7123,,NO_APLICA,"GEIH 2023 (DANE, catalogo ANDA 782)",Control de auditoria: debe ser 100% +/-0.1pp
Sincelejo,70,2023,Ene-Dic (12 meses),vivienda_propia_credito,Arriendo imputado (estimado) - P25,300000.0,,,,,4812,,ACEPTABLE,"GEIH 2023 (DANE, catalogo ANDA 782)",24 registro(s) excluidos por valor extremo
Sincelejo,70,2023,Ene-Dic (12 meses),vivienda_propia_credito,Arriendo imputado (estimado) - P75,600000.0,,,,,4812,,ACEPTABLE,"GEIH 2023 (DANE, catalogo ANDA 782)",24 registro(s) excluidos por valor extremo
Sincelejo,70,2023,Ene-Dic (12 meses),vivienda_propia_credito,Arriendo imputado (estimado) - mediana,427940.95,24033.8428,400000.0000,450000.0000,20.1281,4812,5.6162,ACEPTABLE,"GEIH 2023 (DANE, catalogo ANDA 782)",24 registro(s) excluidos por valor extremo
Sincelejo,70,2023,Ene-Dic (12 meses),vivienda_propia_credito,Arriendo imputado (estimado) - promedio,516974.92,6581.3098,506693.9138,531123.5266,1.5093,4812,1.2730,EXCELENTE,"GEIH 2023 (DANE, catalogo ANDA 782)",24 registro(s) excluidos por valor extremo
Sincelejo,70,2023,Ene-Dic (12 meses),vivienda_propia_credito,Cuota hipotecaria mensual - P25,292595.58,,,,,178,,ACEPTABLE,"GEIH 2023 (DANE, catalogo ANDA 782)",
Sincelejo,70,2023,Ene-Dic (12 meses),vivienda_propia_credito,Cuota hipotecaria mensual - P75,1000000.0,,,,,178,,ACEPTABLE,"GEIH 2023 (DANE, catalogo ANDA 782)",
Sincelejo,70,2023,Ene-Dic (12 meses),vivienda_propia_credito,Cuota hipotecaria mensual - mediana,529285.74,69755.6082,400000.0000,600000.0000,2.6391,178,13.1792,ACEPTABLE,"GEIH 2023 (DANE, catalogo ANDA 782)",
Sincelejo,70,2023,Ene-Dic (12 meses),vivienda_propia_credito,Cuota hipotecaria mensual - promedio,709240.06,44226.2252,625313.4445,792340.3490,1.0609,178,6.2357,ACEPTABLE,"GEIH 2023 (DANE, catalogo ANDA 782)",
Sincelejo,70,2023,Ene-Dic (12 meses),vivienda_propia_credito,Valor estimado de venta de la vivienda - P25,50000000.0,,,,,2794,,ACEPTABLE,"GEIH 2023 (DANE, catalogo ANDA 782)",10 registro(s) excluidos por valor extremo
Sincelejo,70,2023,Ene-Dic (12 meses),vivienda_propia_credito,Valor estimado de venta de la vivienda - P75,150000000.0,,,,,2794,,ACEPTABLE,"GEIH 2023 (DANE, catalogo ANDA 782)",10 registro(s) excluidos por valor extremo
Sincelejo,70,2023,Ene-Dic (12 meses),vivienda_propia_credito,Valor estimado de venta de la vivienda - mediana,90000000.0,3061795.6214,80000000.0000,90000000.0000,0.9683,2794,3.4020,EXCELENTE,"GEIH 2023 (DANE, catalogo ANDA 782)",10 registro(s) excluidos por valor extremo
Sincelejo,70,2023,Ene-Dic (12 meses),vivienda_propia_credito,Valor estimado de venta de la vivienda - promedio,132832195.18,3365181.6433,126915153.9425,139379292.4719,1.1697,2794,2.5334,EXCELENTE,"GEIH 2023 (DANE, catalogo ANDA 782)",10 registro(s) excluidos por valor extremo
Sincelejo,70,2024,Ene-Dic (12 meses),arriendo,Canon de arriendo mensual - P25,300000.0,,,,,2217,,ACEPTABLE,"GEIH 2024 (DANE, catalogo ANDA 819)",
Sincelejo,70,2024,Ene-Dic (12 meses),arriendo,Canon de arriendo mensual - P75,600000.0,,,,,2217,,ACEPTABLE,"GEIH 2024 (DANE, catalogo ANDA 819)",
Sincelejo,70,2024,Ene-Dic (12 meses),arriendo,Canon de arriendo mensual - mediana,450000.0,0.0000,450000.0000,450000.0000,0.0000,2217,0.0000,EXCELENTE,"GEIH 2024 (DANE, catalogo ANDA 819)",
Sincelejo,70,2024,Ene-Dic (12 meses),arriendo,Canon de arriendo mensual - promedio,508477.43,7265.5478,494862.0654,523613.8767,1.2011,2217,1.4289,EXCELENTE,"GEIH 2024 (DANE, catalogo ANDA 819)",
Sincelejo,70,2024,Ene-Dic (12 meses),deficit_habitacional,Deficit habitacional cualitativo,ND - pendiente Fase 2 (ECV),,,,,0,,ND,ECV (fuera de alcance Fase 1),ND - pendiente Fase 2 (ECV): fuente fuera de alcance de Fase 1
Sincelejo,70,2024,Ene-Dic (12 meses),deficit_habitacional,Deficit habitacional cuantitativo,ND - pendiente Fase 2 (ECV),,,,,0,,ND,ECV (fuera de alcance Fase 1),ND - pendiente Fase 2 (ECV): fuente fuera de alcance de Fase 1
Sincelejo,70,2024,Ene-Dic (12 meses),deficit_habitacional,Distribucion por estrato socioeconomico,ND - pendiente Fase 2 (ECV),,,,,0,,ND,ECV (fuera de alcance Fase 1),ND - pendiente Fase 2 (ECV): fuente fuera de alcance de Fase 1
Sincelejo,70,2024,Ene-Dic (12 meses),esfuerzo_financiero,Arrendatarios que destinan >30% del ingreso al arriendo,44.73,,,,,2214,,ACEPTABLE,"Pobreza Monetaria 2024 (DANE, catalogo ANDA 874)",sobrecarga (>30%)
Sincelejo,70,2024,Ene-Dic (12 meses),esfuerzo_financiero,Arrendatarios que destinan >50% del ingreso al arriendo,17.91,,,,,2214,,ACEPTABLE,"Pobreza Monetaria 2024 (DANE, catalogo ANDA 874)",sobrecarga severa (>50%)
Sincelejo,70,2024,Ene-Dic (12 meses),esfuerzo_financiero,Arriendo/ingreso del hogar (mediana),27.34,,,,,2214,,ACEPTABLE,"Pobreza Monetaria 2024 (DANE, catalogo ANDA 874)",Merge con 100.0% de coincidencia
Sincelejo,70,2024,Ene-Dic (12 meses),hacinamiento,Hogares con hacinamiento (>3 personas/cuarto para dormir),4.78,0.2743,4.2935,5.3007,1.1392,6898,5.7334,ACEPTABLE,"GEIH 2024 (DANE, catalogo ANDA 819)","Umbral >3 sobre CUARTOS PARA DORMIR (P5010), no cuartos totales"
Sincelejo,70,2024,Ene-Dic (12 meses),hacinamiento,Hogares con hacinamiento critico NBI (>3 personas/cuarto TOTAL),0.58,,,,,6898,,PRECAUCION,"GEIH 2024 (DANE, catalogo ANDA 819)",Definicion oficial DANE-NBI (cuartos totales incl. sala-comedor)
Sincelejo,70,2024,Ene-Dic (12 meses),hacinamiento,Personas por cuarto para dormir - mediana,1.67,,,,,6898,,ACEPTABLE,"GEIH 2024 (DANE, catalogo ANDA 819)",
Sincelejo,70,2024,Ene-Dic (12 meses),hacinamiento,Personas por cuarto para dormir - promedio,1.81,0.0103,1.7908,1.8322,1.1016,6898,0.5700,EXCELENTE,"GEIH 2024 (DANE, catalogo ANDA 819)",
Sincelejo,70,2024,Ene-Dic (12 meses),ingreso_pobreza,% arrendatarios en pobreza monetaria,43.11,,,,,2218,,ACEPTABLE,"Pobreza Monetaria 2024 (DANE, catalogo ANDA 874)",
Sincelejo,70,2024,Ene-Dic (12 meses),ingreso_pobreza,% hogares no pobres que viven en arriendo,31.2,,,,,4303,,ACEPTABLE,"Pobreza Monetaria 2024 (DANE, catalogo ANDA 874)",
Sincelejo,70,2024,Ene-Dic (12 meses),ingreso_pobreza,% hogares pobres que viven en arriendo,38.4,,,,,2595,,ACEPTABLE,"Pobreza Monetaria 2024 (DANE, catalogo ANDA 874)",
Sincelejo,70,2024,Ene-Dic (12 meses),ingreso_pobreza,% propietarios en pobreza monetaria,25.03,,,,,2533,,ACEPTABLE,"Pobreza Monetaria 2024 (DANE, catalogo ANDA 874)",
Sincelejo,70,2024,Ene-Dic (12 meses),ingreso_pobreza,Brecha de ingreso propietarios vs arrendatarios,32.02,,,,,0,,NO_APLICA,"Pobreza Monetaria 2024 (DANE, catalogo ANDA 874)",(+) = propietarios ganan mas; calculado sobre medianas ponderadas
Sincelejo,70,2024,Ene-Dic (12 meses),ingreso_pobreza,Ingreso mediano hogares arrendatarios,1570333.33,,,,,2215,,ACEPTABLE,"Pobreza Monetaria 2024 (DANE, catalogo ANDA 874)",ingtotug = ingreso total unidad de gasto SIN imputar arriendo
Sincelejo,70,2024,Ene-Dic (12 meses),ingreso_pobreza,Ingreso mediano hogares propietarios,2073212.12,,,,,2529,,ACEPTABLE,"Pobreza Monetaria 2024 (DANE, catalogo ANDA 874)",ingtotug = ingreso total unidad de gasto SIN imputar arriendo
Sincelejo,70,2024,Ene-Dic (12 meses),servicios_publicos,Hogares sin acueducto,0.72,0.1212,0.4862,0.9570,1.4207,6898,16.8667,PRECAUCION,"GEIH 2024 (DANE, catalogo ANDA 819)",
Sincelejo,70,2024,Ene-Dic (12 meses),servicios_publicos,Hogares sin alcantarillado,5.4,0.3071,4.7982,6.0214,1.2723,6898,5.6820,ACEPTABLE,"GEIH 2024 (DANE, catalogo ANDA 819)",
Sincelejo,70,2024,Ene-Dic (12 meses),servicios_publicos,Hogares sin energia electrica,0.0,0.0000,0.0000,0.0000,,6898,,ACEPTABLE,"GEIH 2024 (DANE, catalogo ANDA 819)",
Sincelejo,70,2024,Ene-Dic (12 meses),servicios_publicos,Hogares sin gas natural conectado a red,6.14,0.3272,5.5047,6.7817,1.2818,6898,5.3306,ACEPTABLE,"GEIH 2024 (DANE, catalogo ANDA 819)",
Sincelejo,70,2024,Ene-Dic (12 meses),servicios_publicos,Hogares sin recoleccion de basuras,2.92,0.2163,2.4660,3.3628,1.1402,6898,7.4179,ACEPTABLE,"GEIH 2024 (DANE, catalogo ANDA 819)",
Sincelejo,70,2024,Ene-Dic (12 meses),tenencia,Tenencia: En arriendo o subarriendo,33.94,0.5892,32.8370,35.0296,1.0680,2218,1.7358,EXCELENTE,"GEIH 2024 (DANE, catalogo ANDA 819)",
Sincelejo,70,2024,Ene-Dic (12 meses),tenencia,Tenencia: En usufructo,24.98,0.5187,23.9195,25.9489,0.9904,1699,2.0767,EXCELENTE,"GEIH 2024 (DANE, catalogo ANDA 819)",
Sincelejo,70,2024,Ene-Dic (12 meses),tenencia,Tenencia: Otra,0.0,0.0000,0.0000,0.0000,,0,,ACEPTABLE,"GEIH 2024 (DANE, catalogo ANDA 819)",
Sincelejo,70,2024,Ene-Dic (12 meses),tenencia,Tenencia: Posesion sin titulo,5.99,0.3124,5.3633,6.6383,1.1953,411,5.2152,ACEPTABLE,"GEIH 2024 (DANE, catalogo ANDA 819)",
Sincelejo,70,2024,Ene-Dic (12 meses),tenencia,"Tenencia: Propia, la estan pagando",2.91,0.2247,2.4783,3.3464,1.2323,176,7.7203,ACEPTABLE,"GEIH 2024 (DANE, catalogo ANDA 819)",
Sincelejo,70,2024,Ene-Dic (12 meses),tenencia,"Tenencia: Propia, totalmente pagada",31.73,0.5931,30.6378,32.9381,1.1203,2357,1.8694,EXCELENTE,"GEIH 2024 (DANE, catalogo ANDA 819)",
Sincelejo,70,2024,Ene-Dic (12 meses),tenencia,Tenencia: Propiedad colectiva,0.45,0.0775,0.2959,0.5979,0.9200,37,17.1330,PRECAUCION,"GEIH 2024 (DANE, catalogo ANDA 819)",
Sincelejo,70,2024,Ene-Dic (12 meses),tenencia,Tenencia: suma de categorias (control),100.0,,,,,6898,,NO_APLICA,"GEIH 2024 (DANE, catalogo ANDA 819)",Control de auditoria: debe ser 100% +/-0.1pp
Sincelejo,70,2024,Ene-Dic (12 meses),vivienda_propia_credito,Arriendo imputado (estimado) - P25,300000.0,,,,,4665,,ACEPTABLE,"GEIH 2024 (DANE, catalogo ANDA 819)",13 registro(s) excluidos por valor extremo
Sincelejo,70,2024,Ene-Dic (12 meses),vivienda_propia_credito,Arriendo imputado (estimado) - P75,600000.0,,,,,4665,,ACEPTABLE,"GEIH 2024 (DANE, catalogo ANDA 819)",13 registro(s) excluidos por valor extremo
Sincelejo,70,2024,Ene-Dic (12 meses),vivienda_propia_credito,Arriendo imputado (estimado) - mediana,450000.0,20672.2132,450000.0000,500000.0000,14.3594,4665,4.5938,EXCELENTE,"GEIH 2024 (DANE, catalogo ANDA 819)",13 registro(s) excluidos por valor extremo
Sincelejo,70,2024,Ene-Dic (12 meses),vivienda_propia_credito,Arriendo imputado (estimado) - promedio,533094.91,6002.8315,522078.3949,544371.6995,1.2108,4665,1.1260,EXCELENTE,"GEIH 2024 (DANE, catalogo ANDA 819)",13 registro(s) excluidos por valor extremo
Sincelejo,70,2024,Ene-Dic (12 meses),vivienda_propia_credito,Cuota hipotecaria mensual - P25,391262.64,,,,,176,,ACEPTABLE,"GEIH 2024 (DANE, catalogo ANDA 819)",
Sincelejo,70,2024,Ene-Dic (12 meses),vivienda_propia_credito,Cuota hipotecaria mensual - P75,1170754.08,,,,,176,,ACEPTABLE,"GEIH 2024 (DANE, catalogo ANDA 819)",
Sincelejo,70,2024,Ene-Dic (12 meses),vivienda_propia_credito,Cuota hipotecaria mensual - mediana,600000.0,46191.0837,550000.0000,700000.0000,0.8285,176,7.6985,ACEPTABLE,"GEIH 2024 (DANE, catalogo ANDA 819)",
Sincelejo,70,2024,Ene-Dic (12 meses),vivienda_propia_credito,Cuota hipotecaria mensual - promedio,856182.08,57624.9907,751243.8116,964837.5821,1.2895,176,6.7305,ACEPTABLE,"GEIH 2024 (DANE, catalogo ANDA 819)",
Sincelejo,70,2024,Ene-Dic (12 meses),vivienda_propia_credito,Valor estimado de venta de la vivienda - P25,50000000.0,,,,,2316,,ACEPTABLE,"GEIH 2024 (DANE, catalogo ANDA 819)",30 registro(s) excluidos por valor extremo
Sincelejo,70,2024,Ene-Dic (12 meses),vivienda_propia_credito,Valor estimado de venta de la vivienda - P75,170000000.0,,,,,2316,,ACEPTABLE,"GEIH 2024 (DANE, catalogo ANDA 819)",30 registro(s) excluidos por valor extremo
Sincelejo,70,2024,Ene-Dic (12 meses),vivienda_propia_credito,Valor estimado de venta de la vivienda - mediana,90000000.0,1231907.2912,90000000.0000,95000000.0000,0.2715,2316,1.3688,EXCELENTE,"GEIH 2024 (DANE, catalogo ANDA 819)",30 registro(s) excluidos por valor extremo
Sincelejo,70,2024,Ene-Dic (12 meses),vivienda_propia_credito,Valor estimado de venta de la vivienda - promedio,128305327.56,2731032.1533,122932229.2411,134396241.6238,1.3344,2316,2.1285,EXCELENTE,"GEIH 2024 (DANE, catalogo ANDA 819)",30 registro(s) excluidos por valor extremo
Sincelejo,70,2025,Ene-Dic (12 meses),arriendo,Canon de arriendo mensual - P25,350000.0,,,,,2089,,ACEPTABLE,"GEIH 2025 (DANE, catalogo ANDA 853)",
Sincelejo,70,2025,Ene-Dic (12 meses),arriendo,Canon de arriendo mensual - P75,600000.0,,,,,2089,,ACEPTABLE,"GEIH 2025 (DANE, catalogo ANDA 853)",
Sincelejo,70,2025,Ene-Dic (12 meses),arriendo,Canon de arriendo mensual - mediana,497624.42,15081.4243,450000.0000,500000.0000,4.9201,2089,3.0307,EXCELENTE,"GEIH 2025 (DANE, catalogo ANDA 853)",
Sincelejo,70,2025,Ene-Dic (12 meses),arriendo,Canon de arriendo mensual - promedio,527368.05,7235.4343,512053.1684,540619.2484,1.1325,2089,1.3720,EXCELENTE,"GEIH 2025 (DANE, catalogo ANDA 853)",
Sincelejo,70,2025,Ene-Dic (12 meses),deficit_habitacional,Deficit habitacional cualitativo,ND - pendiente Fase 2 (ECV),,,,,0,,ND,ECV (fuera de alcance Fase 1),ND - pendiente Fase 2 (ECV): fuente fuera de alcance de Fase 1
Sincelejo,70,2025,Ene-Dic (12 meses),deficit_habitacional,Deficit habitacional cuantitativo,ND - pendiente Fase 2 (ECV),,,,,0,,ND,ECV (fuera de alcance Fase 1),ND - pendiente Fase 2 (ECV): fuente fuera de alcance de Fase 1
Sincelejo,70,2025,Ene-Dic (12 meses),deficit_habitacional,Distribucion por estrato socioeconomico,ND - pendiente Fase 2 (ECV),,,,,0,,ND,ECV (fuera de alcance Fase 1),ND - pendiente Fase 2 (ECV): fuente fuera de alcance de Fase 1
Sincelejo,70,2025,Ene-Dic (12 meses),esfuerzo_financiero,Arrendatarios que destinan >30% del ingreso al arriendo,42.79,,,,,2086,,ACEPTABLE,"Pobreza Monetaria 2025 (DANE, catalogo ANDA 908)",sobrecarga (>30%)
Sincelejo,70,2025,Ene-Dic (12 meses),esfuerzo_financiero,Arrendatarios que destinan >50% del ingreso al arriendo,17.05,,,,,2086,,ACEPTABLE,"Pobreza Monetaria 2025 (DANE, catalogo ANDA 908)",sobrecarga severa (>50%)
Sincelejo,70,2025,Ene-Dic (12 meses),esfuerzo_financiero,Arriendo/ingreso del hogar (mediana),26.52,,,,,2086,,ACEPTABLE,"Pobreza Monetaria 2025 (DANE, catalogo ANDA 908)",Merge con 100.0% de coincidencia
Sincelejo,70,2025,Ene-Dic (12 meses),hacinamiento,Hogares con hacinamiento (>3 personas/cuarto para dormir),4.49,0.2563,3.9568,4.9289,1.0607,6931,5.7037,ACEPTABLE,"GEIH 2025 (DANE, catalogo ANDA 853)","Umbral >3 sobre CUARTOS PARA DORMIR (P5010), no cuartos totales"
Sincelejo,70,2025,Ene-Dic (12 meses),hacinamiento,Hogares con hacinamiento critico NBI (>3 personas/cuarto TOTAL),0.43,,,,,6931,,NO PUBLICAR,"GEIH 2025 (DANE, catalogo ANDA 853)",Definicion oficial DANE-NBI (cuartos totales incl. sala-comedor)
Sincelejo,70,2025,Ene-Dic (12 meses),hacinamiento,Personas por cuarto para dormir - mediana,1.5,,,,,6931,,ACEPTABLE,"GEIH 2025 (DANE, catalogo ANDA 853)",
Sincelejo,70,2025,Ene-Dic (12 meses),hacinamiento,Personas por cuarto para dormir - promedio,1.8,0.0101,1.7811,1.8202,1.1511,6931,0.5613,EXCELENTE,"GEIH 2025 (DANE, catalogo ANDA 853)",
Sincelejo,70,2025,Ene-Dic (12 meses),ingreso_pobreza,% arrendatarios en pobreza monetaria,40.29,,,,,2089,,ACEPTABLE,"Pobreza Monetaria 2025 (DANE, catalogo ANDA 908)",
Sincelejo,70,2025,Ene-Dic (12 meses),ingreso_pobreza,% hogares no pobres que viven en arriendo,30.38,,,,,4545,,ACEPTABLE,"Pobreza Monetaria 2025 (DANE, catalogo ANDA 908)",
Sincelejo,70,2025,Ene-Dic (12 meses),ingreso_pobreza,% hogares pobres que viven en arriendo,36.67,,,,,2386,,ACEPTABLE,"Pobreza Monetaria 2025 (DANE, catalogo ANDA 908)",
Sincelejo,70,2025,Ene-Dic (12 meses),ingreso_pobreza,% propietarios en pobreza monetaria,23.96,,,,,2667,,ACEPTABLE,"Pobreza Monetaria 2025 (DANE, catalogo ANDA 908)",
Sincelejo,70,2025,Ene-Dic (12 meses),ingreso_pobreza,Brecha de ingreso propietarios vs arrendatarios,27.7,,,,,0,,NO_APLICA,"Pobreza Monetaria 2025 (DANE, catalogo ANDA 908)",(+) = propietarios ganan mas; calculado sobre medianas ponderadas
Sincelejo,70,2025,Ene-Dic (12 meses),ingreso_pobreza,Ingreso mediano hogares arrendatarios,1742125.0,,,,,2086,,ACEPTABLE,"Pobreza Monetaria 2025 (DANE, catalogo ANDA 908)",ingtotug = ingreso total unidad de gasto SIN imputar arriendo
Sincelejo,70,2025,Ene-Dic (12 meses),ingreso_pobreza,Ingreso mediano hogares propietarios,2224722.47,,,,,2664,,ACEPTABLE,"Pobreza Monetaria 2025 (DANE, catalogo ANDA 908)",ingtotug = ingreso total unidad de gasto SIN imputar arriendo
Sincelejo,70,2025,Ene-Dic (12 meses),servicios_publicos,Hogares sin acueducto,0.6,0.0982,0.4153,0.7836,1.1222,6931,16.3910,PRECAUCION,"GEIH 2025 (DANE, catalogo ANDA 853)",
Sincelejo,70,2025,Ene-Dic (12 meses),servicios_publicos,Hogares sin alcantarillado,6.78,0.3342,6.1125,7.3266,1.2244,6931,4.9268,EXCELENTE,"GEIH 2025 (DANE, catalogo ANDA 853)",
Sincelejo,70,2025,Ene-Dic (12 meses),servicios_publicos,Hogares sin energia electrica,0.03,0.0223,0.0000,0.0806,1.0502,6931,68.0564,NO PUBLICAR,"GEIH 2025 (DANE, catalogo ANDA 853)",
Sincelejo,70,2025,Ene-Dic (12 meses),servicios_publicos,Hogares sin gas natural conectado a red,7.2,0.3714,6.4822,7.8666,1.4319,6931,5.1617,ACEPTABLE,"GEIH 2025 (DANE, catalogo ANDA 853)",
Sincelejo,70,2025,Ene-Dic (12 meses),servicios_publicos,Hogares sin recoleccion de basuras,3.49,0.2555,2.9772,3.9887,1.3435,6931,7.3220,ACEPTABLE,"GEIH 2025 (DANE, catalogo ANDA 853)",
Sincelejo,70,2025,Ene-Dic (12 meses),tenencia,Tenencia: En arriendo o subarriendo,32.63,0.6003,31.4110,33.8146,1.1363,2089,1.8396,EXCELENTE,"GEIH 2025 (DANE, catalogo ANDA 853)",
Sincelejo,70,2025,Ene-Dic (12 meses),tenencia,Tenencia: En usufructo,24.24,0.5069,23.2082,25.3001,0.9699,1698,2.0914,EXCELENTE,"GEIH 2025 (DANE, catalogo ANDA 853)",
Sincelejo,70,2025,Ene-Dic (12 meses),tenencia,Tenencia: Otra,0.0,0.0000,0.0000,0.0000,,0,,ACEPTABLE,"GEIH 2025 (DANE, catalogo ANDA 853)",
Sincelejo,70,2025,Ene-Dic (12 meses),tenencia,Tenencia: Posesion sin titulo,7.16,0.3572,6.4985,7.8991,1.3306,458,4.9896,EXCELENTE,"GEIH 2025 (DANE, catalogo ANDA 853)",
Sincelejo,70,2025,Ene-Dic (12 meses),tenencia,"Tenencia: Propia, la estan pagando",2.58,0.2116,2.1792,3.0226,1.2360,158,8.2112,ACEPTABLE,"GEIH 2025 (DANE, catalogo ANDA 853)",
Sincelejo,70,2025,Ene-Dic (12 meses),tenencia,"Tenencia: Propia, totalmente pagada",33.13,0.5481,32.0707,34.1823,0.9399,2509,1.6544,EXCELENTE,"GEIH 2025 (DANE, catalogo ANDA 853)",
Sincelejo,70,2025,Ene-Dic (12 meses),tenencia,Tenencia: Propiedad colectiva,0.26,0.0601,0.1496,0.3797,0.9723,19,23.2672,PRECAUCION,"GEIH 2025 (DANE, catalogo ANDA 853)",
Sincelejo,70,2025,Ene-Dic (12 meses),tenencia,Tenencia: suma de categorias (control),100.0,,,,,6931,,NO_APLICA,"GEIH 2025 (DANE, catalogo ANDA 853)",Control de auditoria: debe ser 100% +/-0.1pp
Sincelejo,70,2025,Ene-Dic (12 meses),vivienda_propia_credito,Arriendo imputado (estimado) - P25,300000.0,,,,,4824,,ACEPTABLE,"GEIH 2025 (DANE, catalogo ANDA 853)",9 registro(s) excluidos por valor extremo
Sincelejo,70,2025,Ene-Dic (12 meses),vivienda_propia_credito,Arriendo imputado (estimado) - P75,650000.0,,,,,4824,,ACEPTABLE,"GEIH 2025 (DANE, catalogo ANDA 853)",9 registro(s) excluidos por valor extremo
Sincelejo,70,2025,Ene-Dic (12 meses),vivienda_propia_credito,Arriendo imputado (estimado) - mediana,500000.0,13621.7192,450000.0000,500000.0000,5.5318,4824,2.7243,EXCELENTE,"GEIH 2025 (DANE, catalogo ANDA 853)",9 registro(s) excluidos por valor extremo
Sincelejo,70,2025,Ene-Dic (12 meses),vivienda_propia_credito,Arriendo imputado (estimado) - promedio,553988.17,6456.5413,540791.8097,565828.2031,1.2428,4824,1.1655,EXCELENTE,"GEIH 2025 (DANE, catalogo ANDA 853)",9 registro(s) excluidos por valor extremo
Sincelejo,70,2025,Ene-Dic (12 meses),vivienda_propia_credito,Cuota hipotecaria mensual - P25,500000.0,,,,,156,,ACEPTABLE,"GEIH 2025 (DANE, catalogo ANDA 853)",1 registro(s) excluidos por valor extremo
Sincelejo,70,2025,Ene-Dic (12 meses),vivienda_propia_credito,Cuota hipotecaria mensual - P75,1200000.0,,,,,156,,ACEPTABLE,"GEIH 2025 (DANE, catalogo ANDA 853)",1 registro(s) excluidos por valor extremo
Sincelejo,70,2025,Ene-Dic (12 meses),vivienda_propia_credito,Cuota hipotecaria mensual - mediana,733022.48,64689.1390,650000.0000,900000.0000,1.6721,156,8.8250,ACEPTABLE,"GEIH 2025 (DANE, catalogo ANDA 853)",1 registro(s) excluidos por valor extremo
Sincelejo,70,2025,Ene-Dic (12 meses),vivienda_propia_credito,Cuota hipotecaria mensual - promedio,954065.26,58849.6307,849088.9630,1066239.1481,1.3838,156,6.1683,ACEPTABLE,"GEIH 2025 (DANE, catalogo ANDA 853)",1 registro(s) excluidos por valor extremo
Sincelejo,70,2025,Ene-Dic (12 meses),vivienda_propia_credito,Valor estimado de venta de la vivienda - P25,60000000.0,,,,,2333,,ACEPTABLE,"GEIH 2025 (DANE, catalogo ANDA 853)",7 registro(s) excluidos por valor extremo
Sincelejo,70,2025,Ene-Dic (12 meses),vivienda_propia_credito,Valor estimado de venta de la vivienda - P75,153163221.17,,,,,2333,,ACEPTABLE,"GEIH 2025 (DANE, catalogo ANDA 853)",7 registro(s) excluidos por valor extremo
Sincelejo,70,2025,Ene-Dic (12 meses),vivienda_propia_credito,Valor estimado de venta de la vivienda - mediana,92517395.77,3236463.9833,90000000.0000,100000000.0000,1.8488,2333,3.4982,EXCELENTE,"GEIH 2025 (DANE, catalogo ANDA 853)",7 registro(s) excluidos por valor extremo
Sincelejo,70,2025,Ene-Dic (12 meses),vivienda_propia_credito,Valor estimado de venta de la vivienda - promedio,127819752.9,2715099.3829,122282834.6065,133223868.3834,1.3011,2333,2.1242,EXCELENTE,"GEIH 2025 (DANE, catalogo ANDA 853)",7 registro(s) excluidos por valor extremo
Sincelejo,70,2026*,Ene-Jun (parcial),arriendo,Canon de arriendo mensual - P25,380000.0,,,,,1140,,ACEPTABLE,"GEIH 2026 Ene-Jun (DANE, catalogo ANDA 900)",
Sincelejo,70,2026*,Ene-Jun (parcial),arriendo,Canon de arriendo mensual - P75,670000.0,,,,,1140,,ACEPTABLE,"GEIH 2026 Ene-Jun (DANE, catalogo ANDA 900)",
Sincelejo,70,2026*,Ene-Jun (parcial),arriendo,Canon de arriendo mensual - mediana,500000.0,0.0000,500000.0000,500000.0000,0.0000,1140,0.0000,EXCELENTE,"GEIH 2026 Ene-Jun (DANE, catalogo ANDA 900)",
Sincelejo,70,2026*,Ene-Jun (parcial),arriendo,Canon de arriendo mensual - promedio,574607.09,11150.6203,553833.5643,598147.7300,1.2373,1140,1.9406,EXCELENTE,"GEIH 2026 Ene-Jun (DANE, catalogo ANDA 900)",
Sincelejo,70,2026*,Ene-Jun (parcial),deficit_habitacional,Deficit habitacional cualitativo,ND - pendiente Fase 2 (ECV),,,,,0,,ND,ECV (fuera de alcance Fase 1),ND - pendiente Fase 2 (ECV): fuente fuera de alcance de Fase 1
Sincelejo,70,2026*,Ene-Jun (parcial),deficit_habitacional,Deficit habitacional cuantitativo,ND - pendiente Fase 2 (ECV),,,,,0,,ND,ECV (fuera de alcance Fase 1),ND - pendiente Fase 2 (ECV): fuente fuera de alcance de Fase 1
Sincelejo,70,2026*,Ene-Jun (parcial),deficit_habitacional,Distribucion por estrato socioeconomico,ND - pendiente Fase 2 (ECV),,,,,0,,ND,ECV (fuera de alcance Fase 1),ND - pendiente Fase 2 (ECV): fuente fuera de alcance de Fase 1
Sincelejo,70,2026*,Ene-Jun (parcial),esfuerzo_financiero,Arrendatarios que destinan >30% del ingreso al arriendo,ND,,,,,0,,ND,ND - DANE no publica Pobreza Monetaria 2026,DANE no publica Medicion de Pobreza Monetaria y Desigualdad 2026 (requiere año calendario completo); no se calcula ni se extrapola
Sincelejo,70,2026*,Ene-Jun (parcial),esfuerzo_financiero,Arrendatarios que destinan >50% del ingreso al arriendo,ND,,,,,0,,ND,ND - DANE no publica Pobreza Monetaria 2026,DANE no publica Medicion de Pobreza Monetaria y Desigualdad 2026 (requiere año calendario completo); no se calcula ni se extrapola
Sincelejo,70,2026*,Ene-Jun (parcial),esfuerzo_financiero,Arriendo/ingreso del hogar (mediana),ND,,,,,0,,ND,ND - DANE no publica Pobreza Monetaria 2026,DANE no publica Medicion de Pobreza Monetaria y Desigualdad 2026 (requiere año calendario completo); no se calcula ni se extrapola
Sincelejo,70,2026*,Ene-Jun (parcial),hacinamiento,Hogares con hacinamiento (>3 personas/cuarto para dormir),3.41,0.3296,2.7958,4.0868,1.1722,3559,9.6525,ACEPTABLE,"GEIH 2026 Ene-Jun (DANE, catalogo ANDA 900)","Umbral >3 sobre CUARTOS PARA DORMIR (P5010), no cuartos totales"
Sincelejo,70,2026*,Ene-Jun (parcial),hacinamiento,Hogares con hacinamiento critico NBI (>3 personas/cuarto TOTAL),0.33,,,,,3559,,NO PUBLICAR,"GEIH 2026 Ene-Jun (DANE, catalogo ANDA 900)",Definicion oficial DANE-NBI (cuartos totales incl. sala-comedor)
Sincelejo,70,2026*,Ene-Jun (parcial),hacinamiento,Personas por cuarto para dormir - mediana,1.67,,,,,3559,,ACEPTABLE,"GEIH 2026 Ene-Jun (DANE, catalogo ANDA 900)",
Sincelejo,70,2026*,Ene-Jun (parcial),hacinamiento,Personas por cuarto para dormir - promedio,1.77,0.0131,1.7504,1.7983,1.1886,3559,0.7372,EXCELENTE,"GEIH 2026 Ene-Jun (DANE, catalogo ANDA 900)",
Sincelejo,70,2026*,Ene-Jun (parcial),ingreso_pobreza,% arrendatarios en pobreza monetaria,ND,,,,,0,,ND,ND - DANE no publica Pobreza Monetaria 2026,DANE no publica Medicion de Pobreza Monetaria y Desigualdad 2026 (requiere año calendario completo); no se calcula ni se extrapola
Sincelejo,70,2026*,Ene-Jun (parcial),ingreso_pobreza,% hogares no pobres que viven en arriendo,ND,,,,,0,,ND,ND - DANE no publica Pobreza Monetaria 2026,DANE no publica Medicion de Pobreza Monetaria y Desigualdad 2026 (requiere año calendario completo); no se calcula ni se extrapola
Sincelejo,70,2026*,Ene-Jun (parcial),ingreso_pobreza,% hogares pobres que viven en arriendo,ND,,,,,0,,ND,ND - DANE no publica Pobreza Monetaria 2026,DANE no publica Medicion de Pobreza Monetaria y Desigualdad 2026 (requiere año calendario completo); no se calcula ni se extrapola
Sincelejo,70,2026*,Ene-Jun (parcial),ingreso_pobreza,% propietarios en pobreza monetaria,ND,,,,,0,,ND,ND - DANE no publica Pobreza Monetaria 2026,DANE no publica Medicion de Pobreza Monetaria y Desigualdad 2026 (requiere año calendario completo); no se calcula ni se extrapola
Sincelejo,70,2026*,Ene-Jun (parcial),ingreso_pobreza,Brecha de ingreso propietarios vs arrendatarios,ND,,,,,0,,ND,ND - DANE no publica Pobreza Monetaria 2026,DANE no publica Medicion de Pobreza Monetaria y Desigualdad 2026 (requiere año calendario completo); no se calcula ni se extrapola
Sincelejo,70,2026*,Ene-Jun (parcial),ingreso_pobreza,Ingreso mediano hogares arrendatarios,ND,,,,,0,,ND,ND - DANE no publica Pobreza Monetaria 2026,DANE no publica Medicion de Pobreza Monetaria y Desigualdad 2026 (requiere año calendario completo); no se calcula ni se extrapola
Sincelejo,70,2026*,Ene-Jun (parcial),ingreso_pobreza,Ingreso mediano hogares propietarios,ND,,,,,0,,ND,ND - DANE no publica Pobreza Monetaria 2026,DANE no publica Medicion de Pobreza Monetaria y Desigualdad 2026 (requiere año calendario completo); no se calcula ni se extrapola
Sincelejo,70,2026*,Ene-Jun (parcial),servicios_publicos,Hogares sin acueducto,0.19,0.0783,0.0524,0.3681,1.1467,3559,41.0754,NO PUBLICAR,"GEIH 2026 Ene-Jun (DANE, catalogo ANDA 900)",
Sincelejo,70,2026*,Ene-Jun (parcial),servicios_publicos,Hogares sin alcantarillado,4.58,0.4068,3.7180,5.3802,1.3476,3559,8.8824,ACEPTABLE,"GEIH 2026 Ene-Jun (DANE, catalogo ANDA 900)",
Sincelejo,70,2026*,Ene-Jun (parcial),servicios_publicos,Hogares sin energia electrica,0.0,0.0000,0.0000,0.0000,,3559,,ACEPTABLE,"GEIH 2026 Ene-Jun (DANE, catalogo ANDA 900)",
Sincelejo,70,2026*,Ene-Jun (parcial),servicios_publicos,Hogares sin gas natural conectado a red,6.4,0.4841,5.3744,7.2568,1.3912,3559,7.5581,ACEPTABLE,"GEIH 2026 Ene-Jun (DANE, catalogo ANDA 900)",
Sincelejo,70,2026*,Ene-Jun (parcial),servicios_publicos,Hogares sin recoleccion de basuras,2.46,0.2820,1.8564,2.9603,1.1814,3559,11.4817,ACEPTABLE,"GEIH 2026 Ene-Jun (DANE, catalogo ANDA 900)",
Sincelejo,70,2026*,Ene-Jun (parcial),tenencia,Tenencia: En arriendo o subarriendo,33.01,0.8276,31.5268,34.6310,1.1023,1140,2.5068,EXCELENTE,"GEIH 2026 Ene-Jun (DANE, catalogo ANDA 900)",
Sincelejo,70,2026*,Ene-Jun (parcial),tenencia,Tenencia: En usufructo,29.38,0.7805,27.8186,30.9276,1.0450,1042,2.6564,EXCELENTE,"GEIH 2026 Ene-Jun (DANE, catalogo ANDA 900)",
Sincelejo,70,2026*,Ene-Jun (parcial),tenencia,Tenencia: Otra,0.0,0.0000,0.0000,0.0000,,0,,ACEPTABLE,"GEIH 2026 Ene-Jun (DANE, catalogo ANDA 900)",
Sincelejo,70,2026*,Ene-Jun (parcial),tenencia,Tenencia: Posesion sin titulo,6.83,0.4840,5.8749,7.7749,1.3101,226,7.0866,ACEPTABLE,"GEIH 2026 Ene-Jun (DANE, catalogo ANDA 900)",
Sincelejo,70,2026*,Ene-Jun (parcial),tenencia,"Tenencia: Propia, la estan pagando",3.84,0.3604,3.1973,4.5255,1.2512,126,9.3809,ACEPTABLE,"GEIH 2026 Ene-Jun (DANE, catalogo ANDA 900)",
Sincelejo,70,2026*,Ene-Jun (parcial),tenencia,"Tenencia: Propia, totalmente pagada",26.66,0.7202,25.2651,28.1065,0.9440,1012,2.7010,EXCELENTE,"GEIH 2026 Ene-Jun (DANE, catalogo ANDA 900)",
Sincelejo,70,2026*,Ene-Jun (parcial),tenencia,Tenencia: Propiedad colectiva,0.27,0.0768,0.1218,0.4232,0.7860,13,28.6879,NO PUBLICAR,"GEIH 2026 Ene-Jun (DANE, catalogo ANDA 900)",
Sincelejo,70,2026*,Ene-Jun (parcial),tenencia,Tenencia: suma de categorias (control),100.0,,,,,3559,,NO_APLICA,"GEIH 2026 Ene-Jun (DANE, catalogo ANDA 900)",Control de auditoria: debe ser 100% +/-0.1pp
Sincelejo,70,2026*,Ene-Jun (parcial),vivienda_propia_credito,Arriendo imputado (estimado) - P25,350000.0,,,,,2411,,ACEPTABLE,"GEIH 2026 Ene-Jun (DANE, catalogo ANDA 900)",7 registro(s) excluidos por valor extremo
Sincelejo,70,2026*,Ene-Jun (parcial),vivienda_propia_credito,Arriendo imputado (estimado) - P75,700000.0,,,,,2411,,ACEPTABLE,"GEIH 2026 Ene-Jun (DANE, catalogo ANDA 900)",7 registro(s) excluidos por valor extremo
Sincelejo,70,2026*,Ene-Jun (parcial),vivienda_propia_credito,Arriendo imputado (estimado) - mediana,500000.0,0.0000,500000.0000,500000.0000,0.0000,2411,0.0000,EXCELENTE,"GEIH 2026 Ene-Jun (DANE, catalogo ANDA 900)",7 registro(s) excluidos por valor extremo
Sincelejo,70,2026*,Ene-Jun (parcial),vivienda_propia_credito,Arriendo imputado (estimado) - promedio,585987.18,8963.8875,568503.5169,602734.1864,1.1279,2411,1.5297,EXCELENTE,"GEIH 2026 Ene-Jun (DANE, catalogo ANDA 900)",7 registro(s) excluidos por valor extremo
Sincelejo,70,2026*,Ene-Jun (parcial),vivienda_propia_credito,Cuota hipotecaria mensual - P25,430000.0,,,,,126,,ACEPTABLE,"GEIH 2026 Ene-Jun (DANE, catalogo ANDA 900)",
Sincelejo,70,2026*,Ene-Jun (parcial),vivienda_propia_credito,Cuota hipotecaria mensual - P75,1400000.0,,,,,126,,ACEPTABLE,"GEIH 2026 Ene-Jun (DANE, catalogo ANDA 900)",
Sincelejo,70,2026*,Ene-Jun (parcial),vivienda_propia_credito,Cuota hipotecaria mensual - mediana,700000.0,78235.8218,600000.0000,870000.0000,1.7079,126,11.1765,ACEPTABLE,"GEIH 2026 Ene-Jun (DANE, catalogo ANDA 900)",
Sincelejo,70,2026*,Ene-Jun (parcial),vivienda_propia_credito,Cuota hipotecaria mensual - promedio,978697.98,66340.3518,850069.9675,1097028.5684,1.2280,126,6.7784,ACEPTABLE,"GEIH 2026 Ene-Jun (DANE, catalogo ANDA 900)",
Sincelejo,70,2026*,Ene-Jun (parcial),vivienda_propia_credito,Valor estimado de venta de la vivienda - P25,75000000.0,,,,,1132,,ACEPTABLE,"GEIH 2026 Ene-Jun (DANE, catalogo ANDA 900)",4 registro(s) excluidos por valor extremo
Sincelejo,70,2026*,Ene-Jun (parcial),vivienda_propia_credito,Valor estimado de venta de la vivienda - P75,196803315.97,,,,,1132,,ACEPTABLE,"GEIH 2026 Ene-Jun (DANE, catalogo ANDA 900)",4 registro(s) excluidos por valor extremo
Sincelejo,70,2026*,Ene-Jun (parcial),vivienda_propia_credito,Valor estimado de venta de la vivienda - mediana,110000000.0,7817618.3349,100000000.0000,120000000.0000,4.2882,1132,7.1069,ACEPTABLE,"GEIH 2026 Ene-Jun (DANE, catalogo ANDA 900)",4 registro(s) excluidos por valor extremo
Sincelejo,70,2026*,Ene-Jun (parcial),vivienda_propia_credito,Valor estimado de venta de la vivienda - promedio,149783451.7,4141667.3613,142027231.8018,157792893.0903,1.2036,1132,2.7651,EXCELENTE,"GEIH 2026 Ene-Jun (DANE, catalogo ANDA 900)",4 registro(s) excluidos por valor extremo
Tunja,15,2023,Ene-Dic (12 meses),arriendo,Canon de arriendo mensual - P25,450000.0,,,,,3649,,ACEPTABLE,"GEIH 2023 (DANE, catalogo ANDA 782)",10 registro(s) excluidos por valor extremo
Tunja,15,2023,Ene-Dic (12 meses),arriendo,Canon de arriendo mensual - P75,700000.0,,,,,3649,,ACEPTABLE,"GEIH 2023 (DANE, catalogo ANDA 782)",10 registro(s) excluidos por valor extremo
Tunja,15,2023,Ene-Dic (12 meses),arriendo,Canon de arriendo mensual - mediana,550000.0,1817.7865,550000.0000,550000.0000,0.1445,3649,0.3305,EXCELENTE,"GEIH 2023 (DANE, catalogo ANDA 782)",10 registro(s) excluidos por valor extremo
Tunja,15,2023,Ene-Dic (12 meses),arriendo,Canon de arriendo mensual - promedio,602774.18,5830.3242,590962.3934,613693.1371,1.4870,3649,0.9672,EXCELENTE,"GEIH 2023 (DANE, catalogo ANDA 782)",10 registro(s) excluidos por valor extremo
Tunja,15,2023,Ene-Dic (12 meses),deficit_habitacional,Deficit habitacional cualitativo,ND - pendiente Fase 2 (ECV),,,,,0,,ND,ECV (fuera de alcance Fase 1),ND - pendiente Fase 2 (ECV): fuente fuera de alcance de Fase 1
Tunja,15,2023,Ene-Dic (12 meses),deficit_habitacional,Deficit habitacional cuantitativo,ND - pendiente Fase 2 (ECV),,,,,0,,ND,ECV (fuera de alcance Fase 1),ND - pendiente Fase 2 (ECV): fuente fuera de alcance de Fase 1
Tunja,15,2023,Ene-Dic (12 meses),deficit_habitacional,Distribucion por estrato socioeconomico,ND - pendiente Fase 2 (ECV),,,,,0,,ND,ECV (fuera de alcance Fase 1),ND - pendiente Fase 2 (ECV): fuente fuera de alcance de Fase 1
Tunja,15,2023,Ene-Dic (12 meses),esfuerzo_financiero,Arrendatarios que destinan >30% del ingreso al arriendo,48.43,,,,,3629,,ACEPTABLE,"Pobreza Monetaria 2023 (DANE, catalogo ANDA 835)",sobrecarga (>30%)
Tunja,15,2023,Ene-Dic (12 meses),esfuerzo_financiero,Arrendatarios que destinan >50% del ingreso al arriendo,19.64,,,,,3629,,ACEPTABLE,"Pobreza Monetaria 2023 (DANE, catalogo ANDA 835)",sobrecarga severa (>50%)
Tunja,15,2023,Ene-Dic (12 meses),esfuerzo_financiero,Arriendo/ingreso del hogar (mediana),29.4,,,,,3629,,ACEPTABLE,"Pobreza Monetaria 2023 (DANE, catalogo ANDA 835)",Merge con 99.2% de coincidencia
Tunja,15,2023,Ene-Dic (12 meses),hacinamiento,Hogares con hacinamiento (>3 personas/cuarto para dormir),1.11,0.1481,0.8420,1.4292,1.5311,7666,13.3322,ACEPTABLE,"GEIH 2023 (DANE, catalogo ANDA 782)","Umbral >3 sobre CUARTOS PARA DORMIR (P5010), no cuartos totales"
Tunja,15,2023,Ene-Dic (12 meses),hacinamiento,Hogares con hacinamiento critico NBI (>3 personas/cuarto TOTAL),0.25,,,,,7666,,NO PUBLICAR,"GEIH 2023 (DANE, catalogo ANDA 782)",Definicion oficial DANE-NBI (cuartos totales incl. sala-comedor)
Tunja,15,2023,Ene-Dic (12 meses),hacinamiento,Personas por cuarto para dormir - mediana,1.33,,,,,7666,,ACEPTABLE,"GEIH 2023 (DANE, catalogo ANDA 782)",
Tunja,15,2023,Ene-Dic (12 meses),hacinamiento,Personas por cuarto para dormir - promedio,1.46,0.0076,1.4483,1.4764,1.3045,7666,0.5209,EXCELENTE,"GEIH 2023 (DANE, catalogo ANDA 782)",
Tunja,15,2023,Ene-Dic (12 meses),ingreso_pobreza,% arrendatarios en pobreza monetaria,37.15,,,,,3680,,ACEPTABLE,"Pobreza Monetaria 2023 (DANE, catalogo ANDA 835)",
Tunja,15,2023,Ene-Dic (12 meses),ingreso_pobreza,% hogares no pobres que viven en arriendo,40.57,,,,,5664,,ACEPTABLE,"Pobreza Monetaria 2023 (DANE, catalogo ANDA 835)",
Tunja,15,2023,Ene-Dic (12 meses),ingreso_pobreza,% hogares pobres que viven en arriendo,69.38,,,,,2002,,ACEPTABLE,"Pobreza Monetaria 2023 (DANE, catalogo ANDA 835)",
Tunja,15,2023,Ene-Dic (12 meses),ingreso_pobreza,% propietarios en pobreza monetaria,13.33,,,,,3196,,ACEPTABLE,"Pobreza Monetaria 2023 (DANE, catalogo ANDA 835)",
Tunja,15,2023,Ene-Dic (12 meses),ingreso_pobreza,Brecha de ingreso propietarios vs arrendatarios,86.33,,,,,0,,NO_APLICA,"Pobreza Monetaria 2023 (DANE, catalogo ANDA 835)",(+) = propietarios ganan mas; calculado sobre medianas ponderadas
Tunja,15,2023,Ene-Dic (12 meses),ingreso_pobreza,Ingreso mediano hogares arrendatarios,1823939.33,,,,,3660,,ACEPTABLE,"Pobreza Monetaria 2023 (DANE, catalogo ANDA 835)",ingtotug = ingreso total unidad de gasto SIN imputar arriendo
Tunja,15,2023,Ene-Dic (12 meses),ingreso_pobreza,Ingreso mediano hogares propietarios,3398541.48,,,,,3181,,ACEPTABLE,"Pobreza Monetaria 2023 (DANE, catalogo ANDA 835)",ingtotug = ingreso total unidad de gasto SIN imputar arriendo
Tunja,15,2023,Ene-Dic (12 meses),servicios_publicos,Hogares sin acueducto,0.17,0.0521,0.0798,0.2891,1.1982,7666,29.9335,NO PUBLICAR,"GEIH 2023 (DANE, catalogo ANDA 782)",
Tunja,15,2023,Ene-Dic (12 meses),servicios_publicos,Hogares sin alcantarillado,0.75,0.1080,0.5385,0.9656,1.1990,7666,14.3734,ACEPTABLE,"GEIH 2023 (DANE, catalogo ANDA 782)",
Tunja,15,2023,Ene-Dic (12 meses),servicios_publicos,Hogares sin energia electrica,0.02,0.0128,0.0000,0.0509,0.6903,7666,70.2052,NO PUBLICAR,"GEIH 2023 (DANE, catalogo ANDA 782)",
Tunja,15,2023,Ene-Dic (12 meses),servicios_publicos,Hogares sin gas natural conectado a red,2.97,0.2153,2.5040,3.3147,1.2330,7666,7.2500,ACEPTABLE,"GEIH 2023 (DANE, catalogo ANDA 782)",
Tunja,15,2023,Ene-Dic (12 meses),servicios_publicos,Hogares sin recoleccion de basuras,0.08,0.0367,0.0204,0.1594,1.2421,7666,44.1020,NO PUBLICAR,"GEIH 2023 (DANE, catalogo ANDA 782)",
Tunja,15,2023,Ene-Dic (12 meses),tenencia,Tenencia: En arriendo o subarriendo,47.97,0.6043,46.9036,49.1106,1.1217,3680,1.2598,EXCELENTE,"GEIH 2023 (DANE, catalogo ANDA 782)",
Tunja,15,2023,Ene-Dic (12 meses),tenencia,Tenencia: En usufructo,9.24,0.3429,8.5760,9.9486,1.0751,743,3.7117,EXCELENTE,"GEIH 2023 (DANE, catalogo ANDA 782)",
Tunja,15,2023,Ene-Dic (12 meses),tenencia,Tenencia: Otra,0.04,0.0284,0.0000,0.0996,1.5592,2,71.6138,NO PUBLICAR,"GEIH 2023 (DANE, catalogo ANDA 782)",
Tunja,15,2023,Ene-Dic (12 meses),tenencia,Tenencia: Posesion sin titulo,0.0,0.0000,0.0000,0.0000,,0,,ACEPTABLE,"GEIH 2023 (DANE, catalogo ANDA 782)",
Tunja,15,2023,Ene-Dic (12 meses),tenencia,"Tenencia: Propia, la estan pagando",10.53,0.4030,9.7453,11.2645,1.3211,744,3.8262,EXCELENTE,"GEIH 2023 (DANE, catalogo ANDA 782)",
Tunja,15,2023,Ene-Dic (12 meses),tenencia,"Tenencia: Propia, totalmente pagada",31.68,0.5839,30.6184,32.8451,1.2075,2452,1.8429,EXCELENTE,"GEIH 2023 (DANE, catalogo ANDA 782)",
Tunja,15,2023,Ene-Dic (12 meses),tenencia,Tenencia: Propiedad colectiva,0.54,0.0793,0.3945,0.7093,0.9027,45,14.7654,ACEPTABLE,"GEIH 2023 (DANE, catalogo ANDA 782)",
Tunja,15,2023,Ene-Dic (12 meses),tenencia,Tenencia: suma de categorias (control),100.0,,,,,7666,,NO_APLICA,"GEIH 2023 (DANE, catalogo ANDA 782)",Control de auditoria: debe ser 100% +/-0.1pp
Tunja,15,2023,Ene-Dic (12 meses),vivienda_propia_credito,Arriendo imputado (estimado) - P25,500000.0,,,,,3837,,ACEPTABLE,"GEIH 2023 (DANE, catalogo ANDA 782)",24 registro(s) excluidos por valor extremo
Tunja,15,2023,Ene-Dic (12 meses),vivienda_propia_credito,Arriendo imputado (estimado) - P75,1000000.0,,,,,3837,,ACEPTABLE,"GEIH 2023 (DANE, catalogo ANDA 782)",24 registro(s) excluidos por valor extremo
Tunja,15,2023,Ene-Dic (12 meses),vivienda_propia_credito,Arriendo imputado (estimado) - mediana,700000.0,0.0000,700000.0000,700000.0000,0.0000,3837,0.0000,EXCELENTE,"GEIH 2023 (DANE, catalogo ANDA 782)",24 registro(s) excluidos por valor extremo
Tunja,15,2023,Ene-Dic (12 meses),vivienda_propia_credito,Arriendo imputado (estimado) - promedio,812113.12,7844.1644,795792.7697,827092.4417,1.1761,3837,0.9659,EXCELENTE,"GEIH 2023 (DANE, catalogo ANDA 782)",24 registro(s) excluidos por valor extremo
Tunja,15,2023,Ene-Dic (12 meses),vivienda_propia_credito,Cuota hipotecaria mensual - P25,450000.0,,,,,723,,ACEPTABLE,"GEIH 2023 (DANE, catalogo ANDA 782)",2 registro(s) excluidos por valor extremo
Tunja,15,2023,Ene-Dic (12 meses),vivienda_propia_credito,Cuota hipotecaria mensual - P75,1300000.0,,,,,723,,ACEPTABLE,"GEIH 2023 (DANE, catalogo ANDA 782)",2 registro(s) excluidos por valor extremo
Tunja,15,2023,Ene-Dic (12 meses),vivienda_propia_credito,Cuota hipotecaria mensual - mediana,800000.0,20421.2928,750000.0000,825250.0000,0.5630,723,2.5527,EXCELENTE,"GEIH 2023 (DANE, catalogo ANDA 782)",2 registro(s) excluidos por valor extremo
Tunja,15,2023,Ene-Dic (12 meses),vivienda_propia_credito,Cuota hipotecaria mensual - promedio,1002008.68,28794.9124,949084.9711,1053306.9318,1.1195,723,2.8737,EXCELENTE,"GEIH 2023 (DANE, catalogo ANDA 782)",2 registro(s) excluidos por valor extremo
Tunja,15,2023,Ene-Dic (12 meses),vivienda_propia_credito,Valor estimado de venta de la vivienda - P25,120000000.0,,,,,2539,,ACEPTABLE,"GEIH 2023 (DANE, catalogo ANDA 782)",51 registro(s) excluidos por valor extremo
Tunja,15,2023,Ene-Dic (12 meses),vivienda_propia_credito,Valor estimado de venta de la vivienda - P75,280000000.0,,,,,2539,,ACEPTABLE,"GEIH 2023 (DANE, catalogo ANDA 782)",51 registro(s) excluidos por valor extremo
Tunja,15,2023,Ene-Dic (12 meses),vivienda_propia_credito,Valor estimado de venta de la vivienda - mediana,180000000.0,1339157.1363,180000000.0000,180000000.0000,0.1575,2539,0.7440,EXCELENTE,"GEIH 2023 (DANE, catalogo ANDA 782)",51 registro(s) excluidos por valor extremo
Tunja,15,2023,Ene-Dic (12 meses),vivienda_propia_credito,Valor estimado de venta de la vivienda - promedio,219240254.17,3575497.3985,212064523.7208,225873234.2152,1.1228,2539,1.6309,EXCELENTE,"GEIH 2023 (DANE, catalogo ANDA 782)",51 registro(s) excluidos por valor extremo
Tunja,15,2024,Ene-Dic (12 meses),arriendo,Canon de arriendo mensual - P25,500000.0,,,,,3650,,ACEPTABLE,"GEIH 2024 (DANE, catalogo ANDA 819)",9 registro(s) excluidos por valor extremo
Tunja,15,2024,Ene-Dic (12 meses),arriendo,Canon de arriendo mensual - P75,790000.0,,,,,3650,,ACEPTABLE,"GEIH 2024 (DANE, catalogo ANDA 819)",9 registro(s) excluidos por valor extremo
Tunja,15,2024,Ene-Dic (12 meses),arriendo,Canon de arriendo mensual - mediana,600000.0,0.0000,600000.0000,600000.0000,0.0000,3650,0.0000,EXCELENTE,"GEIH 2024 (DANE, catalogo ANDA 819)",9 registro(s) excluidos por valor extremo
Tunja,15,2024,Ene-Dic (12 meses),arriendo,Canon de arriendo mensual - promedio,663177.06,5817.8757,651928.2732,675911.5426,1.2148,3650,0.8773,EXCELENTE,"GEIH 2024 (DANE, catalogo ANDA 819)",9 registro(s) excluidos por valor extremo
Tunja,15,2024,Ene-Dic (12 meses),deficit_habitacional,Deficit habitacional cualitativo,ND - pendiente Fase 2 (ECV),,,,,0,,ND,ECV (fuera de alcance Fase 1),ND - pendiente Fase 2 (ECV): fuente fuera de alcance de Fase 1
Tunja,15,2024,Ene-Dic (12 meses),deficit_habitacional,Deficit habitacional cuantitativo,ND - pendiente Fase 2 (ECV),,,,,0,,ND,ECV (fuera de alcance Fase 1),ND - pendiente Fase 2 (ECV): fuente fuera de alcance de Fase 1
Tunja,15,2024,Ene-Dic (12 meses),deficit_habitacional,Distribucion por estrato socioeconomico,ND - pendiente Fase 2 (ECV),,,,,0,,ND,ECV (fuera de alcance Fase 1),ND - pendiente Fase 2 (ECV): fuente fuera de alcance de Fase 1
Tunja,15,2024,Ene-Dic (12 meses),esfuerzo_financiero,Arrendatarios que destinan >30% del ingreso al arriendo,46.29,,,,,3636,,ACEPTABLE,"Pobreza Monetaria 2024 (DANE, catalogo ANDA 874)",sobrecarga (>30%)
Tunja,15,2024,Ene-Dic (12 meses),esfuerzo_financiero,Arrendatarios que destinan >50% del ingreso al arriendo,18.56,,,,,3636,,ACEPTABLE,"Pobreza Monetaria 2024 (DANE, catalogo ANDA 874)",sobrecarga severa (>50%)
Tunja,15,2024,Ene-Dic (12 meses),esfuerzo_financiero,Arriendo/ingreso del hogar (mediana),28.22,,,,,3636,,ACEPTABLE,"Pobreza Monetaria 2024 (DANE, catalogo ANDA 874)",Merge con 99.1% de coincidencia
Tunja,15,2024,Ene-Dic (12 meses),hacinamiento,Hogares con hacinamiento (>3 personas/cuarto para dormir),0.71,0.1071,0.4897,0.8994,1.2530,7659,15.1732,PRECAUCION,"GEIH 2024 (DANE, catalogo ANDA 819)","Umbral >3 sobre CUARTOS PARA DORMIR (P5010), no cuartos totales"
Tunja,15,2024,Ene-Dic (12 meses),hacinamiento,Hogares con hacinamiento critico NBI (>3 personas/cuarto TOTAL),0.14,,,,,7659,,NO PUBLICAR,"GEIH 2024 (DANE, catalogo ANDA 819)",Definicion oficial DANE-NBI (cuartos totales incl. sala-comedor)
Tunja,15,2024,Ene-Dic (12 meses),hacinamiento,Personas por cuarto para dormir - mediana,1.33,,,,,7659,,ACEPTABLE,"GEIH 2024 (DANE, catalogo ANDA 819)",
Tunja,15,2024,Ene-Dic (12 meses),hacinamiento,Personas por cuarto para dormir - promedio,1.42,0.0066,1.4088,1.4348,1.1716,7659,0.4672,EXCELENTE,"GEIH 2024 (DANE, catalogo ANDA 819)",
Tunja,15,2024,Ene-Dic (12 meses),ingreso_pobreza,% arrendatarios en pobreza monetaria,32.78,,,,,3683,,ACEPTABLE,"Pobreza Monetaria 2024 (DANE, catalogo ANDA 874)",
Tunja,15,2024,Ene-Dic (12 meses),ingreso_pobreza,% hogares no pobres que viven en arriendo,42.29,,,,,5854,,ACEPTABLE,"Pobreza Monetaria 2024 (DANE, catalogo ANDA 874)",
Tunja,15,2024,Ene-Dic (12 meses),ingreso_pobreza,% hogares pobres que viven en arriendo,66.61,,,,,1805,,ACEPTABLE,"Pobreza Monetaria 2024 (DANE, catalogo ANDA 874)",
Tunja,15,2024,Ene-Dic (12 meses),ingreso_pobreza,% propietarios en pobreza monetaria,13.2,,,,,3002,,ACEPTABLE,"Pobreza Monetaria 2024 (DANE, catalogo ANDA 874)",
Tunja,15,2024,Ene-Dic (12 meses),ingreso_pobreza,Brecha de ingreso propietarios vs arrendatarios,77.98,,,,,0,,NO_APLICA,"Pobreza Monetaria 2024 (DANE, catalogo ANDA 874)",(+) = propietarios ganan mas; calculado sobre medianas ponderadas
Tunja,15,2024,Ene-Dic (12 meses),ingreso_pobreza,Ingreso mediano hogares arrendatarios,2032546.67,,,,,3669,,ACEPTABLE,"Pobreza Monetaria 2024 (DANE, catalogo ANDA 874)",ingtotug = ingreso total unidad de gasto SIN imputar arriendo
Tunja,15,2024,Ene-Dic (12 meses),ingreso_pobreza,Ingreso mediano hogares propietarios,3617526.67,,,,,2983,,ACEPTABLE,"Pobreza Monetaria 2024 (DANE, catalogo ANDA 874)",ingtotug = ingreso total unidad de gasto SIN imputar arriendo
Tunja,15,2024,Ene-Dic (12 meses),servicios_publicos,Hogares sin acueducto,0.13,0.0403,0.0616,0.2161,0.9251,7659,29.9674,NO PUBLICAR,"GEIH 2024 (DANE, catalogo ANDA 819)",
Tunja,15,2024,Ene-Dic (12 meses),servicios_publicos,Hogares sin alcantarillado,0.49,0.0906,0.3262,0.6725,1.2983,7659,18.6115,PRECAUCION,"GEIH 2024 (DANE, catalogo ANDA 819)",
Tunja,15,2024,Ene-Dic (12 meses),servicios_publicos,Hogares sin energia electrica,0.04,0.0234,0.0000,0.0921,1.0973,7659,61.0851,NO PUBLICAR,"GEIH 2024 (DANE, catalogo ANDA 819)",
Tunja,15,2024,Ene-Dic (12 meses),servicios_publicos,Hogares sin gas natural conectado a red,2.66,0.1936,2.2893,3.0282,1.1080,7659,7.2753,ACEPTABLE,"GEIH 2024 (DANE, catalogo ANDA 819)",
Tunja,15,2024,Ene-Dic (12 meses),servicios_publicos,Hogares sin recoleccion de basuras,0.0,0.0000,0.0000,0.0000,,7659,,ACEPTABLE,"GEIH 2024 (DANE, catalogo ANDA 819)",
Tunja,15,2024,Ene-Dic (12 meses),tenencia,Tenencia: En arriendo o subarriendo,48.04,0.6211,46.8595,49.2457,1.1838,3683,1.2930,EXCELENTE,"GEIH 2024 (DANE, catalogo ANDA 819)",
Tunja,15,2024,Ene-Dic (12 meses),tenencia,Tenencia: En usufructo,11.87,0.3839,11.1858,12.6107,1.0792,952,3.2343,EXCELENTE,"GEIH 2024 (DANE, catalogo ANDA 819)",
Tunja,15,2024,Ene-Dic (12 meses),tenencia,Tenencia: Otra,0.0,0.0000,0.0000,0.0000,,0,,ACEPTABLE,"GEIH 2024 (DANE, catalogo ANDA 819)",
Tunja,15,2024,Ene-Dic (12 meses),tenencia,Tenencia: Posesion sin titulo,0.07,0.0367,0.0139,0.1471,1.3981,6,49.7201,NO PUBLICAR,"GEIH 2024 (DANE, catalogo ANDA 819)",
Tunja,15,2024,Ene-Dic (12 meses),tenencia,"Tenencia: Propia, la estan pagando",10.71,0.3736,9.9557,11.4337,1.1183,749,3.4895,EXCELENTE,"GEIH 2024 (DANE, catalogo ANDA 819)",
Tunja,15,2024,Ene-Dic (12 meses),tenencia,"Tenencia: Propia, totalmente pagada",29.1,0.5356,28.1495,30.2043,1.0647,2253,1.8403,EXCELENTE,"GEIH 2024 (DANE, catalogo ANDA 819)",
Tunja,15,2024,Ene-Dic (12 meses),tenencia,Tenencia: Propiedad colectiva,0.21,0.0568,0.1183,0.3325,1.1722,16,26.8798,NO PUBLICAR,"GEIH 2024 (DANE, catalogo ANDA 819)",
Tunja,15,2024,Ene-Dic (12 meses),tenencia,Tenencia: suma de categorias (control),100.0,,,,,7659,,NO_APLICA,"GEIH 2024 (DANE, catalogo ANDA 819)",Control de auditoria: debe ser 100% +/-0.1pp
Tunja,15,2024,Ene-Dic (12 meses),vivienda_propia_credito,Arriendo imputado (estimado) - P25,600000.0,,,,,3757,,ACEPTABLE,"GEIH 2024 (DANE, catalogo ANDA 819)",30 registro(s) excluidos por valor extremo
Tunja,15,2024,Ene-Dic (12 meses),vivienda_propia_credito,Arriendo imputado (estimado) - P75,1000000.0,,,,,3757,,ACEPTABLE,"GEIH 2024 (DANE, catalogo ANDA 819)",30 registro(s) excluidos por valor extremo
Tunja,15,2024,Ene-Dic (12 meses),vivienda_propia_credito,Arriendo imputado (estimado) - mediana,750000.0,33034.7121,700000.0000,800000.0000,17.4536,3757,4.4046,EXCELENTE,"GEIH 2024 (DANE, catalogo ANDA 819)",30 registro(s) excluidos por valor extremo
Tunja,15,2024,Ene-Dic (12 meses),vivienda_propia_credito,Arriendo imputado (estimado) - promedio,878983.77,9015.6245,859668.8861,894784.3533,1.3000,3757,1.0257,EXCELENTE,"GEIH 2024 (DANE, catalogo ANDA 819)",30 registro(s) excluidos por valor extremo
Tunja,15,2024,Ene-Dic (12 meses),vivienda_propia_credito,Cuota hipotecaria mensual - P25,501932.81,,,,,709,,ACEPTABLE,"GEIH 2024 (DANE, catalogo ANDA 819)",1 registro(s) excluidos por valor extremo
Tunja,15,2024,Ene-Dic (12 meses),vivienda_propia_credito,Cuota hipotecaria mensual - P75,1500000.0,,,,,709,,ACEPTABLE,"GEIH 2024 (DANE, catalogo ANDA 819)",1 registro(s) excluidos por valor extremo
Tunja,15,2024,Ene-Dic (12 meses),vivienda_propia_credito,Cuota hipotecaria mensual - mediana,800000.0,54192.5979,800000.0000,1000000.0000,1.5948,709,6.7741,ACEPTABLE,"GEIH 2024 (DANE, catalogo ANDA 819)",1 registro(s) excluidos por valor extremo
Tunja,15,2024,Ene-Dic (12 meses),vivienda_propia_credito,Cuota hipotecaria mensual - promedio,1169417.23,50141.0547,1081620.7094,1272764.4822,1.3652,709,4.2877,EXCELENTE,"GEIH 2024 (DANE, catalogo ANDA 819)",1 registro(s) excluidos por valor extremo
Tunja,15,2024,Ene-Dic (12 meses),vivienda_propia_credito,Valor estimado de venta de la vivienda - P25,140000000.0,,,,,2083,,ACEPTABLE,"GEIH 2024 (DANE, catalogo ANDA 819)",32 registro(s) excluidos por valor extremo
Tunja,15,2024,Ene-Dic (12 meses),vivienda_propia_credito,Valor estimado de venta de la vivienda - P75,280000000.0,,,,,2083,,ACEPTABLE,"GEIH 2024 (DANE, catalogo ANDA 819)",32 registro(s) excluidos por valor extremo
Tunja,15,2024,Ene-Dic (12 meses),vivienda_propia_credito,Valor estimado de venta de la vivienda - mediana,200000000.0,7085167.1114,180000000.0000,200000000.0000,5.7646,2083,3.5426,EXCELENTE,"GEIH 2024 (DANE, catalogo ANDA 819)",32 registro(s) excluidos por valor extremo
Tunja,15,2024,Ene-Dic (12 meses),vivienda_propia_credito,Valor estimado de venta de la vivienda - promedio,220803093.84,2989100.3592,214945141.6551,226173723.8325,1.0260,2083,1.3537,EXCELENTE,"GEIH 2024 (DANE, catalogo ANDA 819)",32 registro(s) excluidos por valor extremo
Tunja,15,2025,Ene-Dic (12 meses),arriendo,Canon de arriendo mensual - P25,500000.0,,,,,3957,,ACEPTABLE,"GEIH 2025 (DANE, catalogo ANDA 853)",9 registro(s) excluidos por valor extremo
Tunja,15,2025,Ene-Dic (12 meses),arriendo,Canon de arriendo mensual - P75,800000.0,,,,,3957,,ACEPTABLE,"GEIH 2025 (DANE, catalogo ANDA 853)",9 registro(s) excluidos por valor extremo
Tunja,15,2025,Ene-Dic (12 meses),arriendo,Canon de arriendo mensual - mediana,600000.0,13556.7494,600000.0000,650000.0000,8.3948,3957,2.2595,EXCELENTE,"GEIH 2025 (DANE, catalogo ANDA 853)",9 registro(s) excluidos por valor extremo
Tunja,15,2025,Ene-Dic (12 meses),arriendo,Canon de arriendo mensual - promedio,677953.34,4881.0305,667419.1604,687606.6457,1.0882,3957,0.7200,EXCELENTE,"GEIH 2025 (DANE, catalogo ANDA 853)",9 registro(s) excluidos por valor extremo
Tunja,15,2025,Ene-Dic (12 meses),deficit_habitacional,Deficit habitacional cualitativo,ND - pendiente Fase 2 (ECV),,,,,0,,ND,ECV (fuera de alcance Fase 1),ND - pendiente Fase 2 (ECV): fuente fuera de alcance de Fase 1
Tunja,15,2025,Ene-Dic (12 meses),deficit_habitacional,Deficit habitacional cuantitativo,ND - pendiente Fase 2 (ECV),,,,,0,,ND,ECV (fuera de alcance Fase 1),ND - pendiente Fase 2 (ECV): fuente fuera de alcance de Fase 1
Tunja,15,2025,Ene-Dic (12 meses),deficit_habitacional,Distribucion por estrato socioeconomico,ND - pendiente Fase 2 (ECV),,,,,0,,ND,ECV (fuera de alcance Fase 1),ND - pendiente Fase 2 (ECV): fuente fuera de alcance de Fase 1
Tunja,15,2025,Ene-Dic (12 meses),esfuerzo_financiero,Arrendatarios que destinan >30% del ingreso al arriendo,47.26,,,,,3936,,ACEPTABLE,"Pobreza Monetaria 2025 (DANE, catalogo ANDA 908)",sobrecarga (>30%)
Tunja,15,2025,Ene-Dic (12 meses),esfuerzo_financiero,Arrendatarios que destinan >50% del ingreso al arriendo,17.67,,,,,3936,,ACEPTABLE,"Pobreza Monetaria 2025 (DANE, catalogo ANDA 908)",sobrecarga severa (>50%)
Tunja,15,2025,Ene-Dic (12 meses),esfuerzo_financiero,Arriendo/ingreso del hogar (mediana),28.87,,,,,3936,,ACEPTABLE,"Pobreza Monetaria 2025 (DANE, catalogo ANDA 908)",Merge con 99.7% de coincidencia
Tunja,15,2025,Ene-Dic (12 meses),hacinamiento,Hogares con hacinamiento (>3 personas/cuarto para dormir),0.82,0.1236,0.5953,1.0788,1.4905,7929,15.0849,PRECAUCION,"GEIH 2025 (DANE, catalogo ANDA 853)","Umbral >3 sobre CUARTOS PARA DORMIR (P5010), no cuartos totales"
Tunja,15,2025,Ene-Dic (12 meses),hacinamiento,Hogares con hacinamiento critico NBI (>3 personas/cuarto TOTAL),0.11,,,,,7929,,NO PUBLICAR,"GEIH 2025 (DANE, catalogo ANDA 853)",Definicion oficial DANE-NBI (cuartos totales incl. sala-comedor)
Tunja,15,2025,Ene-Dic (12 meses),hacinamiento,Personas por cuarto para dormir - mediana,1.33,,,,,7929,,ACEPTABLE,"GEIH 2025 (DANE, catalogo ANDA 853)",
Tunja,15,2025,Ene-Dic (12 meses),hacinamiento,Personas por cuarto para dormir - promedio,1.44,0.0070,1.4239,1.4510,1.3107,7929,0.4854,EXCELENTE,"GEIH 2025 (DANE, catalogo ANDA 853)",
Tunja,15,2025,Ene-Dic (12 meses),ingreso_pobreza,% arrendatarios en pobreza monetaria,31.13,,,,,3968,,ACEPTABLE,"Pobreza Monetaria 2025 (DANE, catalogo ANDA 908)",
Tunja,15,2025,Ene-Dic (12 meses),ingreso_pobreza,% hogares no pobres que viven en arriendo,44.68,,,,,6267,,ACEPTABLE,"Pobreza Monetaria 2025 (DANE, catalogo ANDA 908)",
Tunja,15,2025,Ene-Dic (12 meses),ingreso_pobreza,% hogares pobres que viven en arriendo,73.98,,,,,1662,,ACEPTABLE,"Pobreza Monetaria 2025 (DANE, catalogo ANDA 908)",
Tunja,15,2025,Ene-Dic (12 meses),ingreso_pobreza,% propietarios en pobreza monetaria,9.71,,,,,3062,,ACEPTABLE,"Pobreza Monetaria 2025 (DANE, catalogo ANDA 908)",
Tunja,15,2025,Ene-Dic (12 meses),ingreso_pobreza,Brecha de ingreso propietarios vs arrendatarios,83.47,,,,,0,,NO_APLICA,"Pobreza Monetaria 2025 (DANE, catalogo ANDA 908)",(+) = propietarios ganan mas; calculado sobre medianas ponderadas
Tunja,15,2025,Ene-Dic (12 meses),ingreso_pobreza,Ingreso mediano hogares arrendatarios,2016666.67,,,,,3947,,ACEPTABLE,"Pobreza Monetaria 2025 (DANE, catalogo ANDA 908)",ingtotug = ingreso total unidad de gasto SIN imputar arriendo
Tunja,15,2025,Ene-Dic (12 meses),ingreso_pobreza,Ingreso mediano hogares propietarios,3700000.0,,,,,3051,,ACEPTABLE,"Pobreza Monetaria 2025 (DANE, catalogo ANDA 908)",ingtotug = ingreso total unidad de gasto SIN imputar arriendo
Tunja,15,2025,Ene-Dic (12 meses),servicios_publicos,Hogares sin acueducto,0.08,0.0285,0.0259,0.1350,0.8422,7929,37.2167,NO PUBLICAR,"GEIH 2025 (DANE, catalogo ANDA 853)",
Tunja,15,2025,Ene-Dic (12 meses),servicios_publicos,Hogares sin alcantarillado,0.61,0.0928,0.4352,0.7884,1.1296,7929,15.2605,PRECAUCION,"GEIH 2025 (DANE, catalogo ANDA 853)",
Tunja,15,2025,Ene-Dic (12 meses),servicios_publicos,Hogares sin energia electrica,0.03,0.0186,0.0000,0.0714,0.9328,7929,63.2309,NO PUBLICAR,"GEIH 2025 (DANE, catalogo ANDA 853)",
Tunja,15,2025,Ene-Dic (12 meses),servicios_publicos,Hogares sin gas natural conectado a red,3.04,0.2046,2.6825,3.4313,1.1269,7929,6.7373,ACEPTABLE,"GEIH 2025 (DANE, catalogo ANDA 853)",
Tunja,15,2025,Ene-Dic (12 meses),servicios_publicos,Hogares sin recoleccion de basuras,0.06,0.0288,0.0141,0.1284,1.0568,7929,46.2204,NO PUBLICAR,"GEIH 2025 (DANE, catalogo ANDA 853)",
Tunja,15,2025,Ene-Dic (12 meses),tenencia,Tenencia: En arriendo o subarriendo,50.96,0.5717,49.8417,52.1277,1.0370,3968,1.1219,EXCELENTE,"GEIH 2025 (DANE, catalogo ANDA 853)",
Tunja,15,2025,Ene-Dic (12 meses),tenencia,Tenencia: En usufructo,10.79,0.3584,10.0957,11.5223,1.0576,877,3.3204,EXCELENTE,"GEIH 2025 (DANE, catalogo ANDA 853)",
Tunja,15,2025,Ene-Dic (12 meses),tenencia,Tenencia: Otra,0.0,0.0000,0.0000,0.0000,,0,,ACEPTABLE,"GEIH 2025 (DANE, catalogo ANDA 853)",
Tunja,15,2025,Ene-Dic (12 meses),tenencia,Tenencia: Posesion sin titulo,0.05,0.0280,0.0000,0.1057,1.3804,3,62.0638,NO PUBLICAR,"GEIH 2025 (DANE, catalogo ANDA 853)",
Tunja,15,2025,Ene-Dic (12 meses),tenencia,"Tenencia: Propia, la estan pagando",8.65,0.3040,8.1032,9.2399,0.9268,646,3.5123,EXCELENTE,"GEIH 2025 (DANE, catalogo ANDA 853)",
Tunja,15,2025,Ene-Dic (12 meses),tenencia,"Tenencia: Propia, totalmente pagada",29.3,0.5295,28.3436,30.2678,1.0733,2416,1.8074,EXCELENTE,"GEIH 2025 (DANE, catalogo ANDA 853)",
Tunja,15,2025,Ene-Dic (12 meses),tenencia,Tenencia: Propiedad colectiva,0.25,0.0606,0.1520,0.3854,1.1639,19,24.1634,PRECAUCION,"GEIH 2025 (DANE, catalogo ANDA 853)",
Tunja,15,2025,Ene-Dic (12 meses),tenencia,Tenencia: suma de categorias (control),100.0,,,,,7929,,NO_APLICA,"GEIH 2025 (DANE, catalogo ANDA 853)",Control de auditoria: debe ser 100% +/-0.1pp
Tunja,15,2025,Ene-Dic (12 meses),vivienda_propia_credito,Arriendo imputado (estimado) - P25,600000.0,,,,,3922,,ACEPTABLE,"GEIH 2025 (DANE, catalogo ANDA 853)",30 registro(s) excluidos por valor extremo
Tunja,15,2025,Ene-Dic (12 meses),vivienda_propia_credito,Arriendo imputado (estimado) - P75,1000000.0,,,,,3922,,ACEPTABLE,"GEIH 2025 (DANE, catalogo ANDA 853)",30 registro(s) excluidos por valor extremo
Tunja,15,2025,Ene-Dic (12 meses),vivienda_propia_credito,Arriendo imputado (estimado) - mediana,800000.0,0.0000,800000.0000,800000.0000,0.0000,3922,0.0000,EXCELENTE,"GEIH 2025 (DANE, catalogo ANDA 853)",30 registro(s) excluidos por valor extremo
Tunja,15,2025,Ene-Dic (12 meses),vivienda_propia_credito,Arriendo imputado (estimado) - promedio,913618.64,8738.8976,898533.5865,931047.2432,1.1954,3922,0.9565,EXCELENTE,"GEIH 2025 (DANE, catalogo ANDA 853)",30 registro(s) excluidos por valor extremo
Tunja,15,2025,Ene-Dic (12 meses),vivienda_propia_credito,Cuota hipotecaria mensual - P25,600000.0,,,,,645,,ACEPTABLE,"GEIH 2025 (DANE, catalogo ANDA 853)",
Tunja,15,2025,Ene-Dic (12 meses),vivienda_propia_credito,Cuota hipotecaria mensual - P75,1400000.0,,,,,645,,ACEPTABLE,"GEIH 2025 (DANE, catalogo ANDA 853)",
Tunja,15,2025,Ene-Dic (12 meses),vivienda_propia_credito,Cuota hipotecaria mensual - mediana,900000.0,48817.7008,835306.6260,1000000.0000,1.1431,645,5.4242,ACEPTABLE,"GEIH 2025 (DANE, catalogo ANDA 853)",
Tunja,15,2025,Ene-Dic (12 meses),vivienda_propia_credito,Cuota hipotecaria mensual - promedio,1160081.06,48630.3861,1068283.9060,1259833.4499,1.1343,645,4.1920,EXCELENTE,"GEIH 2025 (DANE, catalogo ANDA 853)",
Tunja,15,2025,Ene-Dic (12 meses),vivienda_propia_credito,Valor estimado de venta de la vivienda - P25,150000000.0,,,,,2901,,ACEPTABLE,"GEIH 2025 (DANE, catalogo ANDA 853)",10 registro(s) excluidos por valor extremo
Tunja,15,2025,Ene-Dic (12 meses),vivienda_propia_credito,Valor estimado de venta de la vivienda - P75,290000000.0,,,,,2901,,ACEPTABLE,"GEIH 2025 (DANE, catalogo ANDA 853)",10 registro(s) excluidos por valor extremo
Tunja,15,2025,Ene-Dic (12 meses),vivienda_propia_credito,Valor estimado de venta de la vivienda - mediana,200000000.0,0.0000,200000000.0000,200000000.0000,0.0000,2901,0.0000,EXCELENTE,"GEIH 2025 (DANE, catalogo ANDA 853)",10 registro(s) excluidos por valor extremo
Tunja,15,2025,Ene-Dic (12 meses),vivienda_propia_credito,Valor estimado de venta de la vivienda - promedio,223949671.33,2521254.8470,219314459.2042,229224924.7150,1.0475,2901,1.1258,EXCELENTE,"GEIH 2025 (DANE, catalogo ANDA 853)",10 registro(s) excluidos por valor extremo
Tunja,15,2026*,Ene-Jun (parcial),arriendo,Canon de arriendo mensual - P25,600000.0,,,,,2026,,ACEPTABLE,"GEIH 2026 Ene-Jun (DANE, catalogo ANDA 900)",1 registro(s) excluidos por valor extremo
Tunja,15,2026*,Ene-Jun (parcial),arriendo,Canon de arriendo mensual - P75,900000.0,,,,,2026,,ACEPTABLE,"GEIH 2026 Ene-Jun (DANE, catalogo ANDA 900)",1 registro(s) excluidos por valor extremo
Tunja,15,2026*,Ene-Jun (parcial),arriendo,Canon de arriendo mensual - mediana,700000.0,9171.7305,700000.0000,740000.0000,1.2549,2026,1.3102,EXCELENTE,"GEIH 2026 Ene-Jun (DANE, catalogo ANDA 900)",1 registro(s) excluidos por valor extremo
Tunja,15,2026*,Ene-Jun (parcial),arriendo,Canon de arriendo mensual - promedio,798969.91,8528.4090,782425.9039,814371.2976,1.0850,2026,1.0674,EXCELENTE,"GEIH 2026 Ene-Jun (DANE, catalogo ANDA 900)",1 registro(s) excluidos por valor extremo
Tunja,15,2026*,Ene-Jun (parcial),deficit_habitacional,Deficit habitacional cualitativo,ND - pendiente Fase 2 (ECV),,,,,0,,ND,ECV (fuera de alcance Fase 1),ND - pendiente Fase 2 (ECV): fuente fuera de alcance de Fase 1
Tunja,15,2026*,Ene-Jun (parcial),deficit_habitacional,Deficit habitacional cuantitativo,ND - pendiente Fase 2 (ECV),,,,,0,,ND,ECV (fuera de alcance Fase 1),ND - pendiente Fase 2 (ECV): fuente fuera de alcance de Fase 1
Tunja,15,2026*,Ene-Jun (parcial),deficit_habitacional,Distribucion por estrato socioeconomico,ND - pendiente Fase 2 (ECV),,,,,0,,ND,ECV (fuera de alcance Fase 1),ND - pendiente Fase 2 (ECV): fuente fuera de alcance de Fase 1
Tunja,15,2026*,Ene-Jun (parcial),esfuerzo_financiero,Arrendatarios que destinan >30% del ingreso al arriendo,ND,,,,,0,,ND,ND - DANE no publica Pobreza Monetaria 2026,DANE no publica Medicion de Pobreza Monetaria y Desigualdad 2026 (requiere año calendario completo); no se calcula ni se extrapola
Tunja,15,2026*,Ene-Jun (parcial),esfuerzo_financiero,Arrendatarios que destinan >50% del ingreso al arriendo,ND,,,,,0,,ND,ND - DANE no publica Pobreza Monetaria 2026,DANE no publica Medicion de Pobreza Monetaria y Desigualdad 2026 (requiere año calendario completo); no se calcula ni se extrapola
Tunja,15,2026*,Ene-Jun (parcial),esfuerzo_financiero,Arriendo/ingreso del hogar (mediana),ND,,,,,0,,ND,ND - DANE no publica Pobreza Monetaria 2026,DANE no publica Medicion de Pobreza Monetaria y Desigualdad 2026 (requiere año calendario completo); no se calcula ni se extrapola
Tunja,15,2026*,Ene-Jun (parcial),hacinamiento,Hogares con hacinamiento (>3 personas/cuarto para dormir),0.25,0.0993,0.1008,0.4548,1.5439,3883,39.9415,NO PUBLICAR,"GEIH 2026 Ene-Jun (DANE, catalogo ANDA 900)","Umbral >3 sobre CUARTOS PARA DORMIR (P5010), no cuartos totales"
Tunja,15,2026*,Ene-Jun (parcial),hacinamiento,Hogares con hacinamiento critico NBI (>3 personas/cuarto TOTAL),0.03,,,,,3883,,NO PUBLICAR,"GEIH 2026 Ene-Jun (DANE, catalogo ANDA 900)",Definicion oficial DANE-NBI (cuartos totales incl. sala-comedor)
Tunja,15,2026*,Ene-Jun (parcial),hacinamiento,Personas por cuarto para dormir - mediana,1.33,,,,,3883,,ACEPTABLE,"GEIH 2026 Ene-Jun (DANE, catalogo ANDA 900)",
Tunja,15,2026*,Ene-Jun (parcial),hacinamiento,Personas por cuarto para dormir - promedio,1.39,0.0090,1.3721,1.4074,1.2686,3883,0.6460,EXCELENTE,"GEIH 2026 Ene-Jun (DANE, catalogo ANDA 900)",
Tunja,15,2026*,Ene-Jun (parcial),ingreso_pobreza,% arrendatarios en pobreza monetaria,ND,,,,,0,,ND,ND - DANE no publica Pobreza Monetaria 2026,DANE no publica Medicion de Pobreza Monetaria y Desigualdad 2026 (requiere año calendario completo); no se calcula ni se extrapola
Tunja,15,2026*,Ene-Jun (parcial),ingreso_pobreza,% hogares no pobres que viven en arriendo,ND,,,,,0,,ND,ND - DANE no publica Pobreza Monetaria 2026,DANE no publica Medicion de Pobreza Monetaria y Desigualdad 2026 (requiere año calendario completo); no se calcula ni se extrapola
Tunja,15,2026*,Ene-Jun (parcial),ingreso_pobreza,% hogares pobres que viven en arriendo,ND,,,,,0,,ND,ND - DANE no publica Pobreza Monetaria 2026,DANE no publica Medicion de Pobreza Monetaria y Desigualdad 2026 (requiere año calendario completo); no se calcula ni se extrapola
Tunja,15,2026*,Ene-Jun (parcial),ingreso_pobreza,% propietarios en pobreza monetaria,ND,,,,,0,,ND,ND - DANE no publica Pobreza Monetaria 2026,DANE no publica Medicion de Pobreza Monetaria y Desigualdad 2026 (requiere año calendario completo); no se calcula ni se extrapola
Tunja,15,2026*,Ene-Jun (parcial),ingreso_pobreza,Brecha de ingreso propietarios vs arrendatarios,ND,,,,,0,,ND,ND - DANE no publica Pobreza Monetaria 2026,DANE no publica Medicion de Pobreza Monetaria y Desigualdad 2026 (requiere año calendario completo); no se calcula ni se extrapola
Tunja,15,2026*,Ene-Jun (parcial),ingreso_pobreza,Ingreso mediano hogares arrendatarios,ND,,,,,0,,ND,ND - DANE no publica Pobreza Monetaria 2026,DANE no publica Medicion de Pobreza Monetaria y Desigualdad 2026 (requiere año calendario completo); no se calcula ni se extrapola
Tunja,15,2026*,Ene-Jun (parcial),ingreso_pobreza,Ingreso mediano hogares propietarios,ND,,,,,0,,ND,ND - DANE no publica Pobreza Monetaria 2026,DANE no publica Medicion de Pobreza Monetaria y Desigualdad 2026 (requiere año calendario completo); no se calcula ni se extrapola
Tunja,15,2026*,Ene-Jun (parcial),servicios_publicos,Hogares sin acueducto,0.02,0.0181,0.0000,0.0572,0.6666,3883,94.9778,NO PUBLICAR,"GEIH 2026 Ene-Jun (DANE, catalogo ANDA 900)",
Tunja,15,2026*,Ene-Jun (parcial),servicios_publicos,Hogares sin alcantarillado,0.57,0.1216,0.3634,0.8117,1.0040,3883,21.1455,PRECAUCION,"GEIH 2026 Ene-Jun (DANE, catalogo ANDA 900)",
Tunja,15,2026*,Ene-Jun (parcial),servicios_publicos,Hogares sin energia electrica,0.02,0.0181,0.0000,0.0572,0.6666,3883,94.9778,NO PUBLICAR,"GEIH 2026 Ene-Jun (DANE, catalogo ANDA 900)",
Tunja,15,2026*,Ene-Jun (parcial),servicios_publicos,Hogares sin gas natural conectado a red,1.67,0.2105,1.2628,2.0843,1.0446,3883,12.5669,ACEPTABLE,"GEIH 2026 Ene-Jun (DANE, catalogo ANDA 900)",
Tunja,15,2026*,Ene-Jun (parcial),servicios_publicos,Hogares sin recoleccion de basuras,0.03,0.0286,0.0000,0.0901,1.0638,3883,95.8947,NO PUBLICAR,"GEIH 2026 Ene-Jun (DANE, catalogo ANDA 900)",
Tunja,15,2026*,Ene-Jun (parcial),tenencia,Tenencia: En arriendo o subarriendo,50.0,0.8753,48.5035,51.7082,1.1900,2027,1.7506,EXCELENTE,"GEIH 2026 Ene-Jun (DANE, catalogo ANDA 900)",
Tunja,15,2026*,Ene-Jun (parcial),tenencia,Tenencia: En usufructo,9.31,0.5035,8.3450,10.2124,1.1658,368,5.4079,ACEPTABLE,"GEIH 2026 Ene-Jun (DANE, catalogo ANDA 900)",
Tunja,15,2026*,Ene-Jun (parcial),tenencia,Tenencia: Otra,0.0,0.0000,0.0000,0.0000,,0,,ACEPTABLE,"GEIH 2026 Ene-Jun (DANE, catalogo ANDA 900)",
Tunja,15,2026*,Ene-Jun (parcial),tenencia,Tenencia: Posesion sin titulo,0.05,0.0395,0.0000,0.1461,1.2794,2,83.4202,NO PUBLICAR,"GEIH 2026 Ene-Jun (DANE, catalogo ANDA 900)",
Tunja,15,2026*,Ene-Jun (parcial),tenencia,"Tenencia: Propia, la estan pagando",10.69,0.5658,9.6763,11.7519,1.3017,374,5.2911,ACEPTABLE,"GEIH 2026 Ene-Jun (DANE, catalogo ANDA 900)",
Tunja,15,2026*,Ene-Jun (parcial),tenencia,"Tenencia: Propia, totalmente pagada",29.63,0.7962,28.1456,31.1277,1.1806,1099,2.6874,EXCELENTE,"GEIH 2026 Ene-Jun (DANE, catalogo ANDA 900)",
Tunja,15,2026*,Ene-Jun (parcial),tenencia,Tenencia: Propiedad colectiva,0.32,0.0876,0.1547,0.4935,0.9282,13,27.2083,NO PUBLICAR,"GEIH 2026 Ene-Jun (DANE, catalogo ANDA 900)",
Tunja,15,2026*,Ene-Jun (parcial),tenencia,Tenencia: suma de categorias (control),100.0,,,,,3883,,NO_APLICA,"GEIH 2026 Ene-Jun (DANE, catalogo ANDA 900)",Control de auditoria: debe ser 100% +/-0.1pp
Tunja,15,2026*,Ene-Jun (parcial),vivienda_propia_credito,Arriendo imputado (estimado) - P25,650000.0,,,,,1830,,ACEPTABLE,"GEIH 2026 Ene-Jun (DANE, catalogo ANDA 900)",17 registro(s) excluidos por valor extremo
Tunja,15,2026*,Ene-Jun (parcial),vivienda_propia_credito,Arriendo imputado (estimado) - P75,1200000.0,,,,,1830,,ACEPTABLE,"GEIH 2026 Ene-Jun (DANE, catalogo ANDA 900)",17 registro(s) excluidos por valor extremo
Tunja,15,2026*,Ene-Jun (parcial),vivienda_propia_credito,Arriendo imputado (estimado) - mediana,850000.0,43504.6387,800000.0000,900000.0000,10.8625,1830,5.1182,ACEPTABLE,"GEIH 2026 Ene-Jun (DANE, catalogo ANDA 900)",17 registro(s) excluidos por valor extremo
Tunja,15,2026*,Ene-Jun (parcial),vivienda_propia_credito,Arriendo imputado (estimado) - promedio,1035817.73,14604.0597,1007587.2214,1064046.8361,1.2241,1830,1.4099,EXCELENTE,"GEIH 2026 Ene-Jun (DANE, catalogo ANDA 900)",17 registro(s) excluidos por valor extremo
Tunja,15,2026*,Ene-Jun (parcial),vivienda_propia_credito,Cuota hipotecaria mensual - P25,600000.0,,,,,373,,ACEPTABLE,"GEIH 2026 Ene-Jun (DANE, catalogo ANDA 900)",1 registro(s) excluidos por valor extremo
Tunja,15,2026*,Ene-Jun (parcial),vivienda_propia_credito,Cuota hipotecaria mensual - P75,1500000.0,,,,,373,,ACEPTABLE,"GEIH 2026 Ene-Jun (DANE, catalogo ANDA 900)",1 registro(s) excluidos por valor extremo
Tunja,15,2026*,Ene-Jun (parcial),vivienda_propia_credito,Cuota hipotecaria mensual - mediana,959071.74,63013.8860,800000.0000,1000000.0000,0.8368,373,6.5703,ACEPTABLE,"GEIH 2026 Ene-Jun (DANE, catalogo ANDA 900)",1 registro(s) excluidos por valor extremo
Tunja,15,2026*,Ene-Jun (parcial),vivienda_propia_credito,Cuota hipotecaria mensual - promedio,1266882.79,77219.7337,1134224.7542,1424634.9089,1.2566,373,6.0953,ACEPTABLE,"GEIH 2026 Ene-Jun (DANE, catalogo ANDA 900)",1 registro(s) excluidos por valor extremo
Tunja,15,2026*,Ene-Jun (parcial),vivienda_propia_credito,Valor estimado de venta de la vivienda - P25,150000000.0,,,,,1406,,ACEPTABLE,"GEIH 2026 Ene-Jun (DANE, catalogo ANDA 900)",8 registro(s) excluidos por valor extremo
Tunja,15,2026*,Ene-Jun (parcial),vivienda_propia_credito,Valor estimado de venta de la vivienda - P75,300000000.0,,,,,1406,,ACEPTABLE,"GEIH 2026 Ene-Jun (DANE, catalogo ANDA 900)",8 registro(s) excluidos por valor extremo
Tunja,15,2026*,Ene-Jun (parcial),vivienda_propia_credito,Valor estimado de venta de la vivienda - mediana,220000000.0,11403202.7964,200000000.0000,248104009.4083,7.1168,1406,5.1833,ACEPTABLE,"GEIH 2026 Ene-Jun (DANE, catalogo ANDA 900)",8 registro(s) excluidos por valor extremo
Tunja,15,2026*,Ene-Jun (parcial),vivienda_propia_credito,Valor estimado de venta de la vivienda - promedio,253605553.13,5046374.2848,244220491.4888,262554772.4346,1.3938,1406,1.9899,EXCELENTE,"GEIH 2026 Ene-Jun (DANE, catalogo ANDA 900)",8 registro(s) excluidos por valor extremo
Valledupar,20,2023,Ene-Dic (12 meses),arriendo,Canon de arriendo mensual - P25,350000.0,,,,,3090,,ACEPTABLE,"GEIH 2023 (DANE, catalogo ANDA 782)",16 registro(s) excluidos por valor extremo
Valledupar,20,2023,Ene-Dic (12 meses),arriendo,Canon de arriendo mensual - P75,550000.0,,,,,3090,,ACEPTABLE,"GEIH 2023 (DANE, catalogo ANDA 782)",16 registro(s) excluidos por valor extremo
Valledupar,20,2023,Ene-Dic (12 meses),arriendo,Canon de arriendo mensual - mediana,420000.0,14808.6219,400000.0000,450000.0000,10.5723,3090,3.5259,EXCELENTE,"GEIH 2023 (DANE, catalogo ANDA 782)",16 registro(s) excluidos por valor extremo
Valledupar,20,2023,Ene-Dic (12 meses),arriendo,Canon de arriendo mensual - promedio,477833.63,5116.5677,468609.0935,487589.3234,1.2621,3090,1.0708,EXCELENTE,"GEIH 2023 (DANE, catalogo ANDA 782)",16 registro(s) excluidos por valor extremo
Valledupar,20,2023,Ene-Dic (12 meses),deficit_habitacional,Deficit habitacional cualitativo,ND - pendiente Fase 2 (ECV),,,,,0,,ND,ECV (fuera de alcance Fase 1),ND - pendiente Fase 2 (ECV): fuente fuera de alcance de Fase 1
Valledupar,20,2023,Ene-Dic (12 meses),deficit_habitacional,Deficit habitacional cuantitativo,ND - pendiente Fase 2 (ECV),,,,,0,,ND,ECV (fuera de alcance Fase 1),ND - pendiente Fase 2 (ECV): fuente fuera de alcance de Fase 1
Valledupar,20,2023,Ene-Dic (12 meses),deficit_habitacional,Distribucion por estrato socioeconomico,ND - pendiente Fase 2 (ECV),,,,,0,,ND,ECV (fuera de alcance Fase 1),ND - pendiente Fase 2 (ECV): fuente fuera de alcance de Fase 1
Valledupar,20,2023,Ene-Dic (12 meses),esfuerzo_financiero,Arrendatarios que destinan >30% del ingreso al arriendo,51.99,,,,,3060,,ACEPTABLE,"Pobreza Monetaria 2023 (DANE, catalogo ANDA 835)",sobrecarga (>30%)
Valledupar,20,2023,Ene-Dic (12 meses),esfuerzo_financiero,Arrendatarios que destinan >50% del ingreso al arriendo,23.1,,,,,3060,,ACEPTABLE,"Pobreza Monetaria 2023 (DANE, catalogo ANDA 835)",sobrecarga severa (>50%)
Valledupar,20,2023,Ene-Dic (12 meses),esfuerzo_financiero,Arriendo/ingreso del hogar (mediana),30.94,,,,,3060,,ACEPTABLE,"Pobreza Monetaria 2023 (DANE, catalogo ANDA 835)",Merge con 98.7% de coincidencia
Valledupar,20,2023,Ene-Dic (12 meses),hacinamiento,Hogares con hacinamiento (>3 personas/cuarto para dormir),5.89,0.3197,5.3545,6.5746,1.2638,6853,5.4280,ACEPTABLE,"GEIH 2023 (DANE, catalogo ANDA 782)","Umbral >3 sobre CUARTOS PARA DORMIR (P5010), no cuartos totales"
Valledupar,20,2023,Ene-Dic (12 meses),hacinamiento,Hogares con hacinamiento critico NBI (>3 personas/cuarto TOTAL),0.71,,,,,6853,,PRECAUCION,"GEIH 2023 (DANE, catalogo ANDA 782)",Definicion oficial DANE-NBI (cuartos totales incl. sala-comedor)
Valledupar,20,2023,Ene-Dic (12 meses),hacinamiento,Personas por cuarto para dormir - mediana,1.67,,,,,6853,,ACEPTABLE,"GEIH 2023 (DANE, catalogo ANDA 782)",
Valledupar,20,2023,Ene-Dic (12 meses),hacinamiento,Personas por cuarto para dormir - promedio,1.82,0.0121,1.8015,1.8474,1.2167,6853,0.6638,EXCELENTE,"GEIH 2023 (DANE, catalogo ANDA 782)",
Valledupar,20,2023,Ene-Dic (12 meses),ingreso_pobreza,% arrendatarios en pobreza monetaria,50.87,,,,,3133,,ACEPTABLE,"Pobreza Monetaria 2023 (DANE, catalogo ANDA 835)",
Valledupar,20,2023,Ene-Dic (12 meses),ingreso_pobreza,% hogares no pobres que viven en arriendo,41.2,,,,,3752,,ACEPTABLE,"Pobreza Monetaria 2023 (DANE, catalogo ANDA 835)",
Valledupar,20,2023,Ene-Dic (12 meses),ingreso_pobreza,% hogares pobres que viven en arriendo,54.93,,,,,3101,,ACEPTABLE,"Pobreza Monetaria 2023 (DANE, catalogo ANDA 835)",
Valledupar,20,2023,Ene-Dic (12 meses),ingreso_pobreza,% propietarios en pobreza monetaria,25.26,,,,,2196,,ACEPTABLE,"Pobreza Monetaria 2023 (DANE, catalogo ANDA 835)",
Valledupar,20,2023,Ene-Dic (12 meses),ingreso_pobreza,Brecha de ingreso propietarios vs arrendatarios,48.37,,,,,0,,NO_APLICA,"Pobreza Monetaria 2023 (DANE, catalogo ANDA 835)",(+) = propietarios ganan mas; calculado sobre medianas ponderadas
Valledupar,20,2023,Ene-Dic (12 meses),ingreso_pobreza,Ingreso mediano hogares arrendatarios,1350000.0,,,,,3101,,ACEPTABLE,"Pobreza Monetaria 2023 (DANE, catalogo ANDA 835)",ingtotug = ingreso total unidad de gasto SIN imputar arriendo
Valledupar,20,2023,Ene-Dic (12 meses),ingreso_pobreza,Ingreso mediano hogares propietarios,2002976.12,,,,,2148,,ACEPTABLE,"Pobreza Monetaria 2023 (DANE, catalogo ANDA 835)",ingtotug = ingreso total unidad de gasto SIN imputar arriendo
Valledupar,20,2023,Ene-Dic (12 meses),servicios_publicos,Hogares sin acueducto,0.27,0.0696,0.1486,0.4107,1.2235,6853,25.5988,NO PUBLICAR,"GEIH 2023 (DANE, catalogo ANDA 782)",
Valledupar,20,2023,Ene-Dic (12 meses),servicios_publicos,Hogares sin alcantarillado,11.06,0.4071,10.3223,11.8448,1.1545,6853,3.6802,EXCELENTE,"GEIH 2023 (DANE, catalogo ANDA 782)",
Valledupar,20,2023,Ene-Dic (12 meses),servicios_publicos,Hogares sin energia electrica,0.0,0.0000,0.0000,0.0000,,6853,,ACEPTABLE,"GEIH 2023 (DANE, catalogo ANDA 782)",
Valledupar,20,2023,Ene-Dic (12 meses),servicios_publicos,Hogares sin gas natural conectado a red,12.46,0.4390,11.6638,13.3186,1.2106,6853,3.5227,EXCELENTE,"GEIH 2023 (DANE, catalogo ANDA 782)",
Valledupar,20,2023,Ene-Dic (12 meses),servicios_publicos,Hogares sin recoleccion de basuras,0.96,0.1284,0.7494,1.2431,1.1930,6853,13.4258,ACEPTABLE,"GEIH 2023 (DANE, catalogo ANDA 782)",
Valledupar,20,2023,Ene-Dic (12 meses),tenencia,Tenencia: En arriendo o subarriendo,47.2,0.6632,45.9420,48.5576,1.2093,3133,1.4050,EXCELENTE,"GEIH 2023 (DANE, catalogo ANDA 782)",
Valledupar,20,2023,Ene-Dic (12 meses),tenencia,Tenencia: En usufructo,12.17,0.3894,11.4320,12.9641,0.9722,841,3.2001,EXCELENTE,"GEIH 2023 (DANE, catalogo ANDA 782)",
Valledupar,20,2023,Ene-Dic (12 meses),tenencia,Tenencia: Otra,0.0,0.0000,0.0000,0.0000,,0,,ACEPTABLE,"GEIH 2023 (DANE, catalogo ANDA 782)",
Valledupar,20,2023,Ene-Dic (12 meses),tenencia,Tenencia: Posesion sin titulo,4.43,0.2809,3.9013,4.9918,1.2772,298,6.3404,ACEPTABLE,"GEIH 2023 (DANE, catalogo ANDA 782)",
Valledupar,20,2023,Ene-Dic (12 meses),tenencia,"Tenencia: Propia, la estan pagando",5.6,0.2992,5.0156,6.2081,1.1610,346,5.3446,ACEPTABLE,"GEIH 2023 (DANE, catalogo ANDA 782)",
Valledupar,20,2023,Ene-Dic (12 meses),tenencia,"Tenencia: Propia, totalmente pagada",25.05,0.5494,24.0165,26.1042,1.1016,1850,2.1931,EXCELENTE,"GEIH 2023 (DANE, catalogo ANDA 782)",
Valledupar,20,2023,Ene-Dic (12 meses),tenencia,Tenencia: Propiedad colectiva,5.55,0.2802,4.9532,6.0371,1.0260,385,5.0468,ACEPTABLE,"GEIH 2023 (DANE, catalogo ANDA 782)",
Valledupar,20,2023,Ene-Dic (12 meses),tenencia,Tenencia: suma de categorias (control),100.0,,,,,6853,,NO_APLICA,"GEIH 2023 (DANE, catalogo ANDA 782)",Control de auditoria: debe ser 100% +/-0.1pp
Valledupar,20,2023,Ene-Dic (12 meses),vivienda_propia_credito,Arriendo imputado (estimado) - P25,300000.0,,,,,3573,,ACEPTABLE,"GEIH 2023 (DANE, catalogo ANDA 782)",9 registro(s) excluidos por valor extremo
Valledupar,20,2023,Ene-Dic (12 meses),vivienda_propia_credito,Arriendo imputado (estimado) - P75,700000.0,,,,,3573,,ACEPTABLE,"GEIH 2023 (DANE, catalogo ANDA 782)",9 registro(s) excluidos por valor extremo
Valledupar,20,2023,Ene-Dic (12 meses),vivienda_propia_credito,Arriendo imputado (estimado) - mediana,500000.0,2886.7513,500000.0000,500000.0000,0.1743,3573,0.5774,EXCELENTE,"GEIH 2023 (DANE, catalogo ANDA 782)",9 registro(s) excluidos por valor extremo
Valledupar,20,2023,Ene-Dic (12 meses),vivienda_propia_credito,Arriendo imputado (estimado) - promedio,566644.13,8464.8356,549173.2898,584799.6063,1.4985,3573,1.4939,EXCELENTE,"GEIH 2023 (DANE, catalogo ANDA 782)",9 registro(s) excluidos por valor extremo
Valledupar,20,2023,Ene-Dic (12 meses),vivienda_propia_credito,Cuota hipotecaria mensual - P25,378105.82,,,,,318,,ACEPTABLE,"GEIH 2023 (DANE, catalogo ANDA 782)",1 registro(s) excluidos por valor extremo
Valledupar,20,2023,Ene-Dic (12 meses),vivienda_propia_credito,Cuota hipotecaria mensual - P75,863259.32,,,,,318,,ACEPTABLE,"GEIH 2023 (DANE, catalogo ANDA 782)",1 registro(s) excluidos por valor extremo
Valledupar,20,2023,Ene-Dic (12 meses),vivienda_propia_credito,Cuota hipotecaria mensual - mediana,600000.0,22930.6633,540000.0000,631743.8838,0.3000,318,3.8218,EXCELENTE,"GEIH 2023 (DANE, catalogo ANDA 782)",1 registro(s) excluidos por valor extremo
Valledupar,20,2023,Ene-Dic (12 meses),vivienda_propia_credito,Cuota hipotecaria mensual - promedio,809275.47,40231.7530,725847.5419,885855.3487,0.9235,318,4.9713,EXCELENTE,"GEIH 2023 (DANE, catalogo ANDA 782)",1 registro(s) excluidos por valor extremo
Valledupar,20,2023,Ene-Dic (12 meses),vivienda_propia_credito,Valor estimado de venta de la vivienda - P25,85000000.0,,,,,1126,,ACEPTABLE,"GEIH 2023 (DANE, catalogo ANDA 782)",22 registro(s) excluidos por valor extremo
Valledupar,20,2023,Ene-Dic (12 meses),vivienda_propia_credito,Valor estimado de venta de la vivienda - P75,200000000.0,,,,,1126,,ACEPTABLE,"GEIH 2023 (DANE, catalogo ANDA 782)",22 registro(s) excluidos por valor extremo
Valledupar,20,2023,Ene-Dic (12 meses),vivienda_propia_credito,Valor estimado de venta de la vivienda - mediana,131858246.67,5376718.2343,130000000.0000,140000000.0000,0.8365,1126,4.0777,EXCELENTE,"GEIH 2023 (DANE, catalogo ANDA 782)",22 registro(s) excluidos por valor extremo
Valledupar,20,2023,Ene-Dic (12 meses),vivienda_propia_credito,Valor estimado de venta de la vivienda - promedio,180451418.71,5996069.0121,168257932.7221,192160824.9357,1.0403,1126,3.3228,EXCELENTE,"GEIH 2023 (DANE, catalogo ANDA 782)",22 registro(s) excluidos por valor extremo
Valledupar,20,2024,Ene-Dic (12 meses),arriendo,Canon de arriendo mensual - P25,350000.0,,,,,3198,,ACEPTABLE,"GEIH 2024 (DANE, catalogo ANDA 819)",12 registro(s) excluidos por valor extremo
Valledupar,20,2024,Ene-Dic (12 meses),arriendo,Canon de arriendo mensual - P75,600000.0,,,,,3198,,ACEPTABLE,"GEIH 2024 (DANE, catalogo ANDA 819)",12 registro(s) excluidos por valor extremo
Valledupar,20,2024,Ene-Dic (12 meses),arriendo,Canon de arriendo mensual - mediana,450000.0,0.0000,450000.0000,450000.0000,0.0000,3198,0.0000,EXCELENTE,"GEIH 2024 (DANE, catalogo ANDA 819)",12 registro(s) excluidos por valor extremo
Valledupar,20,2024,Ene-Dic (12 meses),arriendo,Canon de arriendo mensual - promedio,502288.98,5161.6239,492545.1232,512376.2886,1.2846,3198,1.0276,EXCELENTE,"GEIH 2024 (DANE, catalogo ANDA 819)",12 registro(s) excluidos por valor extremo
Valledupar,20,2024,Ene-Dic (12 meses),deficit_habitacional,Deficit habitacional cualitativo,ND - pendiente Fase 2 (ECV),,,,,0,,ND,ECV (fuera de alcance Fase 1),ND - pendiente Fase 2 (ECV): fuente fuera de alcance de Fase 1
Valledupar,20,2024,Ene-Dic (12 meses),deficit_habitacional,Deficit habitacional cuantitativo,ND - pendiente Fase 2 (ECV),,,,,0,,ND,ECV (fuera de alcance Fase 1),ND - pendiente Fase 2 (ECV): fuente fuera de alcance de Fase 1
Valledupar,20,2024,Ene-Dic (12 meses),deficit_habitacional,Distribucion por estrato socioeconomico,ND - pendiente Fase 2 (ECV),,,,,0,,ND,ECV (fuera de alcance Fase 1),ND - pendiente Fase 2 (ECV): fuente fuera de alcance de Fase 1
Valledupar,20,2024,Ene-Dic (12 meses),esfuerzo_financiero,Arrendatarios que destinan >30% del ingreso al arriendo,45.44,,,,,3164,,ACEPTABLE,"Pobreza Monetaria 2024 (DANE, catalogo ANDA 874)",sobrecarga (>30%)
Valledupar,20,2024,Ene-Dic (12 meses),esfuerzo_financiero,Arrendatarios que destinan >50% del ingreso al arriendo,17.46,,,,,3164,,ACEPTABLE,"Pobreza Monetaria 2024 (DANE, catalogo ANDA 874)",sobrecarga severa (>50%)
Valledupar,20,2024,Ene-Dic (12 meses),esfuerzo_financiero,Arriendo/ingreso del hogar (mediana),28.53,,,,,3164,,ACEPTABLE,"Pobreza Monetaria 2024 (DANE, catalogo ANDA 874)",Merge con 99.3% de coincidencia
Valledupar,20,2024,Ene-Dic (12 meses),hacinamiento,Hogares con hacinamiento (>3 personas/cuarto para dormir),5.31,0.2894,4.7416,5.8602,1.1217,6735,5.4498,ACEPTABLE,"GEIH 2024 (DANE, catalogo ANDA 819)","Umbral >3 sobre CUARTOS PARA DORMIR (P5010), no cuartos totales"
Valledupar,20,2024,Ene-Dic (12 meses),hacinamiento,Hogares con hacinamiento critico NBI (>3 personas/cuarto TOTAL),0.66,,,,,6735,,PRECAUCION,"GEIH 2024 (DANE, catalogo ANDA 819)",Definicion oficial DANE-NBI (cuartos totales incl. sala-comedor)
Valledupar,20,2024,Ene-Dic (12 meses),hacinamiento,Personas por cuarto para dormir - mediana,1.5,,,,,6735,,ACEPTABLE,"GEIH 2024 (DANE, catalogo ANDA 819)",
Valledupar,20,2024,Ene-Dic (12 meses),hacinamiento,Personas por cuarto para dormir - promedio,1.79,0.0112,1.7707,1.8148,1.1596,6735,0.6246,EXCELENTE,"GEIH 2024 (DANE, catalogo ANDA 819)",
Valledupar,20,2024,Ene-Dic (12 meses),ingreso_pobreza,% arrendatarios en pobreza monetaria,46.23,,,,,3220,,ACEPTABLE,"Pobreza Monetaria 2024 (DANE, catalogo ANDA 874)",
Valledupar,20,2024,Ene-Dic (12 meses),ingreso_pobreza,% hogares no pobres que viven en arriendo,44.46,,,,,4054,,ACEPTABLE,"Pobreza Monetaria 2024 (DANE, catalogo ANDA 874)",
Valledupar,20,2024,Ene-Dic (12 meses),ingreso_pobreza,% hogares pobres que viven en arriendo,59.01,,,,,2681,,ACEPTABLE,"Pobreza Monetaria 2024 (DANE, catalogo ANDA 874)",
Valledupar,20,2024,Ene-Dic (12 meses),ingreso_pobreza,% propietarios en pobreza monetaria,21.89,,,,,2041,,ACEPTABLE,"Pobreza Monetaria 2024 (DANE, catalogo ANDA 874)",
Valledupar,20,2024,Ene-Dic (12 meses),ingreso_pobreza,Brecha de ingreso propietarios vs arrendatarios,44.56,,,,,0,,NO_APLICA,"Pobreza Monetaria 2024 (DANE, catalogo ANDA 874)",(+) = propietarios ganan mas; calculado sobre medianas ponderadas
Valledupar,20,2024,Ene-Dic (12 meses),ingreso_pobreza,Ingreso mediano hogares arrendatarios,1544333.33,,,,,3185,,ACEPTABLE,"Pobreza Monetaria 2024 (DANE, catalogo ANDA 874)",ingtotug = ingreso total unidad de gasto SIN imputar arriendo
Valledupar,20,2024,Ene-Dic (12 meses),ingreso_pobreza,Ingreso mediano hogares propietarios,2232497.28,,,,,2002,,ACEPTABLE,"Pobreza Monetaria 2024 (DANE, catalogo ANDA 874)",ingtotug = ingreso total unidad de gasto SIN imputar arriendo
Valledupar,20,2024,Ene-Dic (12 meses),servicios_publicos,Hogares sin acueducto,0.1,0.0461,0.0211,0.1971,1.5022,6735,48.3507,NO PUBLICAR,"GEIH 2024 (DANE, catalogo ANDA 819)",
Valledupar,20,2024,Ene-Dic (12 meses),servicios_publicos,Hogares sin alcantarillado,11.0,0.4048,10.2449,11.8459,1.1273,6735,3.6793,EXCELENTE,"GEIH 2024 (DANE, catalogo ANDA 819)",
Valledupar,20,2024,Ene-Dic (12 meses),servicios_publicos,Hogares sin energia electrica,0.01,0.0147,0.0000,0.0438,0.9982,6735,101.0035,NO PUBLICAR,"GEIH 2024 (DANE, catalogo ANDA 819)",
Valledupar,20,2024,Ene-Dic (12 meses),servicios_publicos,Hogares sin gas natural conectado a red,11.88,0.4329,11.0912,12.7458,1.2056,6735,3.6433,EXCELENTE,"GEIH 2024 (DANE, catalogo ANDA 819)",
Valledupar,20,2024,Ene-Dic (12 meses),servicios_publicos,Hogares sin recoleccion de basuras,0.12,0.0465,0.0381,0.2207,1.2425,6735,39.6079,NO PUBLICAR,"GEIH 2024 (DANE, catalogo ANDA 819)",
Valledupar,20,2024,Ene-Dic (12 meses),tenencia,Tenencia: En arriendo o subarriendo,50.18,0.6470,48.8977,51.5229,1.1278,3220,1.2894,EXCELENTE,"GEIH 2024 (DANE, catalogo ANDA 819)",
Valledupar,20,2024,Ene-Dic (12 meses),tenencia,Tenencia: En usufructo,13.5,0.4452,12.6633,14.4220,1.1432,898,3.2983,EXCELENTE,"GEIH 2024 (DANE, catalogo ANDA 819)",
Valledupar,20,2024,Ene-Dic (12 meses),tenencia,Tenencia: Otra,0.13,0.0473,0.0393,0.2352,1.1865,9,37.2214,NO PUBLICAR,"GEIH 2024 (DANE, catalogo ANDA 819)",
Valledupar,20,2024,Ene-Dic (12 meses),tenencia,Tenencia: Posesion sin titulo,4.81,0.2681,4.3071,5.3329,1.0578,327,5.5778,ACEPTABLE,"GEIH 2024 (DANE, catalogo ANDA 819)",
Valledupar,20,2024,Ene-Dic (12 meses),tenencia,"Tenencia: Propia, la estan pagando",4.45,0.2748,3.9186,5.0030,1.1959,279,6.1744,ACEPTABLE,"GEIH 2024 (DANE, catalogo ANDA 819)",
Valledupar,20,2024,Ene-Dic (12 meses),tenencia,"Tenencia: Propia, totalmente pagada",23.57,0.5505,22.5285,24.7114,1.1329,1762,2.3352,EXCELENTE,"GEIH 2024 (DANE, catalogo ANDA 819)",
Valledupar,20,2024,Ene-Dic (12 meses),tenencia,Tenencia: Propiedad colectiva,3.37,0.2410,2.9105,3.8425,1.2024,240,7.1575,ACEPTABLE,"GEIH 2024 (DANE, catalogo ANDA 819)",
Valledupar,20,2024,Ene-Dic (12 meses),tenencia,Tenencia: suma de categorias (control),100.0,,,,,6735,,NO_APLICA,"GEIH 2024 (DANE, catalogo ANDA 819)",Control de auditoria: debe ser 100% +/-0.1pp
Valledupar,20,2024,Ene-Dic (12 meses),vivienda_propia_credito,Arriendo imputado (estimado) - P25,350000.0,,,,,3336,,ACEPTABLE,"GEIH 2024 (DANE, catalogo ANDA 819)",9 registro(s) excluidos por valor extremo
Valledupar,20,2024,Ene-Dic (12 meses),vivienda_propia_credito,Arriendo imputado (estimado) - P75,700000.0,,,,,3336,,ACEPTABLE,"GEIH 2024 (DANE, catalogo ANDA 819)",9 registro(s) excluidos por valor extremo
Valledupar,20,2024,Ene-Dic (12 meses),vivienda_propia_credito,Arriendo imputado (estimado) - mediana,500000.0,0.0000,500000.0000,500000.0000,0.0000,3336,0.0000,EXCELENTE,"GEIH 2024 (DANE, catalogo ANDA 819)",9 registro(s) excluidos por valor extremo
Valledupar,20,2024,Ene-Dic (12 meses),vivienda_propia_credito,Arriendo imputado (estimado) - promedio,600886.83,7853.9101,585573.4489,616048.5530,1.2443,3336,1.3071,EXCELENTE,"GEIH 2024 (DANE, catalogo ANDA 819)",9 registro(s) excluidos por valor extremo
Valledupar,20,2024,Ene-Dic (12 meses),vivienda_propia_credito,Cuota hipotecaria mensual - P25,371434.7,,,,,263,,ACEPTABLE,"GEIH 2024 (DANE, catalogo ANDA 819)",
Valledupar,20,2024,Ene-Dic (12 meses),vivienda_propia_credito,Cuota hipotecaria mensual - P75,1032854.52,,,,,263,,ACEPTABLE,"GEIH 2024 (DANE, catalogo ANDA 819)",
Valledupar,20,2024,Ene-Dic (12 meses),vivienda_propia_credito,Cuota hipotecaria mensual - mediana,600000.0,35552.9735,544470.4899,672633.2517,0.6713,263,5.9255,ACEPTABLE,"GEIH 2024 (DANE, catalogo ANDA 819)",
Valledupar,20,2024,Ene-Dic (12 meses),vivienda_propia_credito,Cuota hipotecaria mensual - promedio,832463.8,49945.8832,746600.3798,930814.5830,1.3249,263,5.9998,ACEPTABLE,"GEIH 2024 (DANE, catalogo ANDA 819)",
Valledupar,20,2024,Ene-Dic (12 meses),vivienda_propia_credito,Valor estimado de venta de la vivienda - P25,95000000.0,,,,,1228,,ACEPTABLE,"GEIH 2024 (DANE, catalogo ANDA 819)",8 registro(s) excluidos por valor extremo
Valledupar,20,2024,Ene-Dic (12 meses),vivienda_propia_credito,Valor estimado de venta de la vivienda - P75,200000000.0,,,,,1228,,ACEPTABLE,"GEIH 2024 (DANE, catalogo ANDA 819)",8 registro(s) excluidos por valor extremo
Valledupar,20,2024,Ene-Dic (12 meses),vivienda_propia_credito,Valor estimado de venta de la vivienda - mediana,150000000.0,1402339.1829,150000000.0000,150000000.0000,0.1965,1228,0.9349,EXCELENTE,"GEIH 2024 (DANE, catalogo ANDA 819)",8 registro(s) excluidos por valor extremo
Valledupar,20,2024,Ene-Dic (12 meses),vivienda_propia_credito,Valor estimado de venta de la vivienda - promedio,168911522.8,3303270.0547,161547252.9527,174772051.1052,1.0902,1228,1.9556,EXCELENTE,"GEIH 2024 (DANE, catalogo ANDA 819)",8 registro(s) excluidos por valor extremo
Valledupar,20,2025,Ene-Dic (12 meses),arriendo,Canon de arriendo mensual - P25,370000.0,,,,,3196,,ACEPTABLE,"GEIH 2025 (DANE, catalogo ANDA 853)",14 registro(s) excluidos por valor extremo
Valledupar,20,2025,Ene-Dic (12 meses),arriendo,Canon de arriendo mensual - P75,600000.0,,,,,3196,,ACEPTABLE,"GEIH 2025 (DANE, catalogo ANDA 853)",14 registro(s) excluidos por valor extremo
Valledupar,20,2025,Ene-Dic (12 meses),arriendo,Canon de arriendo mensual - mediana,500000.0,7632.3794,480000.0000,500000.0000,2.9176,3196,1.5265,EXCELENTE,"GEIH 2025 (DANE, catalogo ANDA 853)",14 registro(s) excluidos por valor extremo
Valledupar,20,2025,Ene-Dic (12 meses),arriendo,Canon de arriendo mensual - promedio,520907.53,4836.3613,511735.6921,530891.2902,1.1715,3196,0.9284,EXCELENTE,"GEIH 2025 (DANE, catalogo ANDA 853)",14 registro(s) excluidos por valor extremo
Valledupar,20,2025,Ene-Dic (12 meses),deficit_habitacional,Deficit habitacional cualitativo,ND - pendiente Fase 2 (ECV),,,,,0,,ND,ECV (fuera de alcance Fase 1),ND - pendiente Fase 2 (ECV): fuente fuera de alcance de Fase 1
Valledupar,20,2025,Ene-Dic (12 meses),deficit_habitacional,Deficit habitacional cuantitativo,ND - pendiente Fase 2 (ECV),,,,,0,,ND,ECV (fuera de alcance Fase 1),ND - pendiente Fase 2 (ECV): fuente fuera de alcance de Fase 1
Valledupar,20,2025,Ene-Dic (12 meses),deficit_habitacional,Distribucion por estrato socioeconomico,ND - pendiente Fase 2 (ECV),,,,,0,,ND,ECV (fuera de alcance Fase 1),ND - pendiente Fase 2 (ECV): fuente fuera de alcance de Fase 1
Valledupar,20,2025,Ene-Dic (12 meses),esfuerzo_financiero,Arrendatarios que destinan >30% del ingreso al arriendo,38.94,,,,,3167,,ACEPTABLE,"Pobreza Monetaria 2025 (DANE, catalogo ANDA 908)",sobrecarga (>30%)
Valledupar,20,2025,Ene-Dic (12 meses),esfuerzo_financiero,Arrendatarios que destinan >50% del ingreso al arriendo,12.84,,,,,3167,,ACEPTABLE,"Pobreza Monetaria 2025 (DANE, catalogo ANDA 908)",sobrecarga severa (>50%)
Valledupar,20,2025,Ene-Dic (12 meses),esfuerzo_financiero,Arriendo/ingreso del hogar (mediana),25.26,,,,,3167,,ACEPTABLE,"Pobreza Monetaria 2025 (DANE, catalogo ANDA 908)",Merge con 99.5% de coincidencia
Valledupar,20,2025,Ene-Dic (12 meses),hacinamiento,Hogares con hacinamiento (>3 personas/cuarto para dormir),4.75,0.2785,4.1906,5.2996,1.1587,6765,5.8581,ACEPTABLE,"GEIH 2025 (DANE, catalogo ANDA 853)","Umbral >3 sobre CUARTOS PARA DORMIR (P5010), no cuartos totales"
Valledupar,20,2025,Ene-Dic (12 meses),hacinamiento,Hogares con hacinamiento critico NBI (>3 personas/cuarto TOTAL),0.45,,,,,6765,,NO PUBLICAR,"GEIH 2025 (DANE, catalogo ANDA 853)",Definicion oficial DANE-NBI (cuartos totales incl. sala-comedor)
Valledupar,20,2025,Ene-Dic (12 meses),hacinamiento,Personas por cuarto para dormir - mediana,1.5,,,,,6765,,ACEPTABLE,"GEIH 2025 (DANE, catalogo ANDA 853)",
Valledupar,20,2025,Ene-Dic (12 meses),hacinamiento,Personas por cuarto para dormir - promedio,1.79,0.0111,1.7709,1.8153,1.2476,6765,0.6213,EXCELENTE,"GEIH 2025 (DANE, catalogo ANDA 853)",
Valledupar,20,2025,Ene-Dic (12 meses),ingreso_pobreza,% arrendatarios en pobreza monetaria,39.2,,,,,3213,,ACEPTABLE,"Pobreza Monetaria 2025 (DANE, catalogo ANDA 908)",
Valledupar,20,2025,Ene-Dic (12 meses),ingreso_pobreza,% hogares no pobres que viven en arriendo,45.39,,,,,4496,,ACEPTABLE,"Pobreza Monetaria 2025 (DANE, catalogo ANDA 908)",
Valledupar,20,2025,Ene-Dic (12 meses),ingreso_pobreza,% hogares pobres que viven en arriendo,59.06,,,,,2269,,ACEPTABLE,"Pobreza Monetaria 2025 (DANE, catalogo ANDA 908)",
Valledupar,20,2025,Ene-Dic (12 meses),ingreso_pobreza,% propietarios en pobreza monetaria,15.54,,,,,1993,,ACEPTABLE,"Pobreza Monetaria 2025 (DANE, catalogo ANDA 908)",
Valledupar,20,2025,Ene-Dic (12 meses),ingreso_pobreza,Brecha de ingreso propietarios vs arrendatarios,61.06,,,,,0,,NO_APLICA,"Pobreza Monetaria 2025 (DANE, catalogo ANDA 908)",(+) = propietarios ganan mas; calculado sobre medianas ponderadas
Valledupar,20,2025,Ene-Dic (12 meses),ingreso_pobreza,Ingreso mediano hogares arrendatarios,1800000.0,,,,,3184,,ACEPTABLE,"Pobreza Monetaria 2025 (DANE, catalogo ANDA 908)",ingtotug = ingreso total unidad de gasto SIN imputar arriendo
Valledupar,20,2025,Ene-Dic (12 meses),ingreso_pobreza,Ingreso mediano hogares propietarios,2899158.4,,,,,1972,,ACEPTABLE,"Pobreza Monetaria 2025 (DANE, catalogo ANDA 908)",ingtotug = ingreso total unidad de gasto SIN imputar arriendo
Valledupar,20,2025,Ene-Dic (12 meses),servicios_publicos,Hogares sin acueducto,0.0,0.0000,0.0000,0.0000,,6765,,ACEPTABLE,"GEIH 2025 (DANE, catalogo ANDA 853)",
Valledupar,20,2025,Ene-Dic (12 meses),servicios_publicos,Hogares sin alcantarillado,11.28,0.4242,10.5007,12.1771,1.2166,6765,3.7611,EXCELENTE,"GEIH 2025 (DANE, catalogo ANDA 853)",
Valledupar,20,2025,Ene-Dic (12 meses),servicios_publicos,Hogares sin energia electrica,0.0,0.0000,0.0000,0.0000,,6765,,ACEPTABLE,"GEIH 2025 (DANE, catalogo ANDA 853)",
Valledupar,20,2025,Ene-Dic (12 meses),servicios_publicos,Hogares sin gas natural conectado a red,13.36,0.4507,12.4908,14.2101,1.1872,6765,3.3737,EXCELENTE,"GEIH 2025 (DANE, catalogo ANDA 853)",
Valledupar,20,2025,Ene-Dic (12 meses),servicios_publicos,Hogares sin recoleccion de basuras,0.54,0.0966,0.3680,0.7178,1.1696,6765,17.7979,PRECAUCION,"GEIH 2025 (DANE, catalogo ANDA 853)",
Valledupar,20,2025,Ene-Dic (12 meses),tenencia,Tenencia: En arriendo o subarriendo,49.92,0.6635,48.6158,51.1078,1.1912,3213,1.3292,EXCELENTE,"GEIH 2025 (DANE, catalogo ANDA 853)",
Valledupar,20,2025,Ene-Dic (12 meses),tenencia,Tenencia: En usufructo,12.35,0.4419,11.4355,13.2661,1.2207,832,3.5790,EXCELENTE,"GEIH 2025 (DANE, catalogo ANDA 853)",
Valledupar,20,2025,Ene-Dic (12 meses),tenencia,Tenencia: Otra,0.0,0.0000,0.0000,0.0000,,0,,ACEPTABLE,"GEIH 2025 (DANE, catalogo ANDA 853)",
Valledupar,20,2025,Ene-Dic (12 meses),tenencia,Tenencia: Posesion sin titulo,5.89,0.2976,5.2807,6.4262,1.0809,383,5.0529,ACEPTABLE,"GEIH 2025 (DANE, catalogo ANDA 853)",
Valledupar,20,2025,Ene-Dic (12 meses),tenencia,"Tenencia: Propia, la estan pagando",4.98,0.2980,4.3957,5.4920,1.2694,299,5.9826,ACEPTABLE,"GEIH 2025 (DANE, catalogo ANDA 853)",
Valledupar,20,2025,Ene-Dic (12 meses),tenencia,"Tenencia: Propia, totalmente pagada",22.2,0.4884,21.2547,23.1552,0.9345,1694,2.2004,EXCELENTE,"GEIH 2025 (DANE, catalogo ANDA 853)",
Valledupar,20,2025,Ene-Dic (12 meses),tenencia,Tenencia: Propiedad colectiva,4.67,0.2644,4.1439,5.1263,1.0630,344,5.6646,ACEPTABLE,"GEIH 2025 (DANE, catalogo ANDA 853)",
Valledupar,20,2025,Ene-Dic (12 meses),tenencia,Tenencia: suma de categorias (control),100.0,,,,,6765,,NO_APLICA,"GEIH 2025 (DANE, catalogo ANDA 853)",Control de auditoria: debe ser 100% +/-0.1pp
Valledupar,20,2025,Ene-Dic (12 meses),vivienda_propia_credito,Arriendo imputado (estimado) - P25,400000.0,,,,,3519,,ACEPTABLE,"GEIH 2025 (DANE, catalogo ANDA 853)",14 registro(s) excluidos por valor extremo
Valledupar,20,2025,Ene-Dic (12 meses),vivienda_propia_credito,Arriendo imputado (estimado) - P75,800000.0,,,,,3519,,ACEPTABLE,"GEIH 2025 (DANE, catalogo ANDA 853)",14 registro(s) excluidos por valor extremo
Valledupar,20,2025,Ene-Dic (12 meses),vivienda_propia_credito,Arriendo imputado (estimado) - mediana,500000.0,0.0000,500000.0000,500000.0000,0.0000,3519,0.0000,EXCELENTE,"GEIH 2025 (DANE, catalogo ANDA 853)",14 registro(s) excluidos por valor extremo
Valledupar,20,2025,Ene-Dic (12 meses),vivienda_propia_credito,Arriendo imputado (estimado) - promedio,606151.84,6775.9824,592590.7471,620202.3422,1.1490,3519,1.1179,EXCELENTE,"GEIH 2025 (DANE, catalogo ANDA 853)",14 registro(s) excluidos por valor extremo
Valledupar,20,2025,Ene-Dic (12 meses),vivienda_propia_credito,Cuota hipotecaria mensual - P25,500000.0,,,,,298,,ACEPTABLE,"GEIH 2025 (DANE, catalogo ANDA 853)",
Valledupar,20,2025,Ene-Dic (12 meses),vivienda_propia_credito,Cuota hipotecaria mensual - P75,945151.12,,,,,298,,ACEPTABLE,"GEIH 2025 (DANE, catalogo ANDA 853)",
Valledupar,20,2025,Ene-Dic (12 meses),vivienda_propia_credito,Cuota hipotecaria mensual - mediana,675128.09,34802.8281,600000.0000,700000.0000,1.5148,298,5.1550,ACEPTABLE,"GEIH 2025 (DANE, catalogo ANDA 853)",
Valledupar,20,2025,Ene-Dic (12 meses),vivienda_propia_credito,Cuota hipotecaria mensual - promedio,782226.52,26507.5708,731022.6855,831400.5953,0.8788,298,3.3887,EXCELENTE,"GEIH 2025 (DANE, catalogo ANDA 853)",
Valledupar,20,2025,Ene-Dic (12 meses),vivienda_propia_credito,Valor estimado de venta de la vivienda - P25,120000000.0,,,,,1878,,ACEPTABLE,"GEIH 2025 (DANE, catalogo ANDA 853)",11 registro(s) excluidos por valor extremo
Valledupar,20,2025,Ene-Dic (12 meses),vivienda_propia_credito,Valor estimado de venta de la vivienda - P75,220000000.0,,,,,1878,,ACEPTABLE,"GEIH 2025 (DANE, catalogo ANDA 853)",11 registro(s) excluidos por valor extremo
Valledupar,20,2025,Ene-Dic (12 meses),vivienda_propia_credito,Valor estimado de venta de la vivienda - mediana,170000000.0,5711325.8049,160000000.0000,180000000.0000,5.5623,1878,3.3596,EXCELENTE,"GEIH 2025 (DANE, catalogo ANDA 853)",11 registro(s) excluidos por valor extremo
Valledupar,20,2025,Ene-Dic (12 meses),vivienda_propia_credito,Valor estimado de venta de la vivienda - promedio,183548011.24,2661712.1655,178467478.7143,188973378.6150,1.2081,1878,1.4501,EXCELENTE,"GEIH 2025 (DANE, catalogo ANDA 853)",11 registro(s) excluidos por valor extremo
Valledupar,20,2026*,Ene-Jun (parcial),arriendo,Canon de arriendo mensual - P25,400000.0,,,,,1638,,ACEPTABLE,"GEIH 2026 Ene-Jun (DANE, catalogo ANDA 900)",6 registro(s) excluidos por valor extremo
Valledupar,20,2026*,Ene-Jun (parcial),arriendo,Canon de arriendo mensual - P75,700000.0,,,,,1638,,ACEPTABLE,"GEIH 2026 Ene-Jun (DANE, catalogo ANDA 900)",6 registro(s) excluidos por valor extremo
Valledupar,20,2026*,Ene-Jun (parcial),arriendo,Canon de arriendo mensual - mediana,500000.0,0.0000,500000.0000,500000.0000,0.0000,1638,0.0000,EXCELENTE,"GEIH 2026 Ene-Jun (DANE, catalogo ANDA 900)",6 registro(s) excluidos por valor extremo
Valledupar,20,2026*,Ene-Jun (parcial),arriendo,Canon de arriendo mensual - promedio,571441.98,7595.5871,557967.0007,585906.0176,1.0672,1638,1.3292,EXCELENTE,"GEIH 2026 Ene-Jun (DANE, catalogo ANDA 900)",6 registro(s) excluidos por valor extremo
Valledupar,20,2026*,Ene-Jun (parcial),deficit_habitacional,Deficit habitacional cualitativo,ND - pendiente Fase 2 (ECV),,,,,0,,ND,ECV (fuera de alcance Fase 1),ND - pendiente Fase 2 (ECV): fuente fuera de alcance de Fase 1
Valledupar,20,2026*,Ene-Jun (parcial),deficit_habitacional,Deficit habitacional cuantitativo,ND - pendiente Fase 2 (ECV),,,,,0,,ND,ECV (fuera de alcance Fase 1),ND - pendiente Fase 2 (ECV): fuente fuera de alcance de Fase 1
Valledupar,20,2026*,Ene-Jun (parcial),deficit_habitacional,Distribucion por estrato socioeconomico,ND - pendiente Fase 2 (ECV),,,,,0,,ND,ECV (fuera de alcance Fase 1),ND - pendiente Fase 2 (ECV): fuente fuera de alcance de Fase 1
Valledupar,20,2026*,Ene-Jun (parcial),esfuerzo_financiero,Arrendatarios que destinan >30% del ingreso al arriendo,ND,,,,,0,,ND,ND - DANE no publica Pobreza Monetaria 2026,DANE no publica Medicion de Pobreza Monetaria y Desigualdad 2026 (requiere año calendario completo); no se calcula ni se extrapola
Valledupar,20,2026*,Ene-Jun (parcial),esfuerzo_financiero,Arrendatarios que destinan >50% del ingreso al arriendo,ND,,,,,0,,ND,ND - DANE no publica Pobreza Monetaria 2026,DANE no publica Medicion de Pobreza Monetaria y Desigualdad 2026 (requiere año calendario completo); no se calcula ni se extrapola
Valledupar,20,2026*,Ene-Jun (parcial),esfuerzo_financiero,Arriendo/ingreso del hogar (mediana),ND,,,,,0,,ND,ND - DANE no publica Pobreza Monetaria 2026,DANE no publica Medicion de Pobreza Monetaria y Desigualdad 2026 (requiere año calendario completo); no se calcula ni se extrapola
Valledupar,20,2026*,Ene-Jun (parcial),hacinamiento,Hogares con hacinamiento (>3 personas/cuarto para dormir),3.42,0.3119,2.7830,4.0377,1.0347,3512,9.1219,ACEPTABLE,"GEIH 2026 Ene-Jun (DANE, catalogo ANDA 900)","Umbral >3 sobre CUARTOS PARA DORMIR (P5010), no cuartos totales"
Valledupar,20,2026*,Ene-Jun (parcial),hacinamiento,Hogares con hacinamiento critico NBI (>3 personas/cuarto TOTAL),0.48,,,,,3512,,NO PUBLICAR,"GEIH 2026 Ene-Jun (DANE, catalogo ANDA 900)",Definicion oficial DANE-NBI (cuartos totales incl. sala-comedor)
Valledupar,20,2026*,Ene-Jun (parcial),hacinamiento,Personas por cuarto para dormir - mediana,1.5,,,,,3512,,ACEPTABLE,"GEIH 2026 Ene-Jun (DANE, catalogo ANDA 900)",
Valledupar,20,2026*,Ene-Jun (parcial),hacinamiento,Personas por cuarto para dormir - promedio,1.73,0.0128,1.7057,1.7532,0.9451,3512,0.7381,EXCELENTE,"GEIH 2026 Ene-Jun (DANE, catalogo ANDA 900)",
Valledupar,20,2026*,Ene-Jun (parcial),ingreso_pobreza,% arrendatarios en pobreza monetaria,ND,,,,,0,,ND,ND - DANE no publica Pobreza Monetaria 2026,DANE no publica Medicion de Pobreza Monetaria y Desigualdad 2026 (requiere año calendario completo); no se calcula ni se extrapola
Valledupar,20,2026*,Ene-Jun (parcial),ingreso_pobreza,% hogares no pobres que viven en arriendo,ND,,,,,0,,ND,ND - DANE no publica Pobreza Monetaria 2026,DANE no publica Medicion de Pobreza Monetaria y Desigualdad 2026 (requiere año calendario completo); no se calcula ni se extrapola
Valledupar,20,2026*,Ene-Jun (parcial),ingreso_pobreza,% hogares pobres que viven en arriendo,ND,,,,,0,,ND,ND - DANE no publica Pobreza Monetaria 2026,DANE no publica Medicion de Pobreza Monetaria y Desigualdad 2026 (requiere año calendario completo); no se calcula ni se extrapola
Valledupar,20,2026*,Ene-Jun (parcial),ingreso_pobreza,% propietarios en pobreza monetaria,ND,,,,,0,,ND,ND - DANE no publica Pobreza Monetaria 2026,DANE no publica Medicion de Pobreza Monetaria y Desigualdad 2026 (requiere año calendario completo); no se calcula ni se extrapola
Valledupar,20,2026*,Ene-Jun (parcial),ingreso_pobreza,Brecha de ingreso propietarios vs arrendatarios,ND,,,,,0,,ND,ND - DANE no publica Pobreza Monetaria 2026,DANE no publica Medicion de Pobreza Monetaria y Desigualdad 2026 (requiere año calendario completo); no se calcula ni se extrapola
Valledupar,20,2026*,Ene-Jun (parcial),ingreso_pobreza,Ingreso mediano hogares arrendatarios,ND,,,,,0,,ND,ND - DANE no publica Pobreza Monetaria 2026,DANE no publica Medicion de Pobreza Monetaria y Desigualdad 2026 (requiere año calendario completo); no se calcula ni se extrapola
Valledupar,20,2026*,Ene-Jun (parcial),ingreso_pobreza,Ingreso mediano hogares propietarios,ND,,,,,0,,ND,ND - DANE no publica Pobreza Monetaria 2026,DANE no publica Medicion de Pobreza Monetaria y Desigualdad 2026 (requiere año calendario completo); no se calcula ni se extrapola
Valledupar,20,2026*,Ene-Jun (parcial),servicios_publicos,Hogares sin acueducto,0.0,0.0000,0.0000,0.0000,,3512,,ACEPTABLE,"GEIH 2026 Ene-Jun (DANE, catalogo ANDA 900)",
Valledupar,20,2026*,Ene-Jun (parcial),servicios_publicos,Hogares sin alcantarillado,10.04,0.5249,8.9870,11.0394,1.0716,3512,5.2297,ACEPTABLE,"GEIH 2026 Ene-Jun (DANE, catalogo ANDA 900)",
Valledupar,20,2026*,Ene-Jun (parcial),servicios_publicos,Hogares sin energia electrica,0.03,0.0237,0.0000,0.0801,0.7379,3512,88.6391,NO PUBLICAR,"GEIH 2026 Ene-Jun (DANE, catalogo ANDA 900)",
Valledupar,20,2026*,Ene-Jun (parcial),servicios_publicos,Hogares sin gas natural conectado a red,10.3,0.5410,9.2044,11.3345,1.1123,3512,5.2516,ACEPTABLE,"GEIH 2026 Ene-Jun (DANE, catalogo ANDA 900)",
Valledupar,20,2026*,Ene-Jun (parcial),servicios_publicos,Hogares sin recoleccion de basuras,0.28,0.0941,0.1244,0.4758,1.1071,3512,33.4165,NO PUBLICAR,"GEIH 2026 Ene-Jun (DANE, catalogo ANDA 900)",
Valledupar,20,2026*,Ene-Jun (parcial),tenencia,Tenencia: En arriendo o subarriendo,47.98,0.8967,46.2321,49.7209,1.1314,1644,1.8690,EXCELENTE,"GEIH 2026 Ene-Jun (DANE, catalogo ANDA 900)",
Valledupar,20,2026*,Ene-Jun (parcial),tenencia,Tenencia: En usufructo,13.71,0.5956,12.5464,14.8925,1.0530,490,4.3439,EXCELENTE,"GEIH 2026 Ene-Jun (DANE, catalogo ANDA 900)",
Valledupar,20,2026*,Ene-Jun (parcial),tenencia,Tenencia: Otra,0.0,0.0000,0.0000,0.0000,,0,,ACEPTABLE,"GEIH 2026 Ene-Jun (DANE, catalogo ANDA 900)",
Valledupar,20,2026*,Ene-Jun (parcial),tenencia,Tenencia: Posesion sin titulo,3.61,0.3373,3.0410,4.2540,1.1495,129,9.3538,ACEPTABLE,"GEIH 2026 Ene-Jun (DANE, catalogo ANDA 900)",
Valledupar,20,2026*,Ene-Jun (parcial),tenencia,"Tenencia: Propia, la estan pagando",7.65,0.4792,6.7490,8.5532,1.1418,248,6.2663,ACEPTABLE,"GEIH 2026 Ene-Jun (DANE, catalogo ANDA 900)",
Valledupar,20,2026*,Ene-Jun (parcial),tenencia,"Tenencia: Propia, totalmente pagada",25.36,0.7788,23.9089,26.8303,1.1252,944,3.0707,EXCELENTE,"GEIH 2026 Ene-Jun (DANE, catalogo ANDA 900)",
Valledupar,20,2026*,Ene-Jun (parcial),tenencia,Tenencia: Propiedad colectiva,1.7,0.2217,1.3120,2.1519,1.0352,57,13.0717,ACEPTABLE,"GEIH 2026 Ene-Jun (DANE, catalogo ANDA 900)",
Valledupar,20,2026*,Ene-Jun (parcial),tenencia,Tenencia: suma de categorias (control),100.0,,,,,3512,,NO_APLICA,"GEIH 2026 Ene-Jun (DANE, catalogo ANDA 900)",Control de auditoria: debe ser 100% +/-0.1pp
Valledupar,20,2026*,Ene-Jun (parcial),vivienda_propia_credito,Arriendo imputado (estimado) - P25,400000.0,,,,,1842,,ACEPTABLE,"GEIH 2026 Ene-Jun (DANE, catalogo ANDA 900)",15 registro(s) excluidos por valor extremo
Valledupar,20,2026*,Ene-Jun (parcial),vivienda_propia_credito,Arriendo imputado (estimado) - P75,800000.0,,,,,1842,,ACEPTABLE,"GEIH 2026 Ene-Jun (DANE, catalogo ANDA 900)",15 registro(s) excluidos por valor extremo
Valledupar,20,2026*,Ene-Jun (parcial),vivienda_propia_credito,Arriendo imputado (estimado) - mediana,600000.0,13042.5261,550000.0000,600000.0000,1.2570,1842,2.1738,EXCELENTE,"GEIH 2026 Ene-Jun (DANE, catalogo ANDA 900)",15 registro(s) excluidos por valor extremo
Valledupar,20,2026*,Ene-Jun (parcial),vivienda_propia_credito,Arriendo imputado (estimado) - promedio,696062.87,11714.4702,676359.6479,719948.4434,1.0140,1842,1.6830,EXCELENTE,"GEIH 2026 Ene-Jun (DANE, catalogo ANDA 900)",15 registro(s) excluidos por valor extremo
Valledupar,20,2026*,Ene-Jun (parcial),vivienda_propia_credito,Cuota hipotecaria mensual - P25,512479.89,,,,,246,,ACEPTABLE,"GEIH 2026 Ene-Jun (DANE, catalogo ANDA 900)",1 registro(s) excluidos por valor extremo
Valledupar,20,2026*,Ene-Jun (parcial),vivienda_propia_credito,Cuota hipotecaria mensual - P75,1150000.0,,,,,246,,ACEPTABLE,"GEIH 2026 Ene-Jun (DANE, catalogo ANDA 900)",1 registro(s) excluidos por valor extremo
Valledupar,20,2026*,Ene-Jun (parcial),vivienda_propia_credito,Cuota hipotecaria mensual - mediana,750000.0,40744.5499,700000.0000,818232.1159,1.1463,246,5.4326,ACEPTABLE,"GEIH 2026 Ene-Jun (DANE, catalogo ANDA 900)",1 registro(s) excluidos por valor extremo
Valledupar,20,2026*,Ene-Jun (parcial),vivienda_propia_credito,Cuota hipotecaria mensual - promedio,931100.66,43181.7427,855093.0994,1014561.6822,1.2875,246,4.6377,EXCELENTE,"GEIH 2026 Ene-Jun (DANE, catalogo ANDA 900)",1 registro(s) excluidos por valor extremo
Valledupar,20,2026*,Ene-Jun (parcial),vivienda_propia_credito,Valor estimado de venta de la vivienda - P25,120000000.0,,,,,1117,,ACEPTABLE,"GEIH 2026 Ene-Jun (DANE, catalogo ANDA 900)",9 registro(s) excluidos por valor extremo
Valledupar,20,2026*,Ene-Jun (parcial),vivienda_propia_credito,Valor estimado de venta de la vivienda - P75,250000000.0,,,,,1117,,ACEPTABLE,"GEIH 2026 Ene-Jun (DANE, catalogo ANDA 900)",9 registro(s) excluidos por valor extremo
Valledupar,20,2026*,Ene-Jun (parcial),vivienda_propia_credito,Valor estimado de venta de la vivienda - mediana,180000000.0,2586343.9246,180000000.0000,190000000.0000,0.2487,1117,1.4369,EXCELENTE,"GEIH 2026 Ene-Jun (DANE, catalogo ANDA 900)",9 registro(s) excluidos por valor extremo
Valledupar,20,2026*,Ene-Jun (parcial),vivienda_propia_credito,Valor estimado de venta de la vivienda - promedio,209873086.64,5770211.8196,198600850.2681,220738062.0482,1.2379,1117,2.7494,EXCELENTE,"GEIH 2026 Ene-Jun (DANE, catalogo ANDA 900)",9 registro(s) excluidos por valor extremo
Villavicencio,50,2023,Ene-Dic (12 meses),arriendo,Canon de arriendo mensual - P25,350000.0,,,,,4326,,ACEPTABLE,"GEIH 2023 (DANE, catalogo ANDA 782)",4 registro(s) excluidos por valor extremo
Villavicencio,50,2023,Ene-Dic (12 meses),arriendo,Canon de arriendo mensual - P75,650000.0,,,,,4326,,ACEPTABLE,"GEIH 2023 (DANE, catalogo ANDA 782)",4 registro(s) excluidos por valor extremo
Villavicencio,50,2023,Ene-Dic (12 meses),arriendo,Canon de arriendo mensual - mediana,500000.0,7093.4784,480000.0000,500000.0000,2.2087,4326,1.4187,EXCELENTE,"GEIH 2023 (DANE, catalogo ANDA 782)",4 registro(s) excluidos por valor extremo
Villavicencio,50,2023,Ene-Dic (12 meses),arriendo,Canon de arriendo mensual - promedio,548995.03,5004.2673,539110.6488,559745.6405,1.0992,4326,0.9115,EXCELENTE,"GEIH 2023 (DANE, catalogo ANDA 782)",4 registro(s) excluidos por valor extremo
Villavicencio,50,2023,Ene-Dic (12 meses),deficit_habitacional,Deficit habitacional cualitativo,ND - pendiente Fase 2 (ECV),,,,,0,,ND,ECV (fuera de alcance Fase 1),ND - pendiente Fase 2 (ECV): fuente fuera de alcance de Fase 1
Villavicencio,50,2023,Ene-Dic (12 meses),deficit_habitacional,Deficit habitacional cuantitativo,ND - pendiente Fase 2 (ECV),,,,,0,,ND,ECV (fuera de alcance Fase 1),ND - pendiente Fase 2 (ECV): fuente fuera de alcance de Fase 1
Villavicencio,50,2023,Ene-Dic (12 meses),deficit_habitacional,Distribucion por estrato socioeconomico,ND - pendiente Fase 2 (ECV),,,,,0,,ND,ECV (fuera de alcance Fase 1),ND - pendiente Fase 2 (ECV): fuente fuera de alcance de Fase 1
Villavicencio,50,2023,Ene-Dic (12 meses),esfuerzo_financiero,Arrendatarios que destinan >30% del ingreso al arriendo,39.88,,,,,4278,,ACEPTABLE,"Pobreza Monetaria 2023 (DANE, catalogo ANDA 835)",sobrecarga (>30%)
Villavicencio,50,2023,Ene-Dic (12 meses),esfuerzo_financiero,Arrendatarios que destinan >50% del ingreso al arriendo,14.5,,,,,4278,,ACEPTABLE,"Pobreza Monetaria 2023 (DANE, catalogo ANDA 835)",sobrecarga severa (>50%)
Villavicencio,50,2023,Ene-Dic (12 meses),esfuerzo_financiero,Arriendo/ingreso del hogar (mediana),25.86,,,,,4278,,ACEPTABLE,"Pobreza Monetaria 2023 (DANE, catalogo ANDA 835)",Merge con 99.9% de coincidencia
Villavicencio,50,2023,Ene-Dic (12 meses),hacinamiento,Hogares con hacinamiento (>3 personas/cuarto para dormir),1.57,0.1513,1.2912,1.8749,1.1973,8094,9.6244,ACEPTABLE,"GEIH 2023 (DANE, catalogo ANDA 782)","Umbral >3 sobre CUARTOS PARA DORMIR (P5010), no cuartos totales"
Villavicencio,50,2023,Ene-Dic (12 meses),hacinamiento,Hogares con hacinamiento critico NBI (>3 personas/cuarto TOTAL),0.42,,,,,8094,,PRECAUCION,"GEIH 2023 (DANE, catalogo ANDA 782)",Definicion oficial DANE-NBI (cuartos totales incl. sala-comedor)
Villavicencio,50,2023,Ene-Dic (12 meses),hacinamiento,Personas por cuarto para dormir - mediana,1.5,,,,,8094,,ACEPTABLE,"GEIH 2023 (DANE, catalogo ANDA 782)",
Villavicencio,50,2023,Ene-Dic (12 meses),hacinamiento,Personas por cuarto para dormir - promedio,1.52,0.0076,1.5070,1.5348,1.0778,8094,0.5001,EXCELENTE,"GEIH 2023 (DANE, catalogo ANDA 782)",
Villavicencio,50,2023,Ene-Dic (12 meses),ingreso_pobreza,% arrendatarios en pobreza monetaria,30.92,,,,,4332,,ACEPTABLE,"Pobreza Monetaria 2023 (DANE, catalogo ANDA 835)",
Villavicencio,50,2023,Ene-Dic (12 meses),ingreso_pobreza,% hogares no pobres que viven en arriendo,49.7,,,,,6061,,ACEPTABLE,"Pobreza Monetaria 2023 (DANE, catalogo ANDA 835)",
Villavicencio,50,2023,Ene-Dic (12 meses),ingreso_pobreza,% hogares pobres que viven en arriendo,68.23,,,,,2033,,ACEPTABLE,"Pobreza Monetaria 2023 (DANE, catalogo ANDA 835)",
Villavicencio,50,2023,Ene-Dic (12 meses),ingreso_pobreza,% propietarios en pobreza monetaria,12.14,,,,,2726,,ACEPTABLE,"Pobreza Monetaria 2023 (DANE, catalogo ANDA 835)",
Villavicencio,50,2023,Ene-Dic (12 meses),ingreso_pobreza,Brecha de ingreso propietarios vs arrendatarios,56.07,,,,,0,,NO_APLICA,"Pobreza Monetaria 2023 (DANE, catalogo ANDA 835)",(+) = propietarios ganan mas; calculado sobre medianas ponderadas
Villavicencio,50,2023,Ene-Dic (12 meses),ingreso_pobreza,Ingreso mediano hogares arrendatarios,1730000.0,,,,,4283,,ACEPTABLE,"Pobreza Monetaria 2023 (DANE, catalogo ANDA 835)",ingtotug = ingreso total unidad de gasto SIN imputar arriendo
Villavicencio,50,2023,Ene-Dic (12 meses),ingreso_pobreza,Ingreso mediano hogares propietarios,2700000.0,,,,,2702,,ACEPTABLE,"Pobreza Monetaria 2023 (DANE, catalogo ANDA 835)",ingtotug = ingreso total unidad de gasto SIN imputar arriendo
Villavicencio,50,2023,Ene-Dic (12 meses),servicios_publicos,Hogares sin acueducto,5.4,0.2672,4.8726,5.9462,1.1314,8094,4.9482,EXCELENTE,"GEIH 2023 (DANE, catalogo ANDA 782)",
Villavicencio,50,2023,Ene-Dic (12 meses),servicios_publicos,Hogares sin alcantarillado,6.69,0.2823,6.1543,7.2303,1.0337,8094,4.2219,EXCELENTE,"GEIH 2023 (DANE, catalogo ANDA 782)",
Villavicencio,50,2023,Ene-Dic (12 meses),servicios_publicos,Hogares sin energia electrica,0.07,0.0285,0.0169,0.1217,0.9606,8094,41.5934,NO PUBLICAR,"GEIH 2023 (DANE, catalogo ANDA 782)",
Villavicencio,50,2023,Ene-Dic (12 meses),servicios_publicos,Hogares sin gas natural conectado a red,13.58,0.3764,12.9050,14.3325,0.9769,8094,2.7711,EXCELENTE,"GEIH 2023 (DANE, catalogo ANDA 782)",
Villavicencio,50,2023,Ene-Dic (12 meses),servicios_publicos,Hogares sin recoleccion de basuras,0.64,0.0864,0.4796,0.8317,0.9499,8094,13.4899,ACEPTABLE,"GEIH 2023 (DANE, catalogo ANDA 782)",
Villavicencio,50,2023,Ene-Dic (12 meses),tenencia,Tenencia: En arriendo o subarriendo,54.26,0.5972,53.1246,55.4362,1.1632,4332,1.1007,EXCELENTE,"GEIH 2023 (DANE, catalogo ANDA 782)",
Villavicencio,50,2023,Ene-Dic (12 meses),tenencia,Tenencia: En usufructo,10.02,0.3631,9.3248,10.6889,1.1835,802,3.6232,EXCELENTE,"GEIH 2023 (DANE, catalogo ANDA 782)",
Villavicencio,50,2023,Ene-Dic (12 meses),tenencia,Tenencia: Otra,0.02,0.0229,0.0000,0.0675,1.8946,1,102.0951,NO PUBLICAR,"GEIH 2023 (DANE, catalogo ANDA 782)",
Villavicencio,50,2023,Ene-Dic (12 meses),tenencia,Tenencia: Posesion sin titulo,2.92,0.2010,2.5482,3.3164,1.1537,223,6.8857,ACEPTABLE,"GEIH 2023 (DANE, catalogo ANDA 782)",
Villavicencio,50,2023,Ene-Dic (12 meses),tenencia,"Tenencia: Propia, la estan pagando",3.49,0.2229,3.0658,3.9664,1.1936,279,6.3833,ACEPTABLE,"GEIH 2023 (DANE, catalogo ANDA 782)",
Villavicencio,50,2023,Ene-Dic (12 meses),tenencia,"Tenencia: Propia, totalmente pagada",29.16,0.5385,28.1537,30.1202,1.1361,2447,1.8467,EXCELENTE,"GEIH 2023 (DANE, catalogo ANDA 782)",
Villavicencio,50,2023,Ene-Dic (12 meses),tenencia,Tenencia: Propiedad colectiva,0.13,0.0424,0.0549,0.2175,1.1451,10,33.3050,NO PUBLICAR,"GEIH 2023 (DANE, catalogo ANDA 782)",
Villavicencio,50,2023,Ene-Dic (12 meses),tenencia,Tenencia: suma de categorias (control),100.0,,,,,8094,,NO_APLICA,"GEIH 2023 (DANE, catalogo ANDA 782)",Control de auditoria: debe ser 100% +/-0.1pp
Villavicencio,50,2023,Ene-Dic (12 meses),vivienda_propia_credito,Arriendo imputado (estimado) - P25,400000.0,,,,,3750,,ACEPTABLE,"GEIH 2023 (DANE, catalogo ANDA 782)",8 registro(s) excluidos por valor extremo
Villavicencio,50,2023,Ene-Dic (12 meses),vivienda_propia_credito,Arriendo imputado (estimado) - P75,800000.0,,,,,3750,,ACEPTABLE,"GEIH 2023 (DANE, catalogo ANDA 782)",8 registro(s) excluidos por valor extremo
Villavicencio,50,2023,Ene-Dic (12 meses),vivienda_propia_credito,Arriendo imputado (estimado) - mediana,600000.0,22821.7472,550000.0000,600000.0000,7.9389,3750,3.8036,EXCELENTE,"GEIH 2023 (DANE, catalogo ANDA 782)",8 registro(s) excluidos por valor extremo
Villavicencio,50,2023,Ene-Dic (12 meses),vivienda_propia_credito,Arriendo imputado (estimado) - promedio,702269.08,8819.3674,686147.8806,719558.3962,1.1856,3750,1.2558,EXCELENTE,"GEIH 2023 (DANE, catalogo ANDA 782)",8 registro(s) excluidos por valor extremo
Villavicencio,50,2023,Ene-Dic (12 meses),vivienda_propia_credito,Cuota hipotecaria mensual - P25,500000.0,,,,,276,,ACEPTABLE,"GEIH 2023 (DANE, catalogo ANDA 782)",
Villavicencio,50,2023,Ene-Dic (12 meses),vivienda_propia_credito,Cuota hipotecaria mensual - P75,1500000.0,,,,,276,,ACEPTABLE,"GEIH 2023 (DANE, catalogo ANDA 782)",
Villavicencio,50,2023,Ene-Dic (12 meses),vivienda_propia_credito,Cuota hipotecaria mensual - mediana,893595.23,78696.4113,800000.0000,1000000.0000,2.2035,276,8.8067,ACEPTABLE,"GEIH 2023 (DANE, catalogo ANDA 782)",
Villavicencio,50,2023,Ene-Dic (12 meses),vivienda_propia_credito,Cuota hipotecaria mensual - promedio,1140029.77,54126.3767,1033060.9145,1245772.2891,1.0424,276,4.7478,EXCELENTE,"GEIH 2023 (DANE, catalogo ANDA 782)",
Villavicencio,50,2023,Ene-Dic (12 meses),vivienda_propia_credito,Valor estimado de venta de la vivienda - P25,90000000.0,,,,,2698,,ACEPTABLE,"GEIH 2023 (DANE, catalogo ANDA 782)",9 registro(s) excluidos por valor extremo
Villavicencio,50,2023,Ene-Dic (12 meses),vivienda_propia_credito,Valor estimado de venta de la vivienda - P75,244784260.26,,,,,2698,,ACEPTABLE,"GEIH 2023 (DANE, catalogo ANDA 782)",9 registro(s) excluidos por valor extremo
Villavicencio,50,2023,Ene-Dic (12 meses),vivienda_propia_credito,Valor estimado de venta de la vivienda - mediana,150000000.0,577350.2692,150000000.0000,150000000.0000,0.0292,2698,0.3849,EXCELENTE,"GEIH 2023 (DANE, catalogo ANDA 782)",9 registro(s) excluidos por valor extremo
Villavicencio,50,2023,Ene-Dic (12 meses),vivienda_propia_credito,Valor estimado de venta de la vivienda - promedio,189835022.27,3419603.0634,184028513.1249,197182944.1905,1.0245,2698,1.8014,EXCELENTE,"GEIH 2023 (DANE, catalogo ANDA 782)",9 registro(s) excluidos por valor extremo
Villavicencio,50,2024,Ene-Dic (12 meses),arriendo,Canon de arriendo mensual - P25,400000.0,,,,,4389,,ACEPTABLE,"GEIH 2024 (DANE, catalogo ANDA 819)",9 registro(s) excluidos por valor extremo
Villavicencio,50,2024,Ene-Dic (12 meses),arriendo,Canon de arriendo mensual - P75,700000.0,,,,,4389,,ACEPTABLE,"GEIH 2024 (DANE, catalogo ANDA 819)",9 registro(s) excluidos por valor extremo
Villavicencio,50,2024,Ene-Dic (12 meses),arriendo,Canon de arriendo mensual - mediana,500000.0,1154.7005,500000.0000,500000.0000,0.0464,4389,0.2309,EXCELENTE,"GEIH 2024 (DANE, catalogo ANDA 819)",9 registro(s) excluidos por valor extremo
Villavicencio,50,2024,Ene-Dic (12 meses),arriendo,Canon de arriendo mensual - promedio,605157.76,5789.8934,593468.6149,616915.6379,1.1660,4389,0.9568,EXCELENTE,"GEIH 2024 (DANE, catalogo ANDA 819)",9 registro(s) excluidos por valor extremo
Villavicencio,50,2024,Ene-Dic (12 meses),deficit_habitacional,Deficit habitacional cualitativo,ND - pendiente Fase 2 (ECV),,,,,0,,ND,ECV (fuera de alcance Fase 1),ND - pendiente Fase 2 (ECV): fuente fuera de alcance de Fase 1
Villavicencio,50,2024,Ene-Dic (12 meses),deficit_habitacional,Deficit habitacional cuantitativo,ND - pendiente Fase 2 (ECV),,,,,0,,ND,ECV (fuera de alcance Fase 1),ND - pendiente Fase 2 (ECV): fuente fuera de alcance de Fase 1
Villavicencio,50,2024,Ene-Dic (12 meses),deficit_habitacional,Distribucion por estrato socioeconomico,ND - pendiente Fase 2 (ECV),,,,,0,,ND,ECV (fuera de alcance Fase 1),ND - pendiente Fase 2 (ECV): fuente fuera de alcance de Fase 1
Villavicencio,50,2024,Ene-Dic (12 meses),esfuerzo_financiero,Arrendatarios que destinan >30% del ingreso al arriendo,34.88,,,,,4337,,ACEPTABLE,"Pobreza Monetaria 2024 (DANE, catalogo ANDA 874)",sobrecarga (>30%)
Villavicencio,50,2024,Ene-Dic (12 meses),esfuerzo_financiero,Arrendatarios que destinan >50% del ingreso al arriendo,12.54,,,,,4337,,ACEPTABLE,"Pobreza Monetaria 2024 (DANE, catalogo ANDA 874)",sobrecarga severa (>50%)
Villavicencio,50,2024,Ene-Dic (12 meses),esfuerzo_financiero,Arriendo/ingreso del hogar (mediana),23.78,,,,,4337,,ACEPTABLE,"Pobreza Monetaria 2024 (DANE, catalogo ANDA 874)",Merge con 99.8% de coincidencia
Villavicencio,50,2024,Ene-Dic (12 meses),hacinamiento,Hogares con hacinamiento (>3 personas/cuarto para dormir),1.63,0.1512,1.3403,1.9102,1.1647,8149,9.2963,ACEPTABLE,"GEIH 2024 (DANE, catalogo ANDA 819)","Umbral >3 sobre CUARTOS PARA DORMIR (P5010), no cuartos totales"
Villavicencio,50,2024,Ene-Dic (12 meses),hacinamiento,Hogares con hacinamiento critico NBI (>3 personas/cuarto TOTAL),0.51,,,,,8149,,PRECAUCION,"GEIH 2024 (DANE, catalogo ANDA 819)",Definicion oficial DANE-NBI (cuartos totales incl. sala-comedor)
Villavicencio,50,2024,Ene-Dic (12 meses),hacinamiento,Personas por cuarto para dormir - mediana,1.5,,,,,8149,,ACEPTABLE,"GEIH 2024 (DANE, catalogo ANDA 819)",
Villavicencio,50,2024,Ene-Dic (12 meses),hacinamiento,Personas por cuarto para dormir - promedio,1.52,0.0074,1.5045,1.5337,1.1222,8149,0.4881,EXCELENTE,"GEIH 2024 (DANE, catalogo ANDA 819)",
Villavicencio,50,2024,Ene-Dic (12 meses),ingreso_pobreza,% arrendatarios en pobreza monetaria,25.57,,,,,4398,,ACEPTABLE,"Pobreza Monetaria 2024 (DANE, catalogo ANDA 874)",
Villavicencio,50,2024,Ene-Dic (12 meses),ingreso_pobreza,% hogares no pobres que viven en arriendo,51.79,,,,,6419,,ACEPTABLE,"Pobreza Monetaria 2024 (DANE, catalogo ANDA 874)",
Villavicencio,50,2024,Ene-Dic (12 meses),ingreso_pobreza,% hogares pobres que viven en arriendo,67.36,,,,,1730,,ACEPTABLE,"Pobreza Monetaria 2024 (DANE, catalogo ANDA 874)",
Villavicencio,50,2024,Ene-Dic (12 meses),ingreso_pobreza,% propietarios en pobreza monetaria,10.21,,,,,2456,,ACEPTABLE,"Pobreza Monetaria 2024 (DANE, catalogo ANDA 874)",
Villavicencio,50,2024,Ene-Dic (12 meses),ingreso_pobreza,Brecha de ingreso propietarios vs arrendatarios,46.67,,,,,0,,NO_APLICA,"Pobreza Monetaria 2024 (DANE, catalogo ANDA 874)",(+) = propietarios ganan mas; calculado sobre medianas ponderadas
Villavicencio,50,2024,Ene-Dic (12 meses),ingreso_pobreza,Ingreso mediano hogares arrendatarios,2100000.0,,,,,4346,,ACEPTABLE,"Pobreza Monetaria 2024 (DANE, catalogo ANDA 874)",ingtotug = ingreso total unidad de gasto SIN imputar arriendo
Villavicencio,50,2024,Ene-Dic (12 meses),ingreso_pobreza,Ingreso mediano hogares propietarios,3080000.0,,,,,2432,,ACEPTABLE,"Pobreza Monetaria 2024 (DANE, catalogo ANDA 874)",ingtotug = ingreso total unidad de gasto SIN imputar arriendo
Villavicencio,50,2024,Ene-Dic (12 meses),servicios_publicos,Hogares sin acueducto,4.5,0.2486,4.0382,4.9506,1.1730,8149,5.5293,ACEPTABLE,"GEIH 2024 (DANE, catalogo ANDA 819)",
Villavicencio,50,2024,Ene-Dic (12 meses),servicios_publicos,Hogares sin alcantarillado,6.21,0.2919,5.6405,6.7582,1.1931,8149,4.7038,EXCELENTE,"GEIH 2024 (DANE, catalogo ANDA 819)",
Villavicencio,50,2024,Ene-Dic (12 meses),servicios_publicos,Hogares sin energia electrica,0.05,0.0277,0.0120,0.1136,1.1608,8149,51.3243,NO PUBLICAR,"GEIH 2024 (DANE, catalogo ANDA 819)",
Villavicencio,50,2024,Ene-Dic (12 meses),servicios_publicos,Hogares sin gas natural conectado a red,10.25,0.3795,9.6614,11.0573,1.2755,8149,3.7013,EXCELENTE,"GEIH 2024 (DANE, catalogo ANDA 819)",
Villavicencio,50,2024,Ene-Dic (12 meses),servicios_publicos,Hogares sin recoleccion de basuras,1.12,0.1293,0.8794,1.3597,1.2313,8149,11.5589,ACEPTABLE,"GEIH 2024 (DANE, catalogo ANDA 819)",
Villavicencio,50,2024,Ene-Dic (12 meses),tenencia,Tenencia: En arriendo o subarriendo,55.04,0.5619,54.0248,56.1603,1.0396,4398,1.0208,EXCELENTE,"GEIH 2024 (DANE, catalogo ANDA 819)",
Villavicencio,50,2024,Ene-Dic (12 meses),tenencia,Tenencia: En usufructo,12.4,0.3363,11.7339,13.0378,0.8489,1036,2.7133,EXCELENTE,"GEIH 2024 (DANE, catalogo ANDA 819)",
Villavicencio,50,2024,Ene-Dic (12 meses),tenencia,Tenencia: Otra,0.23,0.0555,0.1287,0.3413,1.1075,19,24.4189,PRECAUCION,"GEIH 2024 (DANE, catalogo ANDA 819)",
Villavicencio,50,2024,Ene-Dic (12 meses),tenencia,Tenencia: Posesion sin titulo,2.86,0.1951,2.4996,3.2596,1.1164,237,6.8207,ACEPTABLE,"GEIH 2024 (DANE, catalogo ANDA 819)",
Villavicencio,50,2024,Ene-Dic (12 meses),tenencia,"Tenencia: Propia, la estan pagando",2.98,0.2024,2.6034,3.4001,1.1542,240,6.7882,ACEPTABLE,"GEIH 2024 (DANE, catalogo ANDA 819)",
Villavicencio,50,2024,Ene-Dic (12 meses),tenencia,"Tenencia: Propia, totalmente pagada",26.46,0.5020,25.5011,27.4706,1.0555,2216,1.8971,EXCELENTE,"GEIH 2024 (DANE, catalogo ANDA 819)",
Villavicencio,50,2024,Ene-Dic (12 meses),tenencia,Tenencia: Propiedad colectiva,0.03,0.0160,0.0000,0.0611,0.7106,3,54.4743,NO PUBLICAR,"GEIH 2024 (DANE, catalogo ANDA 819)",
Villavicencio,50,2024,Ene-Dic (12 meses),tenencia,Tenencia: suma de categorias (control),100.0,,,,,8149,,NO_APLICA,"GEIH 2024 (DANE, catalogo ANDA 819)",Control de auditoria: debe ser 100% +/-0.1pp
Villavicencio,50,2024,Ene-Dic (12 meses),vivienda_propia_credito,Arriendo imputado (estimado) - P25,450000.0,,,,,3739,,ACEPTABLE,"GEIH 2024 (DANE, catalogo ANDA 819)",8 registro(s) excluidos por valor extremo
Villavicencio,50,2024,Ene-Dic (12 meses),vivienda_propia_credito,Arriendo imputado (estimado) - P75,1000000.0,,,,,3739,,ACEPTABLE,"GEIH 2024 (DANE, catalogo ANDA 819)",8 registro(s) excluidos por valor extremo
Villavicencio,50,2024,Ene-Dic (12 meses),vivienda_propia_credito,Arriendo imputado (estimado) - mediana,600000.0,0.0000,600000.0000,600000.0000,0.0000,3739,0.0000,EXCELENTE,"GEIH 2024 (DANE, catalogo ANDA 819)",8 registro(s) excluidos por valor extremo
Villavicencio,50,2024,Ene-Dic (12 meses),vivienda_propia_credito,Arriendo imputado (estimado) - promedio,781466.12,10353.5928,763019.8831,803312.9760,1.2266,3739,1.3249,EXCELENTE,"GEIH 2024 (DANE, catalogo ANDA 819)",8 registro(s) excluidos por valor extremo
Villavicencio,50,2024,Ene-Dic (12 meses),vivienda_propia_credito,Cuota hipotecaria mensual - P25,600000.0,,,,,239,,ACEPTABLE,"GEIH 2024 (DANE, catalogo ANDA 819)",
Villavicencio,50,2024,Ene-Dic (12 meses),vivienda_propia_credito,Cuota hipotecaria mensual - P75,1600000.0,,,,,239,,ACEPTABLE,"GEIH 2024 (DANE, catalogo ANDA 819)",
Villavicencio,50,2024,Ene-Dic (12 meses),vivienda_propia_credito,Cuota hipotecaria mensual - mediana,1000000.0,74231.1102,982143.0345,1200000.0000,1.9575,239,7.4231,ACEPTABLE,"GEIH 2024 (DANE, catalogo ANDA 819)",
Villavicencio,50,2024,Ene-Dic (12 meses),vivienda_propia_credito,Cuota hipotecaria mensual - promedio,1235370.54,56414.1792,1131400.9629,1346525.8617,1.1306,239,4.5666,EXCELENTE,"GEIH 2024 (DANE, catalogo ANDA 819)",
Villavicencio,50,2024,Ene-Dic (12 meses),vivienda_propia_credito,Valor estimado de venta de la vivienda - P25,100000000.0,,,,,2405,,ACEPTABLE,"GEIH 2024 (DANE, catalogo ANDA 819)",10 registro(s) excluidos por valor extremo
Villavicencio,50,2024,Ene-Dic (12 meses),vivienda_propia_credito,Valor estimado de venta de la vivienda - P75,250000000.0,,,,,2405,,ACEPTABLE,"GEIH 2024 (DANE, catalogo ANDA 819)",10 registro(s) excluidos por valor extremo
Villavicencio,50,2024,Ene-Dic (12 meses),vivienda_propia_credito,Valor estimado de venta de la vivienda - mediana,168105086.48,8915660.0467,150000000.0000,180000000.0000,8.0301,2405,5.3036,ACEPTABLE,"GEIH 2024 (DANE, catalogo ANDA 819)",10 registro(s) excluidos por valor extremo
Villavicencio,50,2024,Ene-Dic (12 meses),vivienda_propia_credito,Valor estimado de venta de la vivienda - promedio,206846036.18,3475817.8798,200977290.4925,213433837.2567,1.2205,2405,1.6804,EXCELENTE,"GEIH 2024 (DANE, catalogo ANDA 819)",10 registro(s) excluidos por valor extremo
Villavicencio,50,2025,Ene-Dic (12 meses),arriendo,Canon de arriendo mensual - P25,400000.0,,,,,4712,,ACEPTABLE,"GEIH 2025 (DANE, catalogo ANDA 853)",8 registro(s) excluidos por valor extremo
Villavicencio,50,2025,Ene-Dic (12 meses),arriendo,Canon de arriendo mensual - P75,700000.0,,,,,4712,,ACEPTABLE,"GEIH 2025 (DANE, catalogo ANDA 853)",8 registro(s) excluidos por valor extremo
Villavicencio,50,2025,Ene-Dic (12 meses),arriendo,Canon de arriendo mensual - mediana,530000.0,21182.5100,500000.0000,550000.0000,17.1685,4712,3.9967,EXCELENTE,"GEIH 2025 (DANE, catalogo ANDA 853)",8 registro(s) excluidos por valor extremo
Villavicencio,50,2025,Ene-Dic (12 meses),arriendo,Canon de arriendo mensual - promedio,610003.2,5692.1613,599755.2507,622305.1782,1.2397,4712,0.9331,EXCELENTE,"GEIH 2025 (DANE, catalogo ANDA 853)",8 registro(s) excluidos por valor extremo
Villavicencio,50,2025,Ene-Dic (12 meses),deficit_habitacional,Deficit habitacional cualitativo,ND - pendiente Fase 2 (ECV),,,,,0,,ND,ECV (fuera de alcance Fase 1),ND - pendiente Fase 2 (ECV): fuente fuera de alcance de Fase 1
Villavicencio,50,2025,Ene-Dic (12 meses),deficit_habitacional,Deficit habitacional cuantitativo,ND - pendiente Fase 2 (ECV),,,,,0,,ND,ECV (fuera de alcance Fase 1),ND - pendiente Fase 2 (ECV): fuente fuera de alcance de Fase 1
Villavicencio,50,2025,Ene-Dic (12 meses),deficit_habitacional,Distribucion por estrato socioeconomico,ND - pendiente Fase 2 (ECV),,,,,0,,ND,ECV (fuera de alcance Fase 1),ND - pendiente Fase 2 (ECV): fuente fuera de alcance de Fase 1
Villavicencio,50,2025,Ene-Dic (12 meses),esfuerzo_financiero,Arrendatarios que destinan >30% del ingreso al arriendo,33.24,,,,,4664,,ACEPTABLE,"Pobreza Monetaria 2025 (DANE, catalogo ANDA 908)",sobrecarga (>30%)
Villavicencio,50,2025,Ene-Dic (12 meses),esfuerzo_financiero,Arrendatarios que destinan >50% del ingreso al arriendo,11.84,,,,,4664,,ACEPTABLE,"Pobreza Monetaria 2025 (DANE, catalogo ANDA 908)",sobrecarga severa (>50%)
Villavicencio,50,2025,Ene-Dic (12 meses),esfuerzo_financiero,Arriendo/ingreso del hogar (mediana),23.33,,,,,4664,,ACEPTABLE,"Pobreza Monetaria 2025 (DANE, catalogo ANDA 908)",Merge con 99.8% de coincidencia
Villavicencio,50,2025,Ene-Dic (12 meses),hacinamiento,Hogares con hacinamiento (>3 personas/cuarto para dormir),1.49,0.1479,1.2186,1.7622,1.2575,8440,9.9257,ACEPTABLE,"GEIH 2025 (DANE, catalogo ANDA 853)","Umbral >3 sobre CUARTOS PARA DORMIR (P5010), no cuartos totales"
Villavicencio,50,2025,Ene-Dic (12 meses),hacinamiento,Hogares con hacinamiento critico NBI (>3 personas/cuarto TOTAL),0.29,,,,,8440,,NO PUBLICAR,"GEIH 2025 (DANE, catalogo ANDA 853)",Definicion oficial DANE-NBI (cuartos totales incl. sala-comedor)
Villavicencio,50,2025,Ene-Dic (12 meses),hacinamiento,Personas por cuarto para dormir - mediana,1.5,,,,,8440,,ACEPTABLE,"GEIH 2025 (DANE, catalogo ANDA 853)",
Villavicencio,50,2025,Ene-Dic (12 meses),hacinamiento,Personas por cuarto para dormir - promedio,1.51,0.0070,1.5011,1.5275,1.0833,8440,0.4623,EXCELENTE,"GEIH 2025 (DANE, catalogo ANDA 853)",
Villavicencio,50,2025,Ene-Dic (12 meses),ingreso_pobreza,% arrendatarios en pobreza monetaria,23.38,,,,,4722,,ACEPTABLE,"Pobreza Monetaria 2025 (DANE, catalogo ANDA 908)",
Villavicencio,50,2025,Ene-Dic (12 meses),ingreso_pobreza,% hogares no pobres que viven en arriendo,53.57,,,,,6810,,ACEPTABLE,"Pobreza Monetaria 2025 (DANE, catalogo ANDA 908)",
Villavicencio,50,2025,Ene-Dic (12 meses),ingreso_pobreza,% hogares pobres que viven en arriendo,70.14,,,,,1630,,ACEPTABLE,"Pobreza Monetaria 2025 (DANE, catalogo ANDA 908)",
Villavicencio,50,2025,Ene-Dic (12 meses),ingreso_pobreza,% propietarios en pobreza monetaria,8.17,,,,,2368,,ACEPTABLE,"Pobreza Monetaria 2025 (DANE, catalogo ANDA 908)",
Villavicencio,50,2025,Ene-Dic (12 meses),ingreso_pobreza,Brecha de ingreso propietarios vs arrendatarios,45.62,,,,,0,,NO_APLICA,"Pobreza Monetaria 2025 (DANE, catalogo ANDA 908)",(+) = propietarios ganan mas; calculado sobre medianas ponderadas
Villavicencio,50,2025,Ene-Dic (12 meses),ingreso_pobreza,Ingreso mediano hogares arrendatarios,2200000.0,,,,,4674,,ACEPTABLE,"Pobreza Monetaria 2025 (DANE, catalogo ANDA 908)",ingtotug = ingreso total unidad de gasto SIN imputar arriendo
Villavicencio,50,2025,Ene-Dic (12 meses),ingreso_pobreza,Ingreso mediano hogares propietarios,3203621.2,,,,,2344,,ACEPTABLE,"Pobreza Monetaria 2025 (DANE, catalogo ANDA 908)",ingtotug = ingreso total unidad de gasto SIN imputar arriendo
Villavicencio,50,2025,Ene-Dic (12 meses),servicios_publicos,Hogares sin acueducto,4.64,0.2436,4.1824,5.0917,1.1320,8440,5.2497,ACEPTABLE,"GEIH 2025 (DANE, catalogo ANDA 853)",
Villavicencio,50,2025,Ene-Dic (12 meses),servicios_publicos,Hogares sin alcantarillado,5.84,0.2762,5.2795,6.3850,1.1701,8440,4.7269,EXCELENTE,"GEIH 2025 (DANE, catalogo ANDA 853)",
Villavicencio,50,2025,Ene-Dic (12 meses),servicios_publicos,Hogares sin energia electrica,0.1,0.0348,0.0284,0.1681,1.0505,8440,35.7095,NO PUBLICAR,"GEIH 2025 (DANE, catalogo ANDA 853)",
Villavicencio,50,2025,Ene-Dic (12 meses),servicios_publicos,Hogares sin gas natural conectado a red,11.87,0.3854,11.1062,12.5334,1.1979,8440,3.2458,EXCELENTE,"GEIH 2025 (DANE, catalogo ANDA 853)",
Villavicencio,50,2025,Ene-Dic (12 meses),servicios_publicos,Hogares sin recoleccion de basuras,0.83,0.1024,0.6391,1.0519,1.0800,8440,12.3958,ACEPTABLE,"GEIH 2025 (DANE, catalogo ANDA 853)",
Villavicencio,50,2025,Ene-Dic (12 meses),tenencia,Tenencia: En arriendo o subarriendo,56.7,0.5727,55.5448,57.9024,1.1276,4722,1.0100,EXCELENTE,"GEIH 2025 (DANE, catalogo ANDA 853)",
Villavicencio,50,2025,Ene-Dic (12 meses),tenencia,Tenencia: En usufructo,12.6,0.4061,11.9199,13.4373,1.2637,1081,3.2220,EXCELENTE,"GEIH 2025 (DANE, catalogo ANDA 853)",
Villavicencio,50,2025,Ene-Dic (12 meses),tenencia,Tenencia: Otra,0.29,0.0569,0.1835,0.4040,0.9532,26,19.8004,PRECAUCION,"GEIH 2025 (DANE, catalogo ANDA 853)",
Villavicencio,50,2025,Ene-Dic (12 meses),tenencia,Tenencia: Posesion sin titulo,2.74,0.1922,2.4362,3.1688,1.1716,227,7.0245,ACEPTABLE,"GEIH 2025 (DANE, catalogo ANDA 853)",
Villavicencio,50,2025,Ene-Dic (12 meses),tenencia,"Tenencia: Propia, la estan pagando",3.59,0.2182,3.1294,4.0363,1.1612,272,6.0797,ACEPTABLE,"GEIH 2025 (DANE, catalogo ANDA 853)",
Villavicencio,50,2025,Ene-Dic (12 meses),tenencia,"Tenencia: Propia, totalmente pagada",23.88,0.5129,22.8714,24.9663,1.2215,2096,2.1477,EXCELENTE,"GEIH 2025 (DANE, catalogo ANDA 853)",
Villavicencio,50,2025,Ene-Dic (12 meses),tenencia,Tenencia: Propiedad colectiva,0.2,0.0562,0.1024,0.3213,1.3633,16,28.6955,NO PUBLICAR,"GEIH 2025 (DANE, catalogo ANDA 853)",
Villavicencio,50,2025,Ene-Dic (12 meses),tenencia,Tenencia: suma de categorias (control),100.0,,,,,8440,,NO_APLICA,"GEIH 2025 (DANE, catalogo ANDA 853)",Control de auditoria: debe ser 100% +/-0.1pp
Villavicencio,50,2025,Ene-Dic (12 meses),vivienda_propia_credito,Arriendo imputado (estimado) - P25,500000.0,,,,,3707,,ACEPTABLE,"GEIH 2025 (DANE, catalogo ANDA 853)",7 registro(s) excluidos por valor extremo
Villavicencio,50,2025,Ene-Dic (12 meses),vivienda_propia_credito,Arriendo imputado (estimado) - P75,800000.0,,,,,3707,,ACEPTABLE,"GEIH 2025 (DANE, catalogo ANDA 853)",7 registro(s) excluidos por valor extremo
Villavicencio,50,2025,Ene-Dic (12 meses),vivienda_propia_credito,Arriendo imputado (estimado) - mediana,600000.0,0.0000,600000.0000,600000.0000,0.0000,3707,0.0000,EXCELENTE,"GEIH 2025 (DANE, catalogo ANDA 853)",7 registro(s) excluidos por valor extremo
Villavicencio,50,2025,Ene-Dic (12 meses),vivienda_propia_credito,Arriendo imputado (estimado) - promedio,749471.86,9167.1553,731920.9507,767193.4911,1.2210,3707,1.2231,EXCELENTE,"GEIH 2025 (DANE, catalogo ANDA 853)",7 registro(s) excluidos por valor extremo
Villavicencio,50,2025,Ene-Dic (12 meses),vivienda_propia_credito,Cuota hipotecaria mensual - P25,600000.0,,,,,269,,ACEPTABLE,"GEIH 2025 (DANE, catalogo ANDA 853)",2 registro(s) excluidos por valor extremo
Villavicencio,50,2025,Ene-Dic (12 meses),vivienda_propia_credito,Cuota hipotecaria mensual - P75,1380377.1,,,,,269,,ACEPTABLE,"GEIH 2025 (DANE, catalogo ANDA 853)",2 registro(s) excluidos por valor extremo
Villavicencio,50,2025,Ene-Dic (12 meses),vivienda_propia_credito,Cuota hipotecaria mensual - mediana,980000.0,46542.0998,881566.6401,1000000.0000,0.3985,269,4.7492,EXCELENTE,"GEIH 2025 (DANE, catalogo ANDA 853)",2 registro(s) excluidos por valor extremo
Villavicencio,50,2025,Ene-Dic (12 meses),vivienda_propia_credito,Cuota hipotecaria mensual - promedio,1200056.49,72023.6285,1073009.2584,1356699.2981,0.9542,269,6.0017,ACEPTABLE,"GEIH 2025 (DANE, catalogo ANDA 853)",2 registro(s) excluidos por valor extremo
Villavicencio,50,2025,Ene-Dic (12 meses),vivienda_propia_credito,Valor estimado de venta de la vivienda - P25,100000000.0,,,,,2351,,ACEPTABLE,"GEIH 2025 (DANE, catalogo ANDA 853)",2 registro(s) excluidos por valor extremo
Villavicencio,50,2025,Ene-Dic (12 meses),vivienda_propia_credito,Valor estimado de venta de la vivienda - P75,250000000.0,,,,,2351,,ACEPTABLE,"GEIH 2025 (DANE, catalogo ANDA 853)",2 registro(s) excluidos por valor extremo
Villavicencio,50,2025,Ene-Dic (12 meses),vivienda_propia_credito,Valor estimado de venta de la vivienda - mediana,150000000.0,1886993.6743,150000000.0000,160000000.0000,0.3818,2351,1.2580,EXCELENTE,"GEIH 2025 (DANE, catalogo ANDA 853)",2 registro(s) excluidos por valor extremo
Villavicencio,50,2025,Ene-Dic (12 meses),vivienda_propia_credito,Valor estimado de venta de la vivienda - promedio,196210962.18,3352593.2264,190059505.9325,202864266.1952,1.2051,2351,1.7087,EXCELENTE,"GEIH 2025 (DANE, catalogo ANDA 853)",2 registro(s) excluidos por valor extremo
Villavicencio,50,2026*,Ene-Jun (parcial),arriendo,Canon de arriendo mensual - P25,450000.0,,,,,2252,,ACEPTABLE,"GEIH 2026 Ene-Jun (DANE, catalogo ANDA 900)",3 registro(s) excluidos por valor extremo
Villavicencio,50,2026*,Ene-Jun (parcial),arriendo,Canon de arriendo mensual - P75,850000.0,,,,,2252,,ACEPTABLE,"GEIH 2026 Ene-Jun (DANE, catalogo ANDA 900)",3 registro(s) excluidos por valor extremo
Villavicencio,50,2026*,Ene-Jun (parcial),arriendo,Canon de arriendo mensual - mediana,600000.0,0.0000,600000.0000,600000.0000,0.0000,2252,0.0000,EXCELENTE,"GEIH 2026 Ene-Jun (DANE, catalogo ANDA 900)",3 registro(s) excluidos por valor extremo
Villavicencio,50,2026*,Ene-Jun (parcial),arriendo,Canon de arriendo mensual - promedio,718573.51,9171.4622,700893.6049,737358.4268,1.0930,2252,1.2763,EXCELENTE,"GEIH 2026 Ene-Jun (DANE, catalogo ANDA 900)",3 registro(s) excluidos por valor extremo
Villavicencio,50,2026*,Ene-Jun (parcial),deficit_habitacional,Deficit habitacional cualitativo,ND - pendiente Fase 2 (ECV),,,,,0,,ND,ECV (fuera de alcance Fase 1),ND - pendiente Fase 2 (ECV): fuente fuera de alcance de Fase 1
Villavicencio,50,2026*,Ene-Jun (parcial),deficit_habitacional,Deficit habitacional cuantitativo,ND - pendiente Fase 2 (ECV),,,,,0,,ND,ECV (fuera de alcance Fase 1),ND - pendiente Fase 2 (ECV): fuente fuera de alcance de Fase 1
Villavicencio,50,2026*,Ene-Jun (parcial),deficit_habitacional,Distribucion por estrato socioeconomico,ND - pendiente Fase 2 (ECV),,,,,0,,ND,ECV (fuera de alcance Fase 1),ND - pendiente Fase 2 (ECV): fuente fuera de alcance de Fase 1
Villavicencio,50,2026*,Ene-Jun (parcial),esfuerzo_financiero,Arrendatarios que destinan >30% del ingreso al arriendo,ND,,,,,0,,ND,ND - DANE no publica Pobreza Monetaria 2026,DANE no publica Medicion de Pobreza Monetaria y Desigualdad 2026 (requiere año calendario completo); no se calcula ni se extrapola
Villavicencio,50,2026*,Ene-Jun (parcial),esfuerzo_financiero,Arrendatarios que destinan >50% del ingreso al arriendo,ND,,,,,0,,ND,ND - DANE no publica Pobreza Monetaria 2026,DANE no publica Medicion de Pobreza Monetaria y Desigualdad 2026 (requiere año calendario completo); no se calcula ni se extrapola
Villavicencio,50,2026*,Ene-Jun (parcial),esfuerzo_financiero,Arriendo/ingreso del hogar (mediana),ND,,,,,0,,ND,ND - DANE no publica Pobreza Monetaria 2026,DANE no publica Medicion de Pobreza Monetaria y Desigualdad 2026 (requiere año calendario completo); no se calcula ni se extrapola
Villavicencio,50,2026*,Ene-Jun (parcial),hacinamiento,Hogares con hacinamiento (>3 personas/cuarto para dormir),0.97,0.1803,0.6294,1.2787,1.3853,4104,18.5420,PRECAUCION,"GEIH 2026 Ene-Jun (DANE, catalogo ANDA 900)","Umbral >3 sobre CUARTOS PARA DORMIR (P5010), no cuartos totales"
Villavicencio,50,2026*,Ene-Jun (parcial),hacinamiento,Hogares con hacinamiento critico NBI (>3 personas/cuarto TOTAL),0.2,,,,,4104,,NO PUBLICAR,"GEIH 2026 Ene-Jun (DANE, catalogo ANDA 900)",Definicion oficial DANE-NBI (cuartos totales incl. sala-comedor)
Villavicencio,50,2026*,Ene-Jun (parcial),hacinamiento,Personas por cuarto para dormir - mediana,1.33,,,,,4104,,ACEPTABLE,"GEIH 2026 Ene-Jun (DANE, catalogo ANDA 900)",
Villavicencio,50,2026*,Ene-Jun (parcial),hacinamiento,Personas por cuarto para dormir - promedio,1.48,0.0097,1.4612,1.5006,1.0950,4104,0.6541,EXCELENTE,"GEIH 2026 Ene-Jun (DANE, catalogo ANDA 900)",
Villavicencio,50,2026*,Ene-Jun (parcial),ingreso_pobreza,% arrendatarios en pobreza monetaria,ND,,,,,0,,ND,ND - DANE no publica Pobreza Monetaria 2026,DANE no publica Medicion de Pobreza Monetaria y Desigualdad 2026 (requiere año calendario completo); no se calcula ni se extrapola
Villavicencio,50,2026*,Ene-Jun (parcial),ingreso_pobreza,% hogares no pobres que viven en arriendo,ND,,,,,0,,ND,ND - DANE no publica Pobreza Monetaria 2026,DANE no publica Medicion de Pobreza Monetaria y Desigualdad 2026 (requiere año calendario completo); no se calcula ni se extrapola
Villavicencio,50,2026*,Ene-Jun (parcial),ingreso_pobreza,% hogares pobres que viven en arriendo,ND,,,,,0,,ND,ND - DANE no publica Pobreza Monetaria 2026,DANE no publica Medicion de Pobreza Monetaria y Desigualdad 2026 (requiere año calendario completo); no se calcula ni se extrapola
Villavicencio,50,2026*,Ene-Jun (parcial),ingreso_pobreza,% propietarios en pobreza monetaria,ND,,,,,0,,ND,ND - DANE no publica Pobreza Monetaria 2026,DANE no publica Medicion de Pobreza Monetaria y Desigualdad 2026 (requiere año calendario completo); no se calcula ni se extrapola
Villavicencio,50,2026*,Ene-Jun (parcial),ingreso_pobreza,Brecha de ingreso propietarios vs arrendatarios,ND,,,,,0,,ND,ND - DANE no publica Pobreza Monetaria 2026,DANE no publica Medicion de Pobreza Monetaria y Desigualdad 2026 (requiere año calendario completo); no se calcula ni se extrapola
Villavicencio,50,2026*,Ene-Jun (parcial),ingreso_pobreza,Ingreso mediano hogares arrendatarios,ND,,,,,0,,ND,ND - DANE no publica Pobreza Monetaria 2026,DANE no publica Medicion de Pobreza Monetaria y Desigualdad 2026 (requiere año calendario completo); no se calcula ni se extrapola
Villavicencio,50,2026*,Ene-Jun (parcial),ingreso_pobreza,Ingreso mediano hogares propietarios,ND,,,,,0,,ND,ND - DANE no publica Pobreza Monetaria 2026,DANE no publica Medicion de Pobreza Monetaria y Desigualdad 2026 (requiere año calendario completo); no se calcula ni se extrapola
Villavicencio,50,2026*,Ene-Jun (parcial),servicios_publicos,Hogares sin acueducto,2.75,0.2953,2.2075,3.3905,1.3358,4104,10.7207,ACEPTABLE,"GEIH 2026 Ene-Jun (DANE, catalogo ANDA 900)",
Villavicencio,50,2026*,Ene-Jun (parcial),servicios_publicos,Hogares sin alcantarillado,3.37,0.3241,2.7607,4.0774,1.3231,4104,9.6137,ACEPTABLE,"GEIH 2026 Ene-Jun (DANE, catalogo ANDA 900)",
Villavicencio,50,2026*,Ene-Jun (parcial),servicios_publicos,Hogares sin energia electrica,0.03,0.0265,0.0000,0.0860,1.0115,4104,92.9157,NO PUBLICAR,"GEIH 2026 Ene-Jun (DANE, catalogo ANDA 900)",
Villavicencio,50,2026*,Ene-Jun (parcial),servicios_publicos,Hogares sin gas natural conectado a red,8.31,0.4445,7.4555,9.1193,1.0641,4104,5.3480,ACEPTABLE,"GEIH 2026 Ene-Jun (DANE, catalogo ANDA 900)",
Villavicencio,50,2026*,Ene-Jun (parcial),servicios_publicos,Hogares sin recoleccion de basuras,0.33,0.0942,0.1571,0.5164,1.1169,4104,28.7896,NO PUBLICAR,"GEIH 2026 Ene-Jun (DANE, catalogo ANDA 900)",
Villavicencio,50,2026*,Ene-Jun (parcial),tenencia,Tenencia: En arriendo o subarriendo,55.49,0.7668,53.9974,56.8432,0.9769,2255,1.3819,EXCELENTE,"GEIH 2026 Ene-Jun (DANE, catalogo ANDA 900)",
Villavicencio,50,2026*,Ene-Jun (parcial),tenencia,Tenencia: En usufructo,12.37,0.5264,11.4203,13.4190,1.0488,519,4.2546,EXCELENTE,"GEIH 2026 Ene-Jun (DANE, catalogo ANDA 900)",
Villavicencio,50,2026*,Ene-Jun (parcial),tenencia,Tenencia: Otra,0.28,0.0812,0.1532,0.4624,0.9577,13,28.6635,NO PUBLICAR,"GEIH 2026 Ene-Jun (DANE, catalogo ANDA 900)",
Villavicencio,50,2026*,Ene-Jun (parcial),tenencia,Tenencia: Posesion sin titulo,2.12,0.2399,1.7228,2.6437,1.1398,89,11.3316,ACEPTABLE,"GEIH 2026 Ene-Jun (DANE, catalogo ANDA 900)",
Villavicencio,50,2026*,Ene-Jun (parcial),tenencia,"Tenencia: Propia, la estan pagando",4.62,0.3482,3.9237,5.3961,1.1286,174,7.5318,ACEPTABLE,"GEIH 2026 Ene-Jun (DANE, catalogo ANDA 900)",
Villavicencio,50,2026*,Ene-Jun (parcial),tenencia,"Tenencia: Propia, totalmente pagada",25.03,0.6854,23.7749,26.3791,1.0274,1051,2.7380,EXCELENTE,"GEIH 2026 Ene-Jun (DANE, catalogo ANDA 900)",
Villavicencio,50,2026*,Ene-Jun (parcial),tenencia,Tenencia: Propiedad colectiva,0.08,0.0476,0.0000,0.1873,1.1495,3,58.7472,NO PUBLICAR,"GEIH 2026 Ene-Jun (DANE, catalogo ANDA 900)",
Villavicencio,50,2026*,Ene-Jun (parcial),tenencia,Tenencia: suma de categorias (control),100.0,,,,,4104,,NO_APLICA,"GEIH 2026 Ene-Jun (DANE, catalogo ANDA 900)",Control de auditoria: debe ser 100% +/-0.1pp
Villavicencio,50,2026*,Ene-Jun (parcial),vivienda_propia_credito,Arriendo imputado (estimado) - P25,500000.0,,,,,1842,,ACEPTABLE,"GEIH 2026 Ene-Jun (DANE, catalogo ANDA 900)",6 registro(s) excluidos por valor extremo
Villavicencio,50,2026*,Ene-Jun (parcial),vivienda_propia_credito,Arriendo imputado (estimado) - P75,1200000.0,,,,,1842,,ACEPTABLE,"GEIH 2026 Ene-Jun (DANE, catalogo ANDA 900)",6 registro(s) excluidos por valor extremo
Villavicencio,50,2026*,Ene-Jun (parcial),vivienda_propia_credito,Arriendo imputado (estimado) - mediana,700000.0,24196.9769,700000.0000,800000.0000,2.8705,1842,3.4567,EXCELENTE,"GEIH 2026 Ene-Jun (DANE, catalogo ANDA 900)",6 registro(s) excluidos por valor extremo
Villavicencio,50,2026*,Ene-Jun (parcial),vivienda_propia_credito,Arriendo imputado (estimado) - promedio,905214.54,15415.0189,877012.0337,936781.5874,1.1650,1842,1.7029,EXCELENTE,"GEIH 2026 Ene-Jun (DANE, catalogo ANDA 900)",6 registro(s) excluidos por valor extremo
Villavicencio,50,2026*,Ene-Jun (parcial),vivienda_propia_credito,Cuota hipotecaria mensual - P25,700000.0,,,,,174,,ACEPTABLE,"GEIH 2026 Ene-Jun (DANE, catalogo ANDA 900)",
Villavicencio,50,2026*,Ene-Jun (parcial),vivienda_propia_credito,Cuota hipotecaria mensual - P75,1500000.0,,,,,174,,ACEPTABLE,"GEIH 2026 Ene-Jun (DANE, catalogo ANDA 900)",
Villavicencio,50,2026*,Ene-Jun (parcial),vivienda_propia_credito,Cuota hipotecaria mensual - mediana,1100000.0,74837.1566,910000.0000,1200000.0000,1.4056,174,6.8034,ACEPTABLE,"GEIH 2026 Ene-Jun (DANE, catalogo ANDA 900)",
Villavicencio,50,2026*,Ene-Jun (parcial),vivienda_propia_credito,Cuota hipotecaria mensual - promedio,1261453.93,56936.4319,1146612.2605,1373661.7949,0.8136,174,4.5136,EXCELENTE,"GEIH 2026 Ene-Jun (DANE, catalogo ANDA 900)",
Villavicencio,50,2026*,Ene-Jun (parcial),vivienda_propia_credito,Valor estimado de venta de la vivienda - P25,120000000.0,,,,,1220,,ACEPTABLE,"GEIH 2026 Ene-Jun (DANE, catalogo ANDA 900)",2 registro(s) excluidos por valor extremo
Villavicencio,50,2026*,Ene-Jun (parcial),vivienda_propia_credito,Valor estimado de venta de la vivienda - P75,280000000.0,,,,,1220,,ACEPTABLE,"GEIH 2026 Ene-Jun (DANE, catalogo ANDA 900)",2 registro(s) excluidos por valor extremo
Villavicencio,50,2026*,Ene-Jun (parcial),vivienda_propia_credito,Valor estimado de venta de la vivienda - mediana,180000000.0,2146151.1837,180000000.0000,185000000.0000,0.2119,1220,1.1923,EXCELENTE,"GEIH 2026 Ene-Jun (DANE, catalogo ANDA 900)",2 registro(s) excluidos por valor extremo
Villavicencio,50,2026*,Ene-Jun (parcial),vivienda_propia_credito,Valor estimado de venta de la vivienda - promedio,220489589.9,4740843.7086,211260332.1203,229521007.5399,1.0338,1220,2.1501,EXCELENTE,"GEIH 2026 Ene-Jun (DANE, catalogo ANDA 900)",2 registro(s) excluidos por valor extremo
