ciudad,anio,indicador,valor_pct,error_estandar,ic95_inf,ic95_sup,deff,n_muestral,cv_pct,etiqueta_confiabilidad,nota
Bogotá D.C.,2023,Deficit habitacional total,10.9624,1.1506,8.7071,13.2176,2.252,1796,10.5,ACEPTABLE,
Bogotá D.C.,2023,Deficit habitacional cuantitativo,0.6226,0.2313,0.1692,1.076,1.436,1796,37.15,NO PUBLICAR,
Bogotá D.C.,2023,Deficit habitacional cualitativo,10.3397,1.0687,8.245,12.4344,2.046,1796,10.34,ACEPTABLE,
Bogotá D.C.,2023,Componente: hacinamiento mitigable,9.0566,0.9728,7.15,10.9633,1.908,1796,10.74,ACEPTABLE,
Bogotá D.C.,2023,Componente: alcantarillado o sanitario inadecuado,0.4612,0.3501,0.0,1.1474,4.434,1796,75.92,NO PUBLICAR,
Bogotá D.C.,2023,Componente: sin acueducto,0.3744,0.3413,0.0,1.0435,5.186,1796,91.16,NO PUBLICAR,
Bogotá D.C.,2023,Componente: lugar inadecuado para cocinar,1.1756,0.2833,0.6204,1.7308,1.147,1796,24.09,PRECAUCION,
Bogotá D.C.,2023,Componente: sin recoleccion de basuras,0.0675,0.0673,0.0,0.1994,1.115,1796,99.73,NO PUBLICAR,
Bogotá D.C.,2023,Paredes en material inadecuado,0.3118,0.1972,0.0,0.6983,2.078,1796,63.25,NO PUBLICAR,
Bogotá D.C.,2023,"Pisos de tierra, arena o barro",0.0919,0.0648,0.0,0.2189,0.76,1796,70.54,NO PUBLICAR,
Bogotá D.C.,2023,Hogares en estrato 1 o 2,46.9783,3.7176,39.6919,54.2647,9.212,1796,7.91,ACEPTABLE,
Bogotá D.C.,2023,Hogares en estrato 3,33.8276,3.4128,27.1386,40.5166,8.639,1796,10.09,ACEPTABLE,
Bogotá D.C.,2023,"Hogares en estrato 4, 5 o 6",18.6717,2.8348,13.1155,24.228,8.787,1796,15.18,PRECAUCION,
Bogotá D.C.,2023,Hogares sin estrato o no informa,0.5224,0.4639,0.0,1.4316,6.875,1796,88.8,NO PUBLICAR,
Medellín A.M.,2023,Deficit habitacional total,12.4797,2.1617,8.2427,16.7166,3.178,868,17.32,PRECAUCION,
Medellín A.M.,2023,Deficit habitacional cuantitativo,0.8949,0.35,0.2089,1.5809,1.026,868,39.11,NO PUBLICAR,
Medellín A.M.,2023,Deficit habitacional cualitativo,11.5848,2.1428,7.385,15.7846,3.33,868,18.5,PRECAUCION,
Medellín A.M.,2023,Componente: hacinamiento mitigable,5.0416,1.0325,3.018,7.0652,1.654,868,20.48,PRECAUCION,
Medellín A.M.,2023,Componente: alcantarillado o sanitario inadecuado,3.739,1.8133,0.1848,7.2931,6.786,868,48.5,NO PUBLICAR,
Medellín A.M.,2023,Componente: sin acueducto,0.0,,0.0,0.4039,,868,,PRECAUCION,sin casos en la muestra; el IC95 llega hasta 0.40%
Medellín A.M.,2023,Componente: lugar inadecuado para cocinar,3.7114,0.7596,2.2226,5.2002,1.199,868,20.47,PRECAUCION,
Medellín A.M.,2023,Componente: sin recoleccion de basuras,0.1632,0.1637,0.0,0.4841,1.221,868,100.29,NO PUBLICAR,
Medellín A.M.,2023,Paredes en material inadecuado,0.3951,0.2508,0.0,0.8867,1.187,868,63.47,NO PUBLICAR,
Medellín A.M.,2023,"Pisos de tierra, arena o barro",0.0,,0.0,0.4039,,868,,PRECAUCION,sin casos en la muestra; el IC95 llega hasta 0.40%
Medellín A.M.,2023,Hogares en estrato 1 o 2,51.5182,5.5141,40.7106,62.3258,9.042,868,10.7,ACEPTABLE,
Medellín A.M.,2023,Hogares en estrato 3,26.5914,4.7551,17.2714,35.9114,8.604,868,17.88,PRECAUCION,
Medellín A.M.,2023,"Hogares en estrato 4, 5 o 6",21.7922,4.4014,13.1656,30.4189,8.443,868,20.2,PRECAUCION,
Medellín A.M.,2023,Hogares sin estrato o no informa,0.0981,0.0982,0.0,0.2906,0.73,868,100.05,NO PUBLICAR,
Cali A.M.,2023,Deficit habitacional total,8.9061,2.1466,4.6989,13.1134,3.438,727,24.1,PRECAUCION,
Cali A.M.,2023,Deficit habitacional cuantitativo,1.2284,0.591,0.0701,2.3868,1.742,727,48.11,NO PUBLICAR,
Cali A.M.,2023,Deficit habitacional cualitativo,7.6777,1.833,4.085,11.2704,2.869,727,23.87,PRECAUCION,
Cali A.M.,2023,Componente: hacinamiento mitigable,5.2434,1.0812,3.1241,7.3626,1.424,727,20.62,PRECAUCION,
Cali A.M.,2023,Componente: alcantarillado o sanitario inadecuado,1.0749,1.0739,0.0,3.1798,6.566,727,99.91,NO PUBLICAR,
Cali A.M.,2023,Componente: sin acueducto,0.417,0.4166,0.0,1.2336,2.531,727,99.91,NO PUBLICAR,
Cali A.M.,2023,Componente: lugar inadecuado para cocinar,1.456,0.6159,0.2488,2.6632,1.601,727,42.3,NO PUBLICAR,
Cali A.M.,2023,Componente: sin recoleccion de basuras,1.6404,1.2792,0.0,4.1475,6.139,727,77.98,NO PUBLICAR,
Cali A.M.,2023,Paredes en material inadecuado,0.9349,0.5401,0.0,1.9935,1.906,727,57.77,NO PUBLICAR,
Cali A.M.,2023,"Pisos de tierra, arena o barro",0.5635,0.563,0.0,1.6671,3.425,727,99.91,NO PUBLICAR,
Cali A.M.,2023,Hogares en estrato 1 o 2,50.847,5.502,40.0631,61.6309,7.332,727,10.82,ACEPTABLE,
Cali A.M.,2023,Hogares en estrato 3,31.6252,5.1034,21.6225,41.6279,7.291,727,16.14,PRECAUCION,
Cali A.M.,2023,"Hogares en estrato 4, 5 o 6",16.8551,3.8334,9.3416,24.3686,6.348,727,22.74,PRECAUCION,
Cali A.M.,2023,Hogares sin estrato o no informa,0.6727,0.4468,0.0,1.5483,1.808,727,66.42,NO PUBLICAR,
Barranquilla A.M.,2023,Deficit habitacional total,22.437,2.4875,17.5616,27.3125,3.094,955,11.09,ACEPTABLE,
Barranquilla A.M.,2023,Deficit habitacional cuantitativo,2.297,0.664,0.9956,3.5983,1.709,955,28.91,NO PUBLICAR,
Barranquilla A.M.,2023,Deficit habitacional cualitativo,20.1401,2.1606,15.9053,24.3749,2.526,955,10.73,ACEPTABLE,
Barranquilla A.M.,2023,Componente: hacinamiento mitigable,16.3381,1.6912,13.0233,19.6529,1.821,955,10.35,ACEPTABLE,
Barranquilla A.M.,2023,Componente: alcantarillado o sanitario inadecuado,2.2995,1.2845,0.0,4.8171,6.39,955,55.86,NO PUBLICAR,
Barranquilla A.M.,2023,Componente: sin acueducto,0.8298,0.6934,0.0,2.189,5.085,955,83.56,NO PUBLICAR,
Barranquilla A.M.,2023,Componente: lugar inadecuado para cocinar,3.1033,1.0906,0.9658,5.2408,3.442,955,35.14,NO PUBLICAR,
Barranquilla A.M.,2023,Componente: sin recoleccion de basuras,1.1486,0.8598,0.0,2.8338,5.665,955,74.85,NO PUBLICAR,
Barranquilla A.M.,2023,Paredes en material inadecuado,0.8445,0.3997,0.0611,1.628,1.66,955,47.33,NO PUBLICAR,
Barranquilla A.M.,2023,"Pisos de tierra, arena o barro",0.6579,0.4251,0.0,1.4911,2.406,955,64.61,NO PUBLICAR,
Barranquilla A.M.,2023,Hogares en estrato 1 o 2,73.6498,3.8664,66.0717,81.2278,6.703,955,5.25,ACEPTABLE,
Barranquilla A.M.,2023,Hogares en estrato 3,13.9266,3.0337,7.9806,19.8726,6.681,955,21.78,PRECAUCION,
Barranquilla A.M.,2023,"Hogares en estrato 4, 5 o 6",12.4236,3.1063,6.3352,18.512,7.717,955,25.0,NO PUBLICAR,
Barranquilla A.M.,2023,Hogares sin estrato o no informa,0.0,,0.0,0.3448,,955,,PRECAUCION,sin casos en la muestra; el IC95 llega hasta 0.34%
Bucaramanga A.M.,2023,Deficit habitacional total,8.3088,1.93,4.526,12.0916,3.4,752,23.23,PRECAUCION,
Bucaramanga A.M.,2023,Deficit habitacional cuantitativo,0.3113,0.1797,0.0,0.6636,0.724,752,57.72,NO PUBLICAR,
Bucaramanga A.M.,2023,Deficit habitacional cualitativo,7.9974,1.9191,4.236,11.7589,3.481,752,24.0,PRECAUCION,
Bucaramanga A.M.,2023,Componente: hacinamiento mitigable,5.2142,1.0003,3.2536,7.1749,1.408,752,19.18,PRECAUCION,
Bucaramanga A.M.,2023,Componente: alcantarillado o sanitario inadecuado,0.3709,0.3698,0.0,1.0958,2.574,752,99.71,NO PUBLICAR,
Bucaramanga A.M.,2023,Componente: sin acueducto,0.2908,0.2897,0.0,0.8586,2.013,752,99.62,NO PUBLICAR,
Bucaramanga A.M.,2023,Componente: lugar inadecuado para cocinar,0.7179,0.3074,0.1153,1.3205,0.922,752,42.82,NO PUBLICAR,
Bucaramanga A.M.,2023,Componente: sin recoleccion de basuras,1.9365,1.5881,0.0,5.0492,9.235,752,82.01,NO PUBLICAR,
Bucaramanga A.M.,2023,Paredes en material inadecuado,0.0,,0.0,0.4314,,752,,PRECAUCION,sin casos en la muestra; el IC95 llega hasta 0.43%
Bucaramanga A.M.,2023,"Pisos de tierra, arena o barro",0.0,,0.0,0.4314,,752,,PRECAUCION,sin casos en la muestra; el IC95 llega hasta 0.43%
Bucaramanga A.M.,2023,Hogares en estrato 1 o 2,45.3566,5.8625,33.8661,56.8472,9.643,752,12.93,ACEPTABLE,
Bucaramanga A.M.,2023,Hogares en estrato 3,31.8524,5.3551,21.3563,42.3484,9.187,752,16.81,PRECAUCION,
Bucaramanga A.M.,2023,"Hogares en estrato 4, 5 o 6",22.791,4.4926,13.9856,31.5964,7.976,752,19.71,PRECAUCION,
Bucaramanga A.M.,2023,Hogares sin estrato o no informa,0.0,,0.0,0.4314,,752,,PRECAUCION,sin casos en la muestra; el IC95 llega hasta 0.43%
Manizales A.M.,2023,Deficit habitacional total,8.5838,1.4989,5.6459,11.5216,1.837,712,17.46,PRECAUCION,
Manizales A.M.,2023,Deficit habitacional cuantitativo,0.5418,0.3205,0.0,1.1701,1.223,712,59.15,NO PUBLICAR,
Manizales A.M.,2023,Deficit habitacional cualitativo,8.0419,1.4084,5.2815,10.8023,1.721,712,17.51,PRECAUCION,
Manizales A.M.,2023,Componente: hacinamiento mitigable,4.6211,1.0249,2.6124,6.6298,1.529,712,22.18,PRECAUCION,
Manizales A.M.,2023,Componente: alcantarillado o sanitario inadecuado,0.4727,0.3489,0.0,1.1565,1.66,712,73.79,NO PUBLICAR,
Manizales A.M.,2023,Componente: sin acueducto,0.4755,0.3512,0.0,1.1638,1.672,712,73.86,NO PUBLICAR,
Manizales A.M.,2023,Componente: lugar inadecuado para cocinar,3.3866,0.9344,1.5552,5.2179,1.712,712,27.59,NO PUBLICAR,
Manizales A.M.,2023,Componente: sin recoleccion de basuras,0.1466,0.1465,0.0,0.4338,0.941,712,99.93,NO PUBLICAR,
Manizales A.M.,2023,Paredes en material inadecuado,0.4229,0.3012,0.0,1.0131,1.382,712,71.22,NO PUBLICAR,
Manizales A.M.,2023,"Pisos de tierra, arena o barro",0.0,,0.0,0.4676,,712,,PRECAUCION,sin casos en la muestra; el IC95 llega hasta 0.47%
Manizales A.M.,2023,Hogares en estrato 1 o 2,32.8998,5.1934,22.7207,43.0789,7.839,712,15.79,PRECAUCION,
Manizales A.M.,2023,Hogares en estrato 3,40.801,5.312,30.3894,51.2126,7.496,712,13.02,ACEPTABLE,
Manizales A.M.,2023,"Hogares en estrato 4, 5 o 6",25.9811,4.8854,16.4058,35.5565,7.963,712,18.8,PRECAUCION,
Manizales A.M.,2023,Hogares sin estrato o no informa,0.318,0.3178,0.0,0.9409,2.044,712,99.93,NO PUBLICAR,
Pereira A.M.,2023,Deficit habitacional total,16.5291,2.4394,11.7479,21.3104,2.682,715,14.76,ACEPTABLE,
Pereira A.M.,2023,Deficit habitacional cuantitativo,2.4589,1.0236,0.4525,4.4652,2.716,715,41.63,NO PUBLICAR,
Pereira A.M.,2023,Deficit habitacional cualitativo,14.0703,2.0435,10.065,18.0756,2.147,715,14.52,ACEPTABLE,
Pereira A.M.,2023,Componente: hacinamiento mitigable,11.0903,1.7403,7.6792,14.5013,1.91,715,15.69,PRECAUCION,
Pereira A.M.,2023,Componente: alcantarillado o sanitario inadecuado,2.0405,1.0007,0.0791,4.0018,3.115,715,49.04,NO PUBLICAR,
Pereira A.M.,2023,Componente: sin acueducto,0.5503,0.4065,0.0,1.3471,1.877,715,73.87,NO PUBLICAR,
Pereira A.M.,2023,Componente: lugar inadecuado para cocinar,0.9855,0.4068,0.1882,1.7827,1.054,715,41.28,NO PUBLICAR,
Pereira A.M.,2023,Componente: sin recoleccion de basuras,0.0573,0.0575,0.0,0.17,0.359,715,100.26,NO PUBLICAR,
Pereira A.M.,2023,Paredes en material inadecuado,1.1451,0.8019,0.0,2.7168,3.532,715,70.03,NO PUBLICAR,
Pereira A.M.,2023,"Pisos de tierra, arena o barro",0.2941,0.2077,0.0,0.7013,0.915,715,70.62,NO PUBLICAR,
Pereira A.M.,2023,Hogares en estrato 1 o 2,52.3615,5.5328,41.5173,63.2057,7.63,715,10.57,ACEPTABLE,
Pereira A.M.,2023,Hogares en estrato 3,23.9205,4.1668,15.7535,32.0875,5.932,715,17.42,PRECAUCION,
Pereira A.M.,2023,"Hogares en estrato 4, 5 o 6",23.1545,4.2961,14.7341,31.575,6.449,715,18.55,PRECAUCION,
Pereira A.M.,2023,Hogares sin estrato o no informa,0.5635,0.343,0.0,1.2358,1.305,715,60.86,NO PUBLICAR,
Cúcuta A.M.,2023,Deficit habitacional total,32.3878,3.0197,26.4692,38.3063,2.958,800,9.32,ACEPTABLE,
Cúcuta A.M.,2023,Deficit habitacional cuantitativo,9.25,1.8434,5.6369,12.863,2.876,800,19.93,PRECAUCION,
Cúcuta A.M.,2023,Deficit habitacional cualitativo,23.1378,2.055,19.11,27.1656,1.687,800,8.88,ACEPTABLE,
Cúcuta A.M.,2023,Componente: hacinamiento mitigable,18.3126,1.5995,15.1776,21.4476,1.215,800,8.73,ACEPTABLE,
Cúcuta A.M.,2023,Componente: alcantarillado o sanitario inadecuado,1.1476,0.7854,0.0,2.687,3.863,800,68.44,NO PUBLICAR,
Cúcuta A.M.,2023,Componente: sin acueducto,0.22,0.2198,0.0,0.6507,1.563,800,99.9,NO PUBLICAR,
Cúcuta A.M.,2023,Componente: lugar inadecuado para cocinar,7.2211,1.3971,4.4828,9.9595,2.07,800,19.35,PRECAUCION,
Cúcuta A.M.,2023,Componente: sin recoleccion de basuras,0.1188,0.1187,0.0,0.3514,0.843,800,99.9,NO PUBLICAR,
Cúcuta A.M.,2023,Paredes en material inadecuado,6.9957,1.7484,3.5689,10.4225,3.338,800,24.99,PRECAUCION,
Cúcuta A.M.,2023,"Pisos de tierra, arena o barro",2.2008,0.7002,0.8284,3.5733,1.618,800,31.82,NO PUBLICAR,
Cúcuta A.M.,2023,Hogares en estrato 1 o 2,72.4585,4.7449,63.1585,81.7585,8.015,800,6.55,ACEPTABLE,
Cúcuta A.M.,2023,Hogares en estrato 3,16.9542,3.916,9.2789,24.6296,7.737,800,23.1,PRECAUCION,
Cúcuta A.M.,2023,"Hogares en estrato 4, 5 o 6",10.4685,3.1769,4.2417,16.6952,7.65,800,30.35,NO PUBLICAR,
Cúcuta A.M.,2023,Hogares sin estrato o no informa,0.1188,0.1187,0.0,0.3514,0.843,800,99.9,NO PUBLICAR,
Ibagué,2023,Deficit habitacional total,9.6297,1.6261,6.4427,12.8168,1.553,569,16.89,PRECAUCION,
Ibagué,2023,Deficit habitacional cuantitativo,1.4098,0.6715,0.0936,2.726,1.658,569,47.63,NO PUBLICAR,
Ibagué,2023,Deficit habitacional cualitativo,8.2199,1.4933,5.2931,11.1467,1.511,569,18.17,PRECAUCION,
Ibagué,2023,Componente: hacinamiento mitigable,6.3936,1.1899,4.0613,8.7258,1.209,569,18.61,PRECAUCION,
Ibagué,2023,Componente: alcantarillado o sanitario inadecuado,0.5179,0.3671,0.0,1.2374,1.336,569,70.87,NO PUBLICAR,
Ibagué,2023,Componente: sin acueducto,0.638,0.3689,0.0,1.3611,1.097,569,57.82,NO PUBLICAR,
Ibagué,2023,Componente: lugar inadecuado para cocinar,1.0981,0.4755,0.1661,2.0301,1.064,569,43.3,NO PUBLICAR,
Ibagué,2023,Componente: sin recoleccion de basuras,0.6623,0.4885,0.0,1.6198,1.854,569,73.76,NO PUBLICAR,
Ibagué,2023,Paredes en material inadecuado,0.9103,0.6146,0.0,2.1148,2.14,569,67.52,NO PUBLICAR,
Ibagué,2023,"Pisos de tierra, arena o barro",0.3749,0.2791,0.0,0.9218,1.066,569,74.44,NO PUBLICAR,
Ibagué,2023,Hogares en estrato 1 o 2,56.3779,5.7795,45.0502,67.7056,6.941,569,10.25,ACEPTABLE,
Ibagué,2023,Hogares en estrato 3,26.3853,4.9174,16.7473,36.0233,6.362,569,18.64,PRECAUCION,
Ibagué,2023,"Hogares en estrato 4, 5 o 6",15.5796,4.2063,7.3352,23.824,6.875,569,27.0,NO PUBLICAR,
Ibagué,2023,Hogares sin estrato o no informa,1.6572,0.5491,0.581,2.7334,0.945,569,33.13,NO PUBLICAR,
Pasto,2023,Deficit habitacional total,7.9532,2.1518,3.7356,12.1708,2.339,434,27.06,NO PUBLICAR,
Pasto,2023,Deficit habitacional cuantitativo,0.0,,0.0,0.8113,,434,,PRECAUCION,sin casos en la muestra; el IC95 llega hasta 0.81%
Pasto,2023,Deficit habitacional cualitativo,7.9532,2.1518,3.7356,12.1708,2.339,434,27.06,NO PUBLICAR,
Pasto,2023,Componente: hacinamiento mitigable,5.1313,1.5371,2.1186,8.144,1.795,434,29.95,NO PUBLICAR,
Pasto,2023,Componente: alcantarillado o sanitario inadecuado,0.0,,0.0,0.8113,,434,,PRECAUCION,sin casos en la muestra; el IC95 llega hasta 0.81%
Pasto,2023,Componente: sin acueducto,0.0,,0.0,0.8113,,434,,PRECAUCION,sin casos en la muestra; el IC95 llega hasta 0.81%
Pasto,2023,Componente: lugar inadecuado para cocinar,3.1142,1.1546,0.8512,5.3772,1.634,434,37.08,NO PUBLICAR,
Pasto,2023,Componente: sin recoleccion de basuras,0.0,,0.0,0.8113,,434,,PRECAUCION,sin casos en la muestra; el IC95 llega hasta 0.81%
Pasto,2023,Paredes en material inadecuado,0.0,,0.0,0.8113,,434,,PRECAUCION,sin casos en la muestra; el IC95 llega hasta 0.81%
Pasto,2023,"Pisos de tierra, arena o barro",0.3158,0.2344,0.0,0.7752,0.646,434,74.24,NO PUBLICAR,
Pasto,2023,Hogares en estrato 1 o 2,61.4892,6.6567,48.442,74.5364,6.92,434,10.83,ACEPTABLE,
Pasto,2023,Hogares en estrato 3,23.7175,5.3508,13.2299,34.205,5.852,434,22.56,PRECAUCION,
Pasto,2023,"Hogares en estrato 4, 5 o 6",13.4962,4.7195,4.246,22.7464,7.055,434,34.97,NO PUBLICAR,
Pasto,2023,Hogares sin estrato o no informa,1.2971,0.8218,0.0,2.9078,1.951,434,63.36,NO PUBLICAR,
Villavicencio,2023,Deficit habitacional total,15.5485,2.8852,9.8936,21.2034,4.347,743,18.56,PRECAUCION,
Villavicencio,2023,Deficit habitacional cuantitativo,0.2773,0.1966,0.0,0.6626,0.958,743,70.9,NO PUBLICAR,
Villavicencio,2023,Deficit habitacional cualitativo,15.2713,2.8505,9.6842,20.8583,4.306,743,18.67,PRECAUCION,
Villavicencio,2023,Componente: hacinamiento mitigable,7.4404,1.145,5.1962,9.6846,1.305,743,15.39,PRECAUCION,
Villavicencio,2023,Componente: alcantarillado o sanitario inadecuado,5.7208,2.1897,1.429,10.0126,6.096,743,38.28,NO PUBLICAR,
Villavicencio,2023,Componente: sin acueducto,3.0167,1.51,0.0572,5.9762,5.344,743,50.05,NO PUBLICAR,
Villavicencio,2023,Componente: lugar inadecuado para cocinar,1.5259,0.4642,0.616,2.4358,0.984,743,30.42,NO PUBLICAR,
Villavicencio,2023,Componente: sin recoleccion de basuras,0.2917,0.2923,0.0,0.8645,2.014,743,100.18,NO PUBLICAR,
Villavicencio,2023,Paredes en material inadecuado,0.1297,0.13,0.0,0.3845,0.896,743,100.3,NO PUBLICAR,
Villavicencio,2023,"Pisos de tierra, arena o barro",0.0985,0.0985,0.0,0.2915,0.676,743,99.97,NO PUBLICAR,
Villavicencio,2023,Hogares en estrato 1 o 2,55.1515,5.6398,44.0975,66.2056,8.818,743,10.23,ACEPTABLE,
Villavicencio,2023,Hogares en estrato 3,33.8483,5.2458,23.5666,44.1301,8.427,743,15.5,PRECAUCION,
Villavicencio,2023,"Hogares en estrato 4, 5 o 6",8.5063,2.7569,3.1029,13.9098,6.696,743,32.41,NO PUBLICAR,
Villavicencio,2023,Hogares sin estrato o no informa,2.4938,1.4899,0.0,5.4139,6.26,743,59.74,NO PUBLICAR,
Montería,2023,Deficit habitacional total,21.4261,3.6094,14.3516,28.5006,3.365,500,16.85,PRECAUCION,
Montería,2023,Deficit habitacional cuantitativo,1.2088,0.4965,0.2356,2.1819,0.898,500,41.08,NO PUBLICAR,
Montería,2023,Deficit habitacional cualitativo,20.2174,3.5037,13.35,27.0847,3.31,500,17.33,PRECAUCION,
Montería,2023,Componente: hacinamiento mitigable,14.0155,2.1728,9.7568,18.2743,1.704,500,15.5,PRECAUCION,
Montería,2023,Componente: alcantarillado o sanitario inadecuado,6.1978,2.8047,0.7007,11.695,5.884,500,45.25,NO PUBLICAR,
Montería,2023,Componente: sin acueducto,0.6928,0.4047,0.0,1.486,1.035,500,58.41,NO PUBLICAR,
Montería,2023,Componente: lugar inadecuado para cocinar,2.5515,0.7706,1.0412,4.0618,1.038,500,30.2,NO PUBLICAR,
Montería,2023,Componente: sin recoleccion de basuras,0.3048,0.305,0.0,0.9026,1.332,500,100.08,NO PUBLICAR,
Montería,2023,Paredes en material inadecuado,0.8672,0.4237,0.0368,1.6975,0.908,500,48.86,NO PUBLICAR,
Montería,2023,"Pisos de tierra, arena o barro",2.8836,1.0025,0.9186,4.8485,1.561,500,34.77,NO PUBLICAR,
Montería,2023,Hogares en estrato 1 o 2,80.394,5.208,70.1864,90.6017,7.483,500,6.48,ACEPTABLE,
Montería,2023,Hogares en estrato 3,6.2375,2.5746,1.1912,11.2838,4.929,500,41.28,NO PUBLICAR,
Montería,2023,"Hogares en estrato 4, 5 o 6",12.8264,4.6585,3.6956,21.9571,8.441,500,36.32,NO PUBLICAR,
Montería,2023,Hogares sin estrato o no informa,0.5421,0.5425,0.0,1.6055,2.374,500,100.08,NO PUBLICAR,
Cartagena,2023,Deficit habitacional total,28.236,3.8978,20.5963,35.8756,5.223,756,13.8,ACEPTABLE,
Cartagena,2023,Deficit habitacional cuantitativo,9.1653,2.8154,3.6471,14.6836,6.632,756,30.72,NO PUBLICAR,
Cartagena,2023,Deficit habitacional cualitativo,19.0706,2.4023,14.362,23.7792,2.605,756,12.6,ACEPTABLE,
Cartagena,2023,Componente: hacinamiento mitigable,14.0792,1.7018,10.7437,17.4146,1.668,756,12.09,ACEPTABLE,
Cartagena,2023,Componente: alcantarillado o sanitario inadecuado,4.3383,1.7041,0.9983,7.6784,4.874,756,39.28,NO PUBLICAR,
Cartagena,2023,Componente: sin acueducto,1.2267,0.5081,0.2309,2.2226,1.484,756,41.42,NO PUBLICAR,
Cartagena,2023,Componente: lugar inadecuado para cocinar,3.5142,0.7721,2.0008,5.0275,1.225,756,21.97,PRECAUCION,
Cartagena,2023,Componente: sin recoleccion de basuras,2.142,1.4566,0.0,4.9969,7.051,756,68.0,NO PUBLICAR,
Cartagena,2023,Paredes en material inadecuado,7.9987,2.7839,2.5423,13.4551,7.336,756,34.8,NO PUBLICAR,
Cartagena,2023,"Pisos de tierra, arena o barro",5.8916,2.2207,1.5389,10.2442,6.196,756,37.69,NO PUBLICAR,
Cartagena,2023,Hogares en estrato 1 o 2,65.4308,5.4358,54.7766,76.085,9.1,756,8.31,ACEPTABLE,
Cartagena,2023,Hogares en estrato 3,18.6105,4.4814,9.8269,27.3941,9.236,756,24.08,PRECAUCION,
Cartagena,2023,"Hogares en estrato 4, 5 o 6",10.5272,3.4972,3.6727,17.3816,9.045,756,33.22,NO PUBLICAR,
Cartagena,2023,Hogares sin estrato o no informa,5.4316,2.6404,0.2565,10.6067,9.454,756,48.61,NO PUBLICAR,
Neiva,2023,Deficit habitacional total,16.4425,3.5514,9.4818,23.4033,4.447,548,21.6,PRECAUCION,
Neiva,2023,Deficit habitacional cuantitativo,4.7084,1.8157,1.1496,8.2672,3.559,548,38.56,NO PUBLICAR,
Neiva,2023,Deficit habitacional cualitativo,11.7341,2.1173,7.5841,15.8841,2.097,548,18.04,PRECAUCION,
Neiva,2023,Componente: hacinamiento mitigable,8.7816,1.6061,5.6336,11.9295,1.56,548,18.29,PRECAUCION,
Neiva,2023,Componente: alcantarillado o sanitario inadecuado,1.1161,0.6628,0.0,2.4152,1.928,548,59.39,NO PUBLICAR,
Neiva,2023,Componente: sin acueducto,0.0,,0.0,0.6193,,548,,PRECAUCION,sin casos en la muestra; el IC95 llega hasta 0.62%
Neiva,2023,Componente: lugar inadecuado para cocinar,2.6493,0.7782,1.124,4.1746,1.137,548,29.37,NO PUBLICAR,
Neiva,2023,Componente: sin recoleccion de basuras,2.126,1.5514,0.0,5.1668,5.603,548,72.97,NO PUBLICAR,
Neiva,2023,Paredes en material inadecuado,3.6922,1.6112,0.5342,6.8503,3.536,548,43.64,NO PUBLICAR,
Neiva,2023,"Pisos de tierra, arena o barro",2.9761,1.8084,0.0,6.5205,5.486,548,60.76,NO PUBLICAR,
Neiva,2023,Hogares en estrato 1 o 2,81.988,4.6642,72.8462,91.1299,7.136,548,5.69,ACEPTABLE,
Neiva,2023,Hogares en estrato 3,10.196,3.5813,3.1766,17.2154,6.785,548,35.12,NO PUBLICAR,
Neiva,2023,"Hogares en estrato 4, 5 o 6",7.2263,3.1219,1.1074,13.3452,7.042,548,43.2,NO PUBLICAR,
Neiva,2023,Hogares sin estrato o no informa,0.5896,0.2882,0.0248,1.1545,0.686,548,48.87,NO PUBLICAR,
Armenia,2023,Deficit habitacional total,8.3429,1.9068,4.6057,12.0802,3.285,757,22.85,PRECAUCION,
Armenia,2023,Deficit habitacional cuantitativo,2.7506,1.1691,0.4592,5.0421,3.53,757,42.5,NO PUBLICAR,
Armenia,2023,Deficit habitacional cualitativo,5.5923,1.0936,3.4487,7.7358,1.565,757,19.56,PRECAUCION,
Armenia,2023,Componente: hacinamiento mitigable,3.9443,0.914,2.1528,5.7358,1.524,757,23.17,PRECAUCION,
Armenia,2023,Componente: alcantarillado o sanitario inadecuado,0.5288,0.3731,0.0,1.26,1.828,757,70.55,NO PUBLICAR,
Armenia,2023,Componente: sin acueducto,0.0,,0.0,0.4342,,757,,PRECAUCION,sin casos en la muestra; el IC95 llega hasta 0.43%
Armenia,2023,Componente: lugar inadecuado para cocinar,1.0369,0.3732,0.3055,1.7684,0.938,757,35.99,NO PUBLICAR,
Armenia,2023,Componente: sin recoleccion de basuras,0.4514,0.3676,0.0,1.1719,2.077,757,81.42,NO PUBLICAR,
Armenia,2023,Paredes en material inadecuado,2.5635,1.0787,0.4493,4.6777,3.219,757,42.08,NO PUBLICAR,
Armenia,2023,"Pisos de tierra, arena o barro",0.0,,0.0,0.4342,,757,,PRECAUCION,sin casos en la muestra; el IC95 llega hasta 0.43%
Armenia,2023,Hogares en estrato 1 o 2,46.063,5.4692,35.3434,56.7826,8.318,757,11.87,ACEPTABLE,
Armenia,2023,Hogares en estrato 3,33.0624,5.0673,23.1306,42.9943,8.016,757,15.33,PRECAUCION,
Armenia,2023,"Hogares en estrato 4, 5 o 6",20.6036,4.5529,11.6799,29.5272,8.755,757,22.1,PRECAUCION,
Armenia,2023,Hogares sin estrato o no informa,0.271,0.1908,0.0,0.6449,0.93,757,70.39,NO PUBLICAR,
Santa Marta,2023,Deficit habitacional total,36.816,5.0169,26.9828,46.6491,5.184,525,13.63,ACEPTABLE,
Santa Marta,2023,Deficit habitacional cuantitativo,4.9535,1.7068,1.6081,8.2989,2.965,525,34.46,NO PUBLICAR,
Santa Marta,2023,Deficit habitacional cualitativo,31.8625,4.2986,23.4373,40.2877,4.078,525,13.49,ACEPTABLE,
Santa Marta,2023,Componente: hacinamiento mitigable,19.4381,2.1929,15.1401,23.7361,1.471,525,11.28,ACEPTABLE,
Santa Marta,2023,Componente: alcantarillado o sanitario inadecuado,16.2832,4.4254,7.6094,24.9569,6.884,525,27.18,NO PUBLICAR,
Santa Marta,2023,Componente: sin acueducto,9.02,3.3875,2.3806,15.6595,6.7,525,37.56,NO PUBLICAR,
Santa Marta,2023,Componente: lugar inadecuado para cocinar,9.8974,2.4222,5.1499,14.645,3.152,525,24.47,PRECAUCION,
Santa Marta,2023,Componente: sin recoleccion de basuras,3.6943,2.0462,0.0,7.7049,5.639,525,55.39,NO PUBLICAR,
Santa Marta,2023,Paredes en material inadecuado,1.6037,1.1404,0.0,3.8388,3.948,525,71.11,NO PUBLICAR,
Santa Marta,2023,"Pisos de tierra, arena o barro",1.4971,1.1542,0.0,3.7593,4.329,525,77.1,NO PUBLICAR,
Santa Marta,2023,Hogares en estrato 1 o 2,64.2977,6.0398,52.4597,76.1358,7.614,525,9.39,ACEPTABLE,
Santa Marta,2023,Hogares en estrato 3,24.2847,4.9881,14.508,34.0615,6.484,525,20.54,PRECAUCION,
Santa Marta,2023,"Hogares en estrato 4, 5 o 6",11.0192,3.6206,3.9229,18.1156,6.406,525,32.86,NO PUBLICAR,
Santa Marta,2023,Hogares sin estrato o no informa,0.3983,0.2819,0.0,0.9509,0.96,525,70.79,NO PUBLICAR,
Sincelejo,2023,Deficit habitacional total,27.1289,3.0715,21.1086,33.1491,2.415,561,11.32,ACEPTABLE,
Sincelejo,2023,Deficit habitacional cuantitativo,4.0532,1.1213,1.8554,6.2511,1.636,561,27.67,NO PUBLICAR,
Sincelejo,2023,Deficit habitacional cualitativo,23.0756,2.692,17.7994,28.3519,2.066,561,11.67,ACEPTABLE,
Sincelejo,2023,Componente: hacinamiento mitigable,16.5293,2.167,12.282,20.7766,1.722,561,13.11,ACEPTABLE,
Sincelejo,2023,Componente: alcantarillado o sanitario inadecuado,2.8424,1.0499,0.7846,4.9002,2.02,561,36.94,NO PUBLICAR,
Sincelejo,2023,Componente: sin acueducto,1.2988,0.6313,0.0615,2.5361,1.573,561,48.6,NO PUBLICAR,
Sincelejo,2023,Componente: lugar inadecuado para cocinar,4.0305,0.8904,2.2853,5.7757,1.037,561,22.09,PRECAUCION,
Sincelejo,2023,Componente: sin recoleccion de basuras,1.2141,0.717,0.0,2.6194,2.169,561,59.06,NO PUBLICAR,
Sincelejo,2023,Paredes en material inadecuado,2.5135,0.8816,0.7856,4.2415,1.605,561,35.07,NO PUBLICAR,
Sincelejo,2023,"Pisos de tierra, arena o barro",6.5598,1.6952,3.2372,9.8824,2.372,561,25.84,NO PUBLICAR,
Sincelejo,2023,Hogares en estrato 1 o 2,88.8696,3.3843,82.2364,95.5028,5.858,561,3.81,EXCELENTE,
Sincelejo,2023,Hogares en estrato 3,6.4473,1.9713,2.5836,10.311,3.26,561,30.57,NO PUBLICAR,
Sincelejo,2023,"Hogares en estrato 4, 5 o 6",4.2672,2.6478,0.0,9.4568,8.683,561,62.05,NO PUBLICAR,
Sincelejo,2023,Hogares sin estrato o no informa,0.4159,0.2886,0.0,0.9815,1.017,561,69.38,NO PUBLICAR,
Valledupar,2023,Deficit habitacional total,22.8082,3.908,15.1486,30.4678,3.735,463,17.13,PRECAUCION,
Valledupar,2023,Deficit habitacional cuantitativo,1.6658,0.7134,0.2675,3.0642,1.338,463,42.83,NO PUBLICAR,
Valledupar,2023,Deficit habitacional cualitativo,21.1424,3.5599,14.165,28.1197,3.273,463,16.84,PRECAUCION,
Valledupar,2023,Componente: hacinamiento mitigable,14.7988,2.1081,10.6669,18.9308,1.518,463,14.25,ACEPTABLE,
Valledupar,2023,Componente: alcantarillado o sanitario inadecuado,5.8947,3.2017,0.0,12.17,7.957,463,54.32,NO PUBLICAR,
Valledupar,2023,Componente: sin acueducto,0.2166,0.2163,0.0,0.6405,0.932,463,99.84,NO PUBLICAR,
Valledupar,2023,Componente: lugar inadecuado para cocinar,7.6953,2.1472,3.4868,11.9038,2.795,463,27.9,NO PUBLICAR,
Valledupar,2023,Componente: sin recoleccion de basuras,1.8738,1.8729,0.0,5.5448,8.215,463,99.95,NO PUBLICAR,
Valledupar,2023,Paredes en material inadecuado,0.8711,0.4996,0.0,1.8502,1.245,463,57.35,NO PUBLICAR,
Valledupar,2023,"Pisos de tierra, arena o barro",2.1349,1.125,0.0,4.34,2.609,463,52.7,NO PUBLICAR,
Valledupar,2023,Hogares en estrato 1 o 2,72.2207,5.9478,60.5631,83.8783,7.593,463,8.24,ACEPTABLE,
Valledupar,2023,Hogares en estrato 3,20.8145,5.3178,10.3916,31.2374,7.388,463,25.55,NO PUBLICAR,
Valledupar,2023,"Hogares en estrato 4, 5 o 6",4.5972,2.4113,0.0,9.3234,5.708,463,52.45,NO PUBLICAR,
Valledupar,2023,Hogares sin estrato o no informa,2.3675,2.1168,0.0,6.5165,8.347,463,89.41,NO PUBLICAR,
Popayán,2023,Deficit habitacional total,12.2001,3.0472,6.2276,18.1726,4.229,541,24.98,PRECAUCION,
Popayán,2023,Deficit habitacional cuantitativo,7.0997,2.7058,1.7964,12.403,5.416,541,38.11,NO PUBLICAR,
Popayán,2023,Deficit habitacional cualitativo,5.1004,1.2032,2.7422,7.4586,1.459,541,23.59,PRECAUCION,
Popayán,2023,Componente: hacinamiento mitigable,3.9178,1.008,1.9422,5.8934,1.317,541,25.73,NO PUBLICAR,
Popayán,2023,Componente: alcantarillado o sanitario inadecuado,1.136,0.6957,0.0,2.4995,2.103,541,61.24,NO PUBLICAR,
Popayán,2023,Componente: sin acueducto,0.3249,0.3227,0.0,0.9574,1.569,541,99.34,NO PUBLICAR,
Popayán,2023,Componente: lugar inadecuado para cocinar,0.5278,0.3013,0.0,1.1184,0.844,541,57.08,NO PUBLICAR,
Popayán,2023,Componente: sin recoleccion de basuras,0.0,,0.0,0.6149,,541,,PRECAUCION,sin casos en la muestra; el IC95 llega hasta 0.61%
Popayán,2023,Paredes en material inadecuado,6.839,2.711,1.5255,12.1526,5.628,541,39.64,NO PUBLICAR,
Popayán,2023,"Pisos de tierra, arena o barro",0.8148,0.4097,0.0118,1.6178,1.013,541,50.28,NO PUBLICAR,
Popayán,2023,Hogares en estrato 1 o 2,55.868,5.934,44.2375,67.4986,6.968,541,10.62,ACEPTABLE,
Popayán,2023,Hogares en estrato 3,22.6404,4.1676,14.4719,30.8089,4.838,541,18.41,PRECAUCION,
Popayán,2023,"Hogares en estrato 4, 5 o 6",21.4916,5.6046,10.5065,32.4766,9.083,541,26.08,NO PUBLICAR,
Popayán,2023,Hogares sin estrato o no informa,0.0,,0.0,0.6149,,541,,PRECAUCION,sin casos en la muestra; el IC95 llega hasta 0.61%
Tunja,2023,Deficit habitacional total,4.1209,1.3177,1.5382,6.7036,1.88,531,31.98,NO PUBLICAR,
Tunja,2023,Deficit habitacional cuantitativo,0.1184,0.119,0.0,0.3516,0.512,531,100.49,NO PUBLICAR,
Tunja,2023,Deficit habitacional cualitativo,4.0025,1.2969,1.4606,6.5445,1.873,531,32.4,NO PUBLICAR,
Tunja,2023,Componente: hacinamiento mitigable,3.7927,1.296,1.2525,6.3329,1.97,531,34.17,NO PUBLICAR,
Tunja,2023,Componente: alcantarillado o sanitario inadecuado,0.2098,0.2088,0.0,0.619,0.891,531,99.49,NO PUBLICAR,
Tunja,2023,Componente: sin acueducto,0.0,,0.0,0.7011,,531,,PRECAUCION,sin casos en la muestra; el IC95 llega hasta 0.70%
Tunja,2023,Componente: lugar inadecuado para cocinar,0.0,,0.0,0.7011,,531,,PRECAUCION,sin casos en la muestra; el IC95 llega hasta 0.70%
Tunja,2023,Componente: sin recoleccion de basuras,0.0,,0.0,0.7011,,531,,PRECAUCION,sin casos en la muestra; el IC95 llega hasta 0.70%
Tunja,2023,Paredes en material inadecuado,0.0,,0.0,0.7011,,531,,PRECAUCION,sin casos en la muestra; el IC95 llega hasta 0.70%
Tunja,2023,"Pisos de tierra, arena o barro",0.0,,0.0,0.7011,,531,,PRECAUCION,sin casos en la muestra; el IC95 llega hasta 0.70%
Tunja,2023,Hogares en estrato 1 o 2,29.1026,6.3153,16.7247,41.4805,8.271,531,21.7,PRECAUCION,
Tunja,2023,Hogares en estrato 3,43.2843,6.4029,30.7346,55.8341,7.146,531,14.79,ACEPTABLE,
Tunja,2023,"Hogares en estrato 4, 5 o 6",27.6131,6.0029,15.8473,39.3788,7.714,531,21.74,PRECAUCION,
Tunja,2023,Hogares sin estrato o no informa,0.0,,0.0,0.7011,,531,,PRECAUCION,sin casos en la muestra; el IC95 llega hasta 0.70%
Riohacha,2023,Deficit habitacional total,45.2125,4.9274,35.5547,54.8702,4.442,491,10.9,ACEPTABLE,
Riohacha,2023,Deficit habitacional cuantitativo,6.6826,1.827,3.1018,10.2635,2.425,491,27.34,NO PUBLICAR,
Riohacha,2023,Deficit habitacional cualitativo,38.5298,4.2553,30.1894,46.8703,3.465,491,11.04,ACEPTABLE,
Riohacha,2023,Componente: hacinamiento mitigable,19.226,2.4902,14.3451,24.1068,1.81,491,12.95,ACEPTABLE,
Riohacha,2023,Componente: alcantarillado o sanitario inadecuado,19.0105,4.375,10.4355,27.5855,5.633,491,23.01,PRECAUCION,
Riohacha,2023,Componente: sin acueducto,3.3309,1.1221,1.1316,5.5302,1.772,491,33.69,NO PUBLICAR,
Riohacha,2023,Componente: lugar inadecuado para cocinar,11.473,1.7537,8.0357,14.9104,1.372,491,15.29,PRECAUCION,
Riohacha,2023,Componente: sin recoleccion de basuras,4.8203,1.8748,1.1457,8.4948,3.471,491,38.89,NO PUBLICAR,
Riohacha,2023,Paredes en material inadecuado,4.1571,1.4722,1.2715,7.0427,2.465,491,35.41,NO PUBLICAR,
Riohacha,2023,"Pisos de tierra, arena o barro",4.0723,1.4474,1.2353,6.9093,2.43,491,35.54,NO PUBLICAR,
Riohacha,2023,Hogares en estrato 1 o 2,88.9351,3.2748,82.5166,95.3537,4.938,491,3.68,EXCELENTE,
Riohacha,2023,Hogares en estrato 3,8.2388,2.7769,2.7962,13.6815,4.622,491,33.7,NO PUBLICAR,
Riohacha,2023,"Hogares en estrato 4, 5 o 6",1.492,1.0698,0.0,3.5887,3.528,491,71.7,NO PUBLICAR,
Riohacha,2023,Hogares sin estrato o no informa,1.3341,0.7208,0.0,2.7469,1.789,491,54.03,NO PUBLICAR,
Florencia,2023,Deficit habitacional total,21.8881,3.4725,15.0819,28.6942,4.217,712,15.86,PRECAUCION,
Florencia,2023,Deficit habitacional cuantitativo,5.9958,1.5901,2.8792,9.1123,2.682,712,26.52,NO PUBLICAR,
Florencia,2023,Deficit habitacional cualitativo,15.8923,2.7036,10.5932,21.1914,3.269,712,17.01,PRECAUCION,
Florencia,2023,Componente: hacinamiento mitigable,7.8865,1.6628,4.6275,11.1455,2.275,712,21.08,PRECAUCION,
Florencia,2023,Componente: alcantarillado o sanitario inadecuado,7.6628,2.3802,2.9977,12.3279,4.787,712,31.06,NO PUBLICAR,
Florencia,2023,Componente: sin acueducto,0.4856,0.3607,0.0,1.1925,1.609,712,74.27,NO PUBLICAR,
Florencia,2023,Componente: lugar inadecuado para cocinar,2.4799,0.9073,0.7017,4.2582,2.035,712,36.58,NO PUBLICAR,
Florencia,2023,Componente: sin recoleccion de basuras,0.2031,0.2038,0.0,0.6025,1.225,712,100.31,NO PUBLICAR,
Florencia,2023,Paredes en material inadecuado,5.4124,1.5059,2.4609,8.3639,2.648,712,27.82,NO PUBLICAR,
Florencia,2023,"Pisos de tierra, arena o barro",3.4516,0.8993,1.689,5.2142,1.451,712,26.05,NO PUBLICAR,
Florencia,2023,Hogares en estrato 1 o 2,94.1898,2.2475,89.7848,98.5948,5.518,712,2.39,EXCELENTE,
Florencia,2023,Hogares en estrato 3,3.3745,1.2464,0.9315,5.8175,2.849,712,36.94,NO PUBLICAR,
Florencia,2023,"Hogares en estrato 4, 5 o 6",1.8392,1.7155,0.0,5.2016,9.746,712,93.27,NO PUBLICAR,
Florencia,2023,Hogares sin estrato o no informa,0.5965,0.3009,0.0067,1.1863,0.913,712,50.45,NO PUBLICAR,
Quibdó,2023,Deficit habitacional total,79.8176,4.7778,70.453,89.1821,6.038,479,5.99,ACEPTABLE,
Quibdó,2023,Deficit habitacional cuantitativo,11.3489,2.7664,5.9268,16.7709,3.241,479,24.38,PRECAUCION,
Quibdó,2023,Deficit habitacional cualitativo,68.4687,4.6737,59.3083,77.6291,4.311,479,6.83,ACEPTABLE,
Quibdó,2023,Componente: hacinamiento mitigable,7.6178,1.8891,3.9152,11.3203,2.16,479,24.8,PRECAUCION,
Quibdó,2023,Componente: alcantarillado o sanitario inadecuado,64.6564,5.0967,54.6669,74.6459,4.843,479,7.88,ACEPTABLE,
Quibdó,2023,Componente: sin acueducto,42.0252,5.8465,30.5661,53.4843,5.977,479,13.91,ACEPTABLE,
Quibdó,2023,Componente: lugar inadecuado para cocinar,2.473,0.7971,0.9108,4.0353,1.122,479,32.23,NO PUBLICAR,
Quibdó,2023,Componente: sin recoleccion de basuras,2.4009,1.5541,0.0,5.447,4.391,479,64.73,NO PUBLICAR,
Quibdó,2023,Paredes en material inadecuado,11.004,2.7543,5.6055,16.4024,3.301,479,25.03,NO PUBLICAR,
Quibdó,2023,"Pisos de tierra, arena o barro",2.4612,0.9126,0.6724,4.2499,1.478,479,37.08,NO PUBLICAR,
Quibdó,2023,Hogares en estrato 1 o 2,96.9386,1.5807,93.8405,100.0,3.587,479,1.63,EXCELENTE,
Quibdó,2023,Hogares en estrato 3,2.5277,1.5517,0.0,5.569,4.164,479,61.39,NO PUBLICAR,
Quibdó,2023,"Hogares en estrato 4, 5 o 6",0.0,,0.0,0.7041,,479,,PRECAUCION,sin casos en la muestra; el IC95 llega hasta 0.70%
Quibdó,2023,Hogares sin estrato o no informa,0.5337,0.3746,0.0,1.268,1.126,479,70.2,NO PUBLICAR,
Bogotá D.C.,2024,Deficit habitacional total,6.9328,0.8933,5.1819,8.6836,1.987,1773,12.89,ACEPTABLE,
Bogotá D.C.,2024,Deficit habitacional cuantitativo,0.4134,0.1799,0.0608,0.7659,1.263,1773,43.52,NO PUBLICAR,
Bogotá D.C.,2024,Deficit habitacional cualitativo,6.5194,0.8888,4.7775,8.2614,2.083,1773,13.63,ACEPTABLE,
Bogotá D.C.,2024,Componente: hacinamiento mitigable,5.4516,0.7418,3.9976,6.9056,1.716,1773,13.61,ACEPTABLE,
Bogotá D.C.,2024,Componente: alcantarillado o sanitario inadecuado,0.4257,0.4264,0.0,1.2614,6.892,1773,100.16,NO PUBLICAR,
Bogotá D.C.,2024,Componente: sin acueducto,0.0465,0.0465,0.0,0.1376,0.746,1773,99.9,NO PUBLICAR,
Bogotá D.C.,2024,Componente: lugar inadecuado para cocinar,0.3903,0.1663,0.0644,0.7163,1.143,1773,42.6,NO PUBLICAR,
Bogotá D.C.,2024,Componente: sin recoleccion de basuras,0.1707,0.1705,0.0,0.505,2.742,1773,99.9,NO PUBLICAR,
Bogotá D.C.,2024,Paredes en material inadecuado,0.1346,0.0782,0.0,0.2878,0.731,1773,58.09,NO PUBLICAR,
Bogotá D.C.,2024,"Pisos de tierra, arena o barro",0.0882,0.0623,0.0,0.2103,0.707,1773,70.58,NO PUBLICAR,
Bogotá D.C.,2024,Hogares en estrato 1 o 2,49.0332,3.7754,41.6333,56.433,9.165,1773,7.7,ACEPTABLE,
Bogotá D.C.,2024,Hogares en estrato 3,30.3298,3.4171,23.6322,37.0274,8.879,1773,11.27,ACEPTABLE,
Bogotá D.C.,2024,"Hogares en estrato 4, 5 o 6",20.3977,3.0092,14.4996,26.2957,8.961,1773,14.75,ACEPTABLE,
Bogotá D.C.,2024,Hogares sin estrato o no informa,0.2394,0.1403,0.0,0.5143,1.324,1773,58.59,NO PUBLICAR,
Medellín A.M.,2024,Deficit habitacional total,12.9317,2.2516,8.5185,17.3449,3.414,824,17.41,PRECAUCION,
Medellín A.M.,2024,Deficit habitacional cuantitativo,0.7439,0.3815,0.0,1.4916,1.495,824,51.29,NO PUBLICAR,
Medellín A.M.,2024,Deficit habitacional cualitativo,12.1878,2.0932,8.0851,16.2904,3.104,824,17.17,PRECAUCION,
Medellín A.M.,2024,Componente: hacinamiento mitigable,6.2947,1.0547,4.2275,8.3618,1.43,824,16.76,PRECAUCION,
Medellín A.M.,2024,Componente: alcantarillado o sanitario inadecuado,4.5234,1.8913,0.8164,8.2304,6.279,824,41.81,NO PUBLICAR,
Medellín A.M.,2024,Componente: sin acueducto,0.0,,0.0,0.3957,,824,,PRECAUCION,sin casos en la muestra; el IC95 llega hasta 0.40%
Medellín A.M.,2024,Componente: lugar inadecuado para cocinar,2.5411,0.6247,1.3167,3.7654,1.195,824,24.58,PRECAUCION,
Medellín A.M.,2024,Componente: sin recoleccion de basuras,0.0,,0.0,0.3957,,824,,PRECAUCION,sin casos en la muestra; el IC95 llega hasta 0.40%
Medellín A.M.,2024,Paredes en material inadecuado,0.2405,0.2407,0.0,0.7123,1.832,824,100.12,NO PUBLICAR,
Medellín A.M.,2024,"Pisos de tierra, arena o barro",0.0,,0.0,0.3957,,824,,PRECAUCION,sin casos en la muestra; el IC95 llega hasta 0.40%
Medellín A.M.,2024,Hogares en estrato 1 o 2,51.8378,5.2788,41.4913,62.1843,8.462,824,10.18,ACEPTABLE,
Medellín A.M.,2024,Hogares en estrato 3,26.5701,4.6351,17.4853,35.6548,8.348,824,17.44,PRECAUCION,
Medellín A.M.,2024,"Hogares en estrato 4, 5 o 6",20.9749,4.2958,12.5552,29.3947,8.44,824,20.48,PRECAUCION,
Medellín A.M.,2024,Hogares sin estrato o no informa,0.6172,0.3076,0.0144,1.22,1.169,824,49.83,NO PUBLICAR,
Cali A.M.,2024,Deficit habitacional total,11.1915,2.0551,7.1635,15.2195,2.997,789,18.36,PRECAUCION,
Cali A.M.,2024,Deficit habitacional cuantitativo,1.1739,0.4245,0.3418,2.0059,1.096,789,36.16,NO PUBLICAR,
Cali A.M.,2024,Deficit habitacional cualitativo,10.0176,1.9376,6.2198,13.8153,2.938,789,19.34,PRECAUCION,
Cali A.M.,2024,Componente: hacinamiento mitigable,6.5454,1.1216,4.347,8.7437,1.451,789,17.14,PRECAUCION,
Cali A.M.,2024,Componente: alcantarillado o sanitario inadecuado,2.6848,1.5478,0.0,5.7185,6.467,789,57.65,NO PUBLICAR,
Cali A.M.,2024,Componente: sin acueducto,0.4055,0.404,0.0,1.1974,2.85,789,99.62,NO PUBLICAR,
Cali A.M.,2024,Componente: lugar inadecuado para cocinar,0.7849,0.3479,0.1029,1.4668,1.097,789,44.33,NO PUBLICAR,
Cali A.M.,2024,Componente: sin recoleccion de basuras,0.0,,0.0,0.4253,,789,,PRECAUCION,sin casos en la muestra; el IC95 llega hasta 0.43%
Cali A.M.,2024,Paredes en material inadecuado,0.1902,0.1396,0.0,0.4638,0.724,789,73.39,NO PUBLICAR,
Cali A.M.,2024,"Pisos de tierra, arena o barro",0.1101,0.1098,0.0,0.3253,0.773,789,99.73,NO PUBLICAR,
Cali A.M.,2024,Hogares en estrato 1 o 2,53.183,5.3995,42.6,63.766,8.259,789,10.15,ACEPTABLE,
Cali A.M.,2024,Hogares en estrato 3,29.8011,4.9197,20.1585,39.4436,8.16,789,16.51,PRECAUCION,
Cali A.M.,2024,"Hogares en estrato 4, 5 o 6",16.5993,3.8597,9.0343,24.1644,7.59,789,23.25,PRECAUCION,
Cali A.M.,2024,Hogares sin estrato o no informa,0.4166,0.2522,0.0,0.9108,1.081,789,60.53,NO PUBLICAR,
Barranquilla A.M.,2024,Deficit habitacional total,20.8902,2.9073,15.192,26.5885,4.117,920,13.92,ACEPTABLE,
Barranquilla A.M.,2024,Deficit habitacional cuantitativo,1.2517,0.476,0.3188,2.1846,1.475,920,38.03,NO PUBLICAR,
Barranquilla A.M.,2024,Deficit habitacional cualitativo,19.6386,2.6811,14.3837,24.8934,3.666,920,13.65,ACEPTABLE,
Barranquilla A.M.,2024,Componente: hacinamiento mitigable,13.8499,1.5609,10.7905,16.9094,1.644,920,11.27,ACEPTABLE,
Barranquilla A.M.,2024,Componente: alcantarillado o sanitario inadecuado,6.9777,2.6313,1.8203,12.135,8.587,920,37.71,NO PUBLICAR,
Barranquilla A.M.,2024,Componente: sin acueducto,0.1955,0.1412,0.0,0.4723,0.823,920,72.26,NO PUBLICAR,
Barranquilla A.M.,2024,Componente: lugar inadecuado para cocinar,2.2404,0.9042,0.4681,4.0127,3.005,920,40.36,NO PUBLICAR,
Barranquilla A.M.,2024,Componente: sin recoleccion de basuras,1.0743,0.7961,0.0,2.6347,4.801,920,74.11,NO PUBLICAR,
Barranquilla A.M.,2024,Paredes en material inadecuado,0.5906,0.3125,0.0,1.2032,1.339,920,52.91,NO PUBLICAR,
Barranquilla A.M.,2024,"Pisos de tierra, arena o barro",0.4404,0.2586,0.0,0.9473,1.228,920,58.73,NO PUBLICAR,
Barranquilla A.M.,2024,Hogares en estrato 1 o 2,70.1196,4.0914,62.1006,78.1387,6.431,920,5.83,ACEPTABLE,
Barranquilla A.M.,2024,Hogares en estrato 3,16.8533,3.3533,10.2808,23.4257,6.459,920,19.9,PRECAUCION,
Barranquilla A.M.,2024,"Hogares en estrato 4, 5 o 6",12.2299,2.8684,6.6078,17.8521,6.17,920,23.45,PRECAUCION,
Barranquilla A.M.,2024,Hogares sin estrato o no informa,0.7972,0.5101,0.0,1.797,2.649,920,63.99,NO PUBLICAR,
Bucaramanga A.M.,2024,Deficit habitacional total,8.0069,1.8081,4.463,11.5509,2.908,739,22.58,PRECAUCION,
Bucaramanga A.M.,2024,Deficit habitacional cuantitativo,0.6698,0.4178,0.0,1.4886,1.719,739,62.37,NO PUBLICAR,
Bucaramanga A.M.,2024,Deficit habitacional cualitativo,7.3371,1.7328,3.9409,10.7334,2.894,739,23.62,PRECAUCION,
Bucaramanga A.M.,2024,Componente: hacinamiento mitigable,5.736,1.2132,3.3581,8.1139,1.784,739,21.15,PRECAUCION,
Bucaramanga A.M.,2024,Componente: alcantarillado o sanitario inadecuado,1.3781,1.3729,0.0,4.069,9.088,739,99.63,NO PUBLICAR,
Bucaramanga A.M.,2024,Componente: sin acueducto,0.2619,0.261,0.0,0.7734,1.708,739,99.63,NO PUBLICAR,
Bucaramanga A.M.,2024,Componente: lugar inadecuado para cocinar,0.1234,0.1237,0.0,0.3658,0.814,739,100.28,NO PUBLICAR,
Bucaramanga A.M.,2024,Componente: sin recoleccion de basuras,0.4998,0.498,0.0,1.4758,3.267,739,99.63,NO PUBLICAR,
Bucaramanga A.M.,2024,Paredes en material inadecuado,0.3601,0.3596,0.0,1.0649,2.362,739,99.88,NO PUBLICAR,
Bucaramanga A.M.,2024,"Pisos de tierra, arena o barro",0.0997,0.0995,0.0,0.2946,0.651,739,99.78,NO PUBLICAR,
Bucaramanga A.M.,2024,Hogares en estrato 1 o 2,45.3894,5.7624,34.0952,56.6836,8.778,739,12.7,ACEPTABLE,
Bucaramanga A.M.,2024,Hogares en estrato 3,31.6152,5.2753,21.2756,41.9547,8.434,739,16.69,PRECAUCION,
Bucaramanga A.M.,2024,"Hogares en estrato 4, 5 o 6",22.9954,4.5318,14.113,31.8779,7.6,739,19.71,PRECAUCION,
Bucaramanga A.M.,2024,Hogares sin estrato o no informa,0.0,,0.0,0.4578,,739,,PRECAUCION,sin casos en la muestra; el IC95 llega hasta 0.46%
Manizales A.M.,2024,Deficit habitacional total,8.632,2.1299,4.4574,12.8066,3.795,737,24.67,PRECAUCION,
Manizales A.M.,2024,Deficit habitacional cuantitativo,0.4541,0.2397,0.0,0.9239,0.838,737,52.78,NO PUBLICAR,
Manizales A.M.,2024,Deficit habitacional cualitativo,8.1779,2.116,4.0305,12.3253,3.934,737,25.87,NO PUBLICAR,
Manizales A.M.,2024,Componente: hacinamiento mitigable,5.2012,1.0828,3.0788,7.3235,1.569,737,20.82,PRECAUCION,
Manizales A.M.,2024,Componente: alcantarillado o sanitario inadecuado,2.0258,1.9059,0.0,5.7613,12.074,737,94.08,NO PUBLICAR,
Manizales A.M.,2024,Componente: sin acueducto,0.0,,0.0,0.4547,,737,,PRECAUCION,sin casos en la muestra; el IC95 llega hasta 0.45%
Manizales A.M.,2024,Componente: lugar inadecuado para cocinar,0.951,0.4394,0.0897,1.8122,1.352,737,46.21,NO PUBLICAR,
Manizales A.M.,2024,Componente: sin recoleccion de basuras,0.0,,0.0,0.4547,,737,,PRECAUCION,sin casos en la muestra; el IC95 llega hasta 0.45%
Manizales A.M.,2024,Paredes en material inadecuado,0.3301,0.2076,0.0,0.7369,0.864,737,62.89,NO PUBLICAR,
Manizales A.M.,2024,"Pisos de tierra, arena o barro",0.0,,0.0,0.4547,,737,,PRECAUCION,sin casos en la muestra; el IC95 llega hasta 0.45%
Manizales A.M.,2024,Hogares en estrato 1 o 2,27.3909,4.9362,17.716,37.0657,8.083,737,18.02,PRECAUCION,
Manizales A.M.,2024,Hogares en estrato 3,45.1366,5.3811,34.5896,55.6836,7.715,737,11.92,ACEPTABLE,
Manizales A.M.,2024,"Hogares en estrato 4, 5 o 6",27.4725,5.1741,17.3312,37.6139,8.865,737,18.83,PRECAUCION,
Manizales A.M.,2024,Hogares sin estrato o no informa,0.0,,0.0,0.4547,,737,,PRECAUCION,sin casos en la muestra; el IC95 llega hasta 0.45%
Pereira A.M.,2024,Deficit habitacional total,11.2674,2.7265,5.9235,16.6114,4.857,746,24.2,PRECAUCION,
Pereira A.M.,2024,Deficit habitacional cuantitativo,3.1619,2.1032,0.0,7.2842,9.437,746,66.52,NO PUBLICAR,
Pereira A.M.,2024,Deficit habitacional cualitativo,8.1056,1.6979,4.7777,11.4334,2.528,746,20.95,PRECAUCION,
Pereira A.M.,2024,Componente: hacinamiento mitigable,4.8701,0.9455,3.017,6.7232,1.26,746,19.41,PRECAUCION,
Pereira A.M.,2024,Componente: alcantarillado o sanitario inadecuado,2.0532,1.415,0.0,4.8267,6.504,746,68.92,NO PUBLICAR,
Pereira A.M.,2024,Componente: sin acueducto,0.0,,0.0,0.4593,,746,,PRECAUCION,sin casos en la muestra; el IC95 llega hasta 0.46%
Pereira A.M.,2024,Componente: lugar inadecuado para cocinar,2.4912,0.7671,0.9876,3.9947,1.582,746,30.79,NO PUBLICAR,
Pereira A.M.,2024,Componente: sin recoleccion de basuras,0.0,,0.0,0.4593,,746,,PRECAUCION,sin casos en la muestra; el IC95 llega hasta 0.46%
Pereira A.M.,2024,Paredes en material inadecuado,2.9637,2.1011,0.0,7.0818,10.027,746,70.9,NO PUBLICAR,
Pereira A.M.,2024,"Pisos de tierra, arena o barro",0.0,,0.0,0.4593,,746,,PRECAUCION,sin casos en la muestra; el IC95 llega hasta 0.46%
Pereira A.M.,2024,Hogares en estrato 1 o 2,53.1951,5.4723,42.4694,63.9208,7.857,746,10.29,ACEPTABLE,
Pereira A.M.,2024,Hogares en estrato 3,22.6585,3.7989,15.2127,30.1042,5.379,746,16.77,PRECAUCION,
Pereira A.M.,2024,"Hogares en estrato 4, 5 o 6",23.8997,4.3139,15.4445,32.355,6.684,746,18.05,PRECAUCION,
Pereira A.M.,2024,Hogares sin estrato o no informa,0.2467,0.1443,0.0,0.5295,0.552,746,58.47,NO PUBLICAR,
Cúcuta A.M.,2024,Deficit habitacional total,19.1367,2.4054,14.4221,23.8512,2.482,788,12.57,ACEPTABLE,
Cúcuta A.M.,2024,Deficit habitacional cuantitativo,4.9958,1.3362,2.3768,7.6148,2.497,788,26.75,NO PUBLICAR,
Cúcuta A.M.,2024,Deficit habitacional cualitativo,14.1409,1.8482,10.5185,17.7633,1.868,788,13.07,ACEPTABLE,
Cúcuta A.M.,2024,Componente: hacinamiento mitigable,12.5992,1.6229,9.4183,15.7801,1.588,788,12.88,ACEPTABLE,
Cúcuta A.M.,2024,Componente: alcantarillado o sanitario inadecuado,0.7036,0.7045,0.0,2.0844,4.716,788,100.13,NO PUBLICAR,
Cúcuta A.M.,2024,Componente: sin acueducto,0.1717,0.1721,0.0,0.5091,1.147,788,100.24,NO PUBLICAR,
Cúcuta A.M.,2024,Componente: lugar inadecuado para cocinar,1.6169,0.5892,0.4621,2.7717,1.449,788,36.44,NO PUBLICAR,
Cúcuta A.M.,2024,Componente: sin recoleccion de basuras,0.5047,0.5053,0.0,1.4951,3.376,788,100.13,NO PUBLICAR,
Cúcuta A.M.,2024,Paredes en material inadecuado,4.164,1.3113,1.5938,6.7342,2.86,788,31.49,NO PUBLICAR,
Cúcuta A.M.,2024,"Pisos de tierra, arena o barro",2.96,1.1877,0.6321,5.2879,3.26,788,40.13,NO PUBLICAR,
Cúcuta A.M.,2024,Hogares en estrato 1 o 2,74.2713,4.6989,65.0614,83.4811,7.67,788,6.33,ACEPTABLE,
Cúcuta A.M.,2024,Hogares en estrato 3,18.0683,4.0283,10.1729,25.9638,7.277,788,22.29,PRECAUCION,
Cúcuta A.M.,2024,"Hogares en estrato 4, 5 o 6",7.6604,2.509,2.7427,12.5781,5.908,788,32.75,NO PUBLICAR,
Cúcuta A.M.,2024,Hogares sin estrato o no informa,0.0,,0.0,0.4519,,788,,PRECAUCION,sin casos en la muestra; el IC95 llega hasta 0.45%
Ibagué,2024,Deficit habitacional total,8.635,1.9055,4.9002,12.3699,2.849,665,22.07,PRECAUCION,
Ibagué,2024,Deficit habitacional cuantitativo,1.1531,0.7507,0.0,2.6244,3.061,665,65.1,NO PUBLICAR,
Ibagué,2024,Deficit habitacional cualitativo,7.482,1.7756,4.0019,10.9621,2.82,665,23.73,PRECAUCION,
Ibagué,2024,Componente: hacinamiento mitigable,4.5541,0.9867,2.6202,6.4879,1.387,665,21.67,PRECAUCION,
Ibagué,2024,Componente: alcantarillado o sanitario inadecuado,1.9258,1.3269,0.0,4.5264,5.771,665,68.9,NO PUBLICAR,
Ibagué,2024,Componente: sin acueducto,0.1099,0.1099,0.0,0.3252,0.681,665,100.02,NO PUBLICAR,
Ibagué,2024,Componente: lugar inadecuado para cocinar,1.0671,0.3896,0.3036,1.8307,0.89,665,36.51,NO PUBLICAR,
Ibagué,2024,Componente: sin recoleccion de basuras,1.1376,0.751,0.0,2.6095,3.104,665,66.01,NO PUBLICAR,
Ibagué,2024,Paredes en material inadecuado,0.9607,0.7314,0.0,2.3944,3.481,665,76.13,NO PUBLICAR,
Ibagué,2024,"Pisos de tierra, arena o barro",0.6835,0.4885,0.0,1.641,2.176,665,71.47,NO PUBLICAR,
Ibagué,2024,Hogares en estrato 1 o 2,59.2743,5.8546,47.7992,70.7494,8.791,665,9.88,ACEPTABLE,
Ibagué,2024,Hogares en estrato 3,24.5193,4.8892,14.9365,34.102,7.996,665,19.94,PRECAUCION,
Ibagué,2024,"Hogares en estrato 4, 5 o 6",15.7851,4.3871,7.1865,24.3838,8.963,665,27.79,NO PUBLICAR,
Ibagué,2024,Hogares sin estrato o no informa,0.4213,0.2441,0.0,0.8998,0.879,665,57.94,NO PUBLICAR,
Pasto,2024,Deficit habitacional total,12.4859,2.9651,6.6743,18.2975,3.763,518,23.75,PRECAUCION,
Pasto,2024,Deficit habitacional cuantitativo,1.7879,1.0045,0.0,3.7568,2.687,518,56.18,NO PUBLICAR,
Pasto,2024,Deficit habitacional cualitativo,10.698,2.756,5.2963,16.0997,3.718,518,25.76,NO PUBLICAR,
Pasto,2024,Componente: hacinamiento mitigable,6.7036,1.9838,2.8153,10.5919,2.943,518,29.59,NO PUBLICAR,
Pasto,2024,Componente: alcantarillado o sanitario inadecuado,0.0,,0.0,0.6415,,518,,PRECAUCION,sin casos en la muestra; el IC95 llega hasta 0.64%
Pasto,2024,Componente: sin acueducto,0.0,,0.0,0.6415,,518,,PRECAUCION,sin casos en la muestra; el IC95 llega hasta 0.64%
Pasto,2024,Componente: lugar inadecuado para cocinar,3.9951,1.5379,0.9809,7.0093,2.884,518,38.49,NO PUBLICAR,
Pasto,2024,Componente: sin recoleccion de basuras,0.0,,0.0,0.6415,,518,,PRECAUCION,sin casos en la muestra; el IC95 llega hasta 0.64%
Pasto,2024,Paredes en material inadecuado,1.2297,0.883,0.0,2.9604,3.002,518,71.8,NO PUBLICAR,
Pasto,2024,"Pisos de tierra, arena o barro",1.3867,0.9996,0.0,3.3459,3.417,518,72.08,NO PUBLICAR,
Pasto,2024,Hogares en estrato 1 o 2,66.6634,6.4252,54.0699,79.2569,8.688,518,9.64,ACEPTABLE,
Pasto,2024,Hogares en estrato 3,21.3565,5.2267,11.1123,31.6008,7.607,518,24.47,PRECAUCION,
Pasto,2024,"Hogares en estrato 4, 5 o 6",11.9801,4.3813,3.3928,20.5674,8.513,518,36.57,NO PUBLICAR,
Pasto,2024,Hogares sin estrato o no informa,0.0,,0.0,0.6415,,518,,PRECAUCION,sin casos en la muestra; el IC95 llega hasta 0.64%
Villavicencio,2024,Deficit habitacional total,15.6981,2.2239,11.3392,20.057,2.397,710,14.17,ACEPTABLE,
Villavicencio,2024,Deficit habitacional cuantitativo,0.9776,0.3962,0.201,1.7542,1.04,710,40.53,NO PUBLICAR,
Villavicencio,2024,Deficit habitacional cualitativo,14.7205,2.1501,10.5062,18.9347,2.362,710,14.61,ACEPTABLE,
Villavicencio,2024,Componente: hacinamiento mitigable,8.4124,1.4785,5.5145,11.3104,1.82,710,17.58,PRECAUCION,
Villavicencio,2024,Componente: alcantarillado o sanitario inadecuado,2.901,1.2728,0.4063,5.3957,3.689,710,43.87,NO PUBLICAR,
Villavicencio,2024,Componente: sin acueducto,1.2799,0.6965,0.0,2.6451,2.463,710,54.42,NO PUBLICAR,
Villavicencio,2024,Componente: lugar inadecuado para cocinar,3.8923,0.8699,2.1874,5.5973,1.298,710,22.35,PRECAUCION,
Villavicencio,2024,Componente: sin recoleccion de basuras,0.1026,0.1028,0.0,0.3041,0.662,710,100.27,NO PUBLICAR,
Villavicencio,2024,Paredes en material inadecuado,0.5865,0.295,0.0083,1.1647,0.957,710,50.3,NO PUBLICAR,
Villavicencio,2024,"Pisos de tierra, arena o barro",0.0,,0.0,0.4677,,710,,PRECAUCION,sin casos en la muestra; el IC95 llega hasta 0.47%
Villavicencio,2024,Hogares en estrato 1 o 2,61.4561,5.3483,50.9734,71.9388,7.746,710,8.7,ACEPTABLE,
Villavicencio,2024,Hogares en estrato 3,29.2124,4.7516,19.8992,38.5256,7.004,710,16.27,PRECAUCION,
Villavicencio,2024,"Hogares en estrato 4, 5 o 6",8.9606,2.7388,3.5925,14.3286,5.898,710,30.56,NO PUBLICAR,
Villavicencio,2024,Hogares sin estrato o no informa,0.3709,0.275,0.0,0.9099,1.313,710,74.13,NO PUBLICAR,
Montería,2024,Deficit habitacional total,27.8811,4.7877,18.4973,37.2649,4.693,481,17.17,PRECAUCION,
Montería,2024,Deficit habitacional cuantitativo,9.1748,4.2079,0.9274,17.4222,8.747,481,45.86,NO PUBLICAR,
Montería,2024,Deficit habitacional cualitativo,18.7063,2.5255,13.7562,23.6563,1.727,481,13.5,ACEPTABLE,
Montería,2024,Componente: hacinamiento mitigable,10.7886,1.8266,7.2085,14.3687,1.427,481,16.93,PRECAUCION,
Montería,2024,Componente: alcantarillado o sanitario inadecuado,4.2352,1.7379,0.8289,7.6415,3.066,481,41.03,NO PUBLICAR,
Montería,2024,Componente: sin acueducto,0.0,,0.0,0.7288,,481,,PRECAUCION,sin casos en la muestra; el IC95 llega hasta 0.73%
Montería,2024,Componente: lugar inadecuado para cocinar,5.2634,1.2994,2.7165,7.8103,1.394,481,24.69,PRECAUCION,
Montería,2024,Componente: sin recoleccion de basuras,0.0,,0.0,0.7288,,481,,PRECAUCION,sin casos en la muestra; el IC95 llega hasta 0.73%
Montería,2024,Paredes en material inadecuado,8.5611,4.1363,0.454,16.6683,8.997,481,48.31,NO PUBLICAR,
Montería,2024,"Pisos de tierra, arena o barro",7.7,3.5948,0.6542,14.7458,7.485,481,46.69,NO PUBLICAR,
Montería,2024,Hogares en estrato 1 o 2,82.9747,4.9576,73.2579,92.6916,7.162,481,5.97,ACEPTABLE,
Montería,2024,Hogares en estrato 3,8.7409,3.6714,1.545,15.9368,6.956,481,42.0,NO PUBLICAR,
Montería,2024,"Hogares en estrato 4, 5 o 6",7.9461,3.3846,1.3122,14.5799,6.447,481,42.59,NO PUBLICAR,
Montería,2024,Hogares sin estrato o no informa,0.3383,0.3329,0.0,0.9908,1.353,481,98.41,NO PUBLICAR,
Cartagena,2024,Deficit habitacional total,24.0971,3.6621,16.9193,31.2749,5.041,754,15.2,PRECAUCION,
Cartagena,2024,Deficit habitacional cuantitativo,6.9525,2.4542,2.1423,11.7627,6.401,754,35.3,NO PUBLICAR,
Cartagena,2024,Deficit habitacional cualitativo,17.1446,2.5932,12.0619,22.2273,3.255,754,15.13,PRECAUCION,
Cartagena,2024,Componente: hacinamiento mitigable,11.1591,1.4373,8.3419,13.9762,1.433,754,12.88,ACEPTABLE,
Cartagena,2024,Componente: alcantarillado o sanitario inadecuado,4.9195,2.3399,0.3332,9.5057,8.048,754,47.56,NO PUBLICAR,
Cartagena,2024,Componente: sin acueducto,2.0576,1.4645,0.0,4.9281,7.317,754,71.18,NO PUBLICAR,
Cartagena,2024,Componente: lugar inadecuado para cocinar,1.7421,0.6584,0.4517,3.0325,1.741,754,37.79,NO PUBLICAR,
Cartagena,2024,Componente: sin recoleccion de basuras,2.6124,1.6058,0.0,5.7599,6.969,754,61.47,NO PUBLICAR,
Cartagena,2024,Paredes en material inadecuado,5.811,2.466,0.9776,10.6444,7.639,754,42.44,NO PUBLICAR,
Cartagena,2024,"Pisos de tierra, arena o barro",3.9689,1.5621,0.9071,7.0306,4.402,754,39.36,NO PUBLICAR,
Cartagena,2024,Hogares en estrato 1 o 2,63.7451,5.0041,53.9371,73.5532,7.45,754,7.85,ACEPTABLE,
Cartagena,2024,Hogares en estrato 3,24.3976,4.5064,15.565,33.2301,7.57,754,18.47,PRECAUCION,
Cartagena,2024,"Hogares en estrato 4, 5 o 6",7.7215,2.6102,2.6054,12.8375,6.574,754,33.8,NO PUBLICAR,
Cartagena,2024,Hogares sin estrato o no informa,4.1358,2.0439,0.1298,8.1418,7.244,754,49.42,NO PUBLICAR,
Neiva,2024,Deficit habitacional total,16.1933,2.9303,10.45,21.9367,3.12,572,18.1,PRECAUCION,
Neiva,2024,Deficit habitacional cuantitativo,3.9448,1.5608,0.8855,7.004,3.17,572,39.57,NO PUBLICAR,
Neiva,2024,Deficit habitacional cualitativo,12.2486,1.8583,8.6062,15.8909,1.584,572,15.17,PRECAUCION,
Neiva,2024,Componente: hacinamiento mitigable,9.884,1.5488,6.8484,12.9197,1.328,572,15.67,PRECAUCION,
Neiva,2024,Componente: alcantarillado o sanitario inadecuado,1.637,0.8405,0.0,3.2843,2.163,572,51.34,NO PUBLICAR,
Neiva,2024,Componente: sin acueducto,0.0,,0.0,0.6085,,572,,PRECAUCION,sin casos en la muestra; el IC95 llega hasta 0.61%
Neiva,2024,Componente: lugar inadecuado para cocinar,1.1786,0.4042,0.3863,1.9708,0.692,572,34.3,NO PUBLICAR,
Neiva,2024,Componente: sin recoleccion de basuras,0.6195,0.6203,0.0,1.8354,3.081,572,100.13,NO PUBLICAR,
Neiva,2024,Paredes en material inadecuado,3.3364,1.4516,0.4914,6.1815,3.221,572,43.51,NO PUBLICAR,
Neiva,2024,"Pisos de tierra, arena o barro",2.811,1.2221,0.4156,5.2064,2.696,572,43.48,NO PUBLICAR,
Neiva,2024,Hogares en estrato 1 o 2,79.3123,4.8262,69.8529,88.7717,6.999,572,6.09,ACEPTABLE,
Neiva,2024,Hogares en estrato 3,8.619,2.8985,2.938,14.3,5.259,572,33.63,NO PUBLICAR,
Neiva,2024,"Hogares en estrato 4, 5 o 6",10.312,3.3928,3.662,16.962,6.137,572,32.9,NO PUBLICAR,
Neiva,2024,Hogares sin estrato o no informa,1.7567,1.0177,0.0,3.7514,2.959,572,57.93,NO PUBLICAR,
Armenia,2024,Deficit habitacional total,13.0897,2.9441,7.3192,18.8602,5.302,797,22.49,PRECAUCION,
Armenia,2024,Deficit habitacional cuantitativo,4.2508,1.554,1.2049,7.2967,4.129,797,36.56,NO PUBLICAR,
Armenia,2024,Deficit habitacional cualitativo,8.839,1.9072,5.1009,12.577,3.141,797,21.58,PRECAUCION,
Armenia,2024,Componente: hacinamiento mitigable,5.959,1.2772,3.4558,8.4623,2.025,797,21.43,PRECAUCION,
Armenia,2024,Componente: alcantarillado o sanitario inadecuado,0.1737,0.1278,0.0,0.4241,0.655,797,73.58,NO PUBLICAR,
Armenia,2024,Componente: sin acueducto,0.0,,0.0,0.4311,,797,,PRECAUCION,sin casos en la muestra; el IC95 llega hasta 0.43%
Armenia,2024,Componente: lugar inadecuado para cocinar,4.0691,1.5168,1.0961,7.042,4.101,797,37.28,NO PUBLICAR,
Armenia,2024,Componente: sin recoleccion de basuras,0.3504,0.199,0.0,0.7405,0.789,797,56.79,NO PUBLICAR,
Armenia,2024,Paredes en material inadecuado,3.634,1.4858,0.7219,6.5462,4.386,797,40.89,NO PUBLICAR,
Armenia,2024,"Pisos de tierra, arena o barro",0.575,0.3065,0.0,1.1757,1.143,797,53.3,NO PUBLICAR,
Armenia,2024,Hogares en estrato 1 o 2,47.7477,5.4206,37.1234,58.372,8.195,797,11.35,ACEPTABLE,
Armenia,2024,Hogares en estrato 3,32.0471,4.9823,22.2818,41.8124,7.932,797,15.55,PRECAUCION,
Armenia,2024,"Hogares en estrato 4, 5 o 6",19.9731,4.5038,11.1457,28.8005,8.83,797,22.55,PRECAUCION,
Armenia,2024,Hogares sin estrato o no informa,0.232,0.1627,0.0,0.5509,0.796,797,70.13,NO PUBLICAR,
Santa Marta,2024,Deficit habitacional total,37.2921,4.5961,28.2837,46.3004,3.505,460,12.32,ACEPTABLE,
Santa Marta,2024,Deficit habitacional cuantitativo,3.4517,1.2787,0.9455,5.9579,1.903,460,37.04,NO PUBLICAR,
Santa Marta,2024,Deficit habitacional cualitativo,33.8404,4.5596,24.9036,42.7771,3.603,460,13.47,ACEPTABLE,
Santa Marta,2024,Componente: hacinamiento mitigable,20.2171,2.4028,15.5076,24.9266,1.389,460,11.89,ACEPTABLE,
Santa Marta,2024,Componente: alcantarillado o sanitario inadecuado,14.4525,4.405,5.8187,23.0864,6.089,460,30.48,NO PUBLICAR,
Santa Marta,2024,Componente: sin acueducto,11.1416,3.0574,5.1491,17.1341,3.663,460,27.44,NO PUBLICAR,
Santa Marta,2024,Componente: lugar inadecuado para cocinar,5.6586,1.5687,2.584,8.7332,1.788,460,27.72,NO PUBLICAR,
Santa Marta,2024,Componente: sin recoleccion de basuras,6.6362,2.703,1.3382,11.9341,4.575,460,40.73,NO PUBLICAR,
Santa Marta,2024,Paredes en material inadecuado,1.1616,0.5877,0.0096,2.3136,1.167,460,50.6,NO PUBLICAR,
Santa Marta,2024,"Pisos de tierra, arena o barro",1.2931,0.6822,0.0,2.6302,1.415,460,52.76,NO PUBLICAR,
Santa Marta,2024,Hogares en estrato 1 o 2,57.5449,6.2396,45.3152,69.7745,6.183,460,10.84,ACEPTABLE,
Santa Marta,2024,Hogares en estrato 3,33.9381,5.8706,22.4317,45.4446,5.964,460,17.3,PRECAUCION,
Santa Marta,2024,"Hogares en estrato 4, 5 o 6",7.8621,2.9973,1.9874,13.7368,4.812,460,38.12,NO PUBLICAR,
Santa Marta,2024,Hogares sin estrato o no informa,0.6549,0.4696,0.0,1.5753,1.315,460,71.71,NO PUBLICAR,
Sincelejo,2024,Deficit habitacional total,22.7358,2.6646,17.5131,27.9584,1.96,528,11.72,ACEPTABLE,
Sincelejo,2024,Deficit habitacional cuantitativo,4.0293,1.0696,1.9328,6.1257,1.435,528,26.55,NO PUBLICAR,
Sincelejo,2024,Deficit habitacional cualitativo,18.7065,2.1544,14.484,22.929,1.48,528,11.52,ACEPTABLE,
Sincelejo,2024,Componente: hacinamiento mitigable,14.6972,1.7169,11.3321,18.0623,1.14,528,11.68,ACEPTABLE,
Sincelejo,2024,Componente: alcantarillado o sanitario inadecuado,1.0642,0.7632,0.0,2.56,2.683,528,71.71,NO PUBLICAR,
Sincelejo,2024,Componente: sin acueducto,0.485,0.3828,0.0,1.2352,1.472,528,78.92,NO PUBLICAR,
Sincelejo,2024,Componente: lugar inadecuado para cocinar,3.1686,0.8149,1.5714,4.7659,1.05,528,25.72,NO PUBLICAR,
Sincelejo,2024,Componente: sin recoleccion de basuras,0.8602,0.8621,0.0,2.55,4.227,528,100.22,NO PUBLICAR,
Sincelejo,2024,Paredes en material inadecuado,2.7953,0.985,0.8647,4.7258,1.732,528,35.24,NO PUBLICAR,
Sincelejo,2024,"Pisos de tierra, arena o barro",5.4413,1.6724,2.1635,8.7192,2.636,528,30.73,NO PUBLICAR,
Sincelejo,2024,Hogares en estrato 1 o 2,83.9125,5.0706,73.9741,93.8508,9.236,528,6.04,ACEPTABLE,
Sincelejo,2024,Hogares en estrato 3,11.3268,4.4928,2.5208,20.1328,9.746,528,39.67,NO PUBLICAR,
Sincelejo,2024,"Hogares en estrato 4, 5 o 6",4.7607,2.7268,0.0,10.1053,7.953,528,57.28,NO PUBLICAR,
Sincelejo,2024,Hogares sin estrato o no informa,0.0,,0.0,0.6186,,528,,PRECAUCION,sin casos en la muestra; el IC95 llega hasta 0.62%
Valledupar,2024,Deficit habitacional total,26.589,4.4455,17.8758,35.3022,4.526,502,16.72,PRECAUCION,
Valledupar,2024,Deficit habitacional cuantitativo,1.0372,0.6259,0.0,2.2641,1.707,502,60.35,NO PUBLICAR,
Valledupar,2024,Deficit habitacional cualitativo,25.5518,4.256,17.2101,33.8935,4.257,502,16.66,PRECAUCION,
Valledupar,2024,Componente: hacinamiento mitigable,15.2243,2.4893,10.3453,20.1033,2.146,502,16.35,PRECAUCION,
Valledupar,2024,Componente: alcantarillado o sanitario inadecuado,11.0453,4.4292,2.3641,19.7265,8.926,502,40.1,NO PUBLICAR,
Valledupar,2024,Componente: sin acueducto,2.1703,1.5125,0.0,5.1348,4.817,502,69.69,NO PUBLICAR,
Valledupar,2024,Componente: lugar inadecuado para cocinar,7.2174,1.5505,4.1783,10.2564,1.605,502,21.48,PRECAUCION,
Valledupar,2024,Componente: sin recoleccion de basuras,0.0,,0.0,0.671,,502,,PRECAUCION,sin casos en la muestra; el IC95 llega hasta 0.67%
Valledupar,2024,Paredes en material inadecuado,0.5851,0.4327,0.0,1.4331,1.439,502,73.94,NO PUBLICAR,
Valledupar,2024,"Pisos de tierra, arena o barro",1.4789,0.9097,0.0,3.262,2.539,502,61.51,NO PUBLICAR,
Valledupar,2024,Hogares en estrato 1 o 2,66.2656,6.1396,54.2319,78.2993,7.539,502,9.27,ACEPTABLE,
Valledupar,2024,Hogares en estrato 3,19.4571,4.8957,9.8615,29.0527,6.838,502,25.16,NO PUBLICAR,
Valledupar,2024,"Hogares en estrato 4, 5 o 6",6.704,3.2224,0.388,13.0199,7.422,502,48.07,NO PUBLICAR,
Valledupar,2024,Hogares sin estrato o no informa,7.5733,3.6807,0.3591,14.7875,8.653,502,48.6,NO PUBLICAR,
Popayán,2024,Deficit habitacional total,8.6027,2.5647,3.5759,13.6294,4.261,544,29.81,NO PUBLICAR,
Popayán,2024,Deficit habitacional cuantitativo,4.1719,2.1887,0.0,8.4617,6.102,544,52.46,NO PUBLICAR,
Popayán,2024,Deficit habitacional cualitativo,4.4308,1.3916,1.7032,7.1584,2.329,544,31.41,NO PUBLICAR,
Popayán,2024,Componente: hacinamiento mitigable,2.8649,1.1184,0.6729,5.0569,2.289,544,39.04,NO PUBLICAR,
Popayán,2024,Componente: alcantarillado o sanitario inadecuado,0.7155,0.717,0.0,2.1207,3.685,544,100.2,NO PUBLICAR,
Popayán,2024,Componente: sin acueducto,0.0,,0.0,0.5891,,544,,PRECAUCION,sin casos en la muestra; el IC95 llega hasta 0.59%
Popayán,2024,Componente: lugar inadecuado para cocinar,0.8504,0.3659,0.1332,1.5676,0.809,544,43.03,NO PUBLICAR,
Popayán,2024,Componente: sin recoleccion de basuras,0.0,,0.0,0.5891,,544,,PRECAUCION,sin casos en la muestra; el IC95 llega hasta 0.59%
Popayán,2024,Paredes en material inadecuado,4.1719,2.1887,0.0,8.4617,6.102,544,52.46,NO PUBLICAR,
Popayán,2024,"Pisos de tierra, arena o barro",0.676,0.4139,0.0,1.4871,1.299,544,61.23,NO PUBLICAR,
Popayán,2024,Hogares en estrato 1 o 2,59.9132,6.2986,47.5678,72.2585,8.413,544,10.51,ACEPTABLE,
Popayán,2024,Hogares en estrato 3,19.6102,5.0243,9.7626,29.4578,8.155,544,25.62,NO PUBLICAR,
Popayán,2024,"Hogares en estrato 4, 5 o 6",20.117,5.2977,9.7336,30.5005,8.894,544,26.33,NO PUBLICAR,
Popayán,2024,Hogares sin estrato o no informa,0.3596,0.3597,0.0,1.0645,1.839,544,100.02,NO PUBLICAR,
Tunja,2024,Deficit habitacional total,6.69,1.3225,4.098,9.282,1.195,474,19.77,PRECAUCION,
Tunja,2024,Deficit habitacional cuantitativo,0.8206,0.4149,0.0074,1.6338,0.902,474,50.56,NO PUBLICAR,
Tunja,2024,Deficit habitacional cualitativo,5.8694,1.2577,3.4044,8.3344,1.221,474,21.43,PRECAUCION,
Tunja,2024,Componente: hacinamiento mitigable,5.5118,1.2472,3.0672,7.9563,1.274,474,22.63,PRECAUCION,
Tunja,2024,Componente: alcantarillado o sanitario inadecuado,0.0,,0.0,0.7031,,474,,PRECAUCION,sin casos en la muestra; el IC95 llega hasta 0.70%
Tunja,2024,Componente: sin acueducto,0.0,,0.0,0.7031,,474,,PRECAUCION,sin casos en la muestra; el IC95 llega hasta 0.70%
Tunja,2024,Componente: lugar inadecuado para cocinar,0.3576,0.249,0.0,0.8457,0.742,474,69.62,NO PUBLICAR,
Tunja,2024,Componente: sin recoleccion de basuras,0.0,,0.0,0.7031,,474,,PRECAUCION,sin casos en la muestra; el IC95 llega hasta 0.70%
Tunja,2024,Paredes en material inadecuado,0.4476,0.3132,0.0,1.0615,0.94,474,69.99,NO PUBLICAR,
Tunja,2024,"Pisos de tierra, arena o barro",0.0,,0.0,0.7031,,474,,PRECAUCION,sin casos en la muestra; el IC95 llega hasta 0.70%
Tunja,2024,Hogares en estrato 1 o 2,28.7452,5.7861,17.4045,40.086,6.974,474,20.13,PRECAUCION,
Tunja,2024,Hogares en estrato 3,50.5038,6.1985,38.3548,62.6528,6.558,474,12.27,ACEPTABLE,
Tunja,2024,"Hogares en estrato 4, 5 o 6",20.751,5.1876,10.5833,30.9188,6.982,474,25.0,PRECAUCION,
Tunja,2024,Hogares sin estrato o no informa,0.0,,0.0,0.7031,,474,,PRECAUCION,sin casos en la muestra; el IC95 llega hasta 0.70%
Riohacha,2024,Deficit habitacional total,44.3243,5.3704,33.7982,54.8504,5.42,513,12.12,ACEPTABLE,
Riohacha,2024,Deficit habitacional cuantitativo,5.5804,1.7525,2.1455,9.0152,2.703,513,31.4,NO PUBLICAR,
Riohacha,2024,Deficit habitacional cualitativo,38.7439,4.7639,29.4067,48.0811,4.434,513,12.3,ACEPTABLE,
Riohacha,2024,Componente: hacinamiento mitigable,15.9599,1.813,12.4064,19.5134,1.136,513,11.36,ACEPTABLE,
Riohacha,2024,Componente: alcantarillado o sanitario inadecuado,22.0281,5.4218,11.4014,32.6548,7.937,513,24.61,PRECAUCION,
Riohacha,2024,Componente: sin acueducto,2.4751,1.783,0.0,5.9697,6.107,513,72.04,NO PUBLICAR,
Riohacha,2024,Componente: lugar inadecuado para cocinar,14.3466,2.1502,10.1322,18.561,1.745,513,14.99,ACEPTABLE,
Riohacha,2024,Componente: sin recoleccion de basuras,2.5124,1.4349,0.0,5.3248,3.898,513,57.11,NO PUBLICAR,
Riohacha,2024,Paredes en material inadecuado,3.7092,1.6263,0.5216,6.8969,3.434,513,43.85,NO PUBLICAR,
Riohacha,2024,"Pisos de tierra, arena o barro",2.786,1.0457,0.7364,4.8356,1.872,513,37.53,NO PUBLICAR,
Riohacha,2024,Hogares en estrato 1 o 2,87.7472,3.9276,80.0491,95.4453,6.653,513,4.48,EXCELENTE,
Riohacha,2024,Hogares en estrato 3,11.5745,3.8627,4.0037,19.1454,6.76,513,33.37,NO PUBLICAR,
Riohacha,2024,"Hogares en estrato 4, 5 o 6",0.213,0.2144,0.0,0.6333,1.003,513,100.65,NO PUBLICAR,
Riohacha,2024,Hogares sin estrato o no informa,0.4652,0.4653,0.0,1.3773,2.168,513,100.02,NO PUBLICAR,
Florencia,2024,Deficit habitacional total,19.2772,3.4449,12.5253,26.0292,5.292,769,17.87,PRECAUCION,
Florencia,2024,Deficit habitacional cuantitativo,6.6115,1.8394,3.0062,10.2168,3.803,769,27.82,NO PUBLICAR,
Florencia,2024,Deficit habitacional cualitativo,12.6658,2.1974,8.3589,16.9726,3.029,769,17.35,PRECAUCION,
Florencia,2024,Componente: hacinamiento mitigable,5.7811,0.8573,4.1008,7.4615,0.936,769,14.83,ACEPTABLE,
Florencia,2024,Componente: alcantarillado o sanitario inadecuado,6.0667,2.2869,1.5843,10.5491,6.368,769,37.7,NO PUBLICAR,
Florencia,2024,Componente: sin acueducto,1.6553,1.068,0.0,3.7485,4.861,769,64.52,NO PUBLICAR,
Florencia,2024,Componente: lugar inadecuado para cocinar,1.418,0.4865,0.4645,2.3716,1.175,769,34.31,NO PUBLICAR,
Florencia,2024,Componente: sin recoleccion de basuras,1.398,1.3898,0.0,4.122,9.724,769,99.42,NO PUBLICAR,
Florencia,2024,Paredes en material inadecuado,6.0122,1.6962,2.6877,9.3368,3.533,769,28.21,NO PUBLICAR,
Florencia,2024,"Pisos de tierra, arena o barro",1.3066,0.4931,0.3402,2.273,1.308,769,37.74,NO PUBLICAR,
Florencia,2024,Hogares en estrato 1 o 2,95.3843,2.6737,90.1439,100.0,11.267,769,2.8,EXCELENTE,
Florencia,2024,Hogares en estrato 3,4.6157,2.6737,0.0,9.8561,11.267,769,57.93,NO PUBLICAR,
Florencia,2024,"Hogares en estrato 4, 5 o 6",0.0,,0.0,0.4323,,769,,PRECAUCION,sin casos en la muestra; el IC95 llega hasta 0.43%
Florencia,2024,Hogares sin estrato o no informa,0.0,,0.0,0.4323,,769,,PRECAUCION,sin casos en la muestra; el IC95 llega hasta 0.43%
Quibdó,2024,Deficit habitacional total,90.6833,2.8081,85.1795,96.187,3.655,437,3.1,EXCELENTE,
Quibdó,2024,Deficit habitacional cuantitativo,14.5752,3.8038,7.1199,22.0306,4.551,437,26.1,NO PUBLICAR,
Quibdó,2024,Deficit habitacional cualitativo,76.108,4.1385,67.9966,84.2195,3.689,437,5.44,ACEPTABLE,
Quibdó,2024,Componente: hacinamiento mitigable,4.1256,1.0015,2.1626,6.0886,0.993,437,24.28,PRECAUCION,
Quibdó,2024,Componente: alcantarillado o sanitario inadecuado,74.5851,4.3739,66.0123,83.1579,3.953,437,5.86,ACEPTABLE,
Quibdó,2024,Componente: sin acueducto,35.3154,4.6772,26.1481,44.4828,3.751,437,13.24,ACEPTABLE,
Quibdó,2024,Componente: lugar inadecuado para cocinar,0.7926,0.5535,0.0,1.8774,1.526,437,69.84,NO PUBLICAR,
Quibdó,2024,Componente: sin recoleccion de basuras,3.6056,1.5367,0.5937,6.6174,2.661,437,42.62,NO PUBLICAR,
Quibdó,2024,Paredes en material inadecuado,14.2595,3.7952,6.8209,21.698,4.614,437,26.62,NO PUBLICAR,
Quibdó,2024,"Pisos de tierra, arena o barro",1.428,0.8298,0.0,3.0544,1.916,437,58.11,NO PUBLICAR,
Quibdó,2024,Hogares en estrato 1 o 2,94.828,2.2184,90.4799,99.176,3.93,437,2.34,EXCELENTE,
Quibdó,2024,Hogares en estrato 3,3.8014,2.1005,0.0,7.9184,4.726,437,55.26,NO PUBLICAR,
Quibdó,2024,"Hogares en estrato 4, 5 o 6",0.3508,0.3505,0.0,1.0379,1.377,437,99.92,NO PUBLICAR,
Quibdó,2024,Hogares sin estrato o no informa,1.0198,0.7664,0.0,2.5219,2.279,437,75.15,NO PUBLICAR,
Bogotá D.C.,2025,Deficit habitacional total,6.1904,0.735,4.7498,7.631,1.597,1865,11.87,ACEPTABLE,
Bogotá D.C.,2025,Deficit habitacional cuantitativo,0.2929,0.1465,0.0058,0.5799,1.261,1865,50.0,NO PUBLICAR,
Bogotá D.C.,2025,Deficit habitacional cualitativo,5.8975,0.7128,4.5004,7.2946,1.572,1865,12.09,ACEPTABLE,
Bogotá D.C.,2025,Componente: hacinamiento mitigable,5.1891,0.6486,3.9179,6.4603,1.468,1865,12.5,ACEPTABLE,
Bogotá D.C.,2025,Componente: alcantarillado o sanitario inadecuado,0.3343,0.2866,0.0,0.896,4.231,1865,85.72,NO PUBLICAR,
Bogotá D.C.,2025,Componente: sin acueducto,0.053,0.053,0.0,0.157,0.912,1865,100.11,NO PUBLICAR,
Bogotá D.C.,2025,Componente: lugar inadecuado para cocinar,0.4137,0.1916,0.0381,0.7893,1.53,1865,46.32,NO PUBLICAR,
Bogotá D.C.,2025,Componente: sin recoleccion de basuras,0.0513,0.0513,0.0,0.1519,0.883,1865,100.12,NO PUBLICAR,
Bogotá D.C.,2025,Paredes en material inadecuado,0.0635,0.0635,0.0,0.1879,1.09,1865,99.98,NO PUBLICAR,
Bogotá D.C.,2025,"Pisos de tierra, arena o barro",0.0515,0.0515,0.0,0.1524,0.884,1865,99.95,NO PUBLICAR,
Bogotá D.C.,2025,Hogares en estrato 1 o 2,49.5699,3.7616,42.1971,56.9428,9.718,1865,7.59,ACEPTABLE,
Bogotá D.C.,2025,Hogares en estrato 3,30.7923,3.4122,24.1044,37.4801,9.38,1865,11.08,ACEPTABLE,
Bogotá D.C.,2025,"Hogares en estrato 4, 5 o 6",19.4908,2.9675,13.6745,25.3072,9.634,1865,15.23,PRECAUCION,
Bogotá D.C.,2025,Hogares sin estrato o no informa,0.1469,0.0852,0.0,0.3139,0.849,1865,57.97,NO PUBLICAR,
Medellín A.M.,2025,Deficit habitacional total,11.1069,2.2898,6.6189,15.5949,3.595,750,20.62,PRECAUCION,
Medellín A.M.,2025,Deficit habitacional cuantitativo,1.3995,0.6851,0.0568,2.7423,2.302,750,48.95,NO PUBLICAR,
Medellín A.M.,2025,Deficit habitacional cualitativo,9.7073,1.8815,6.0196,13.3951,2.734,750,19.38,PRECAUCION,
Medellín A.M.,2025,Componente: hacinamiento mitigable,4.5791,0.9905,2.6378,6.5204,1.52,750,21.63,PRECAUCION,
Medellín A.M.,2025,Componente: alcantarillado o sanitario inadecuado,3.0167,1.432,0.2099,5.8234,4.745,750,47.47,NO PUBLICAR,
Medellín A.M.,2025,Componente: sin acueducto,0.531,0.3073,0.0,1.1333,1.21,750,57.86,NO PUBLICAR,
Medellín A.M.,2025,Componente: lugar inadecuado para cocinar,3.5737,0.8445,1.9185,5.2289,1.401,750,23.63,PRECAUCION,
Medellín A.M.,2025,Componente: sin recoleccion de basuras,0.0996,0.0996,0.0,0.2948,0.675,750,100.03,NO PUBLICAR,
Medellín A.M.,2025,Paredes en material inadecuado,1.0998,0.6591,0.0,2.3915,2.703,750,59.93,NO PUBLICAR,
Medellín A.M.,2025,"Pisos de tierra, arena o barro",0.5919,0.5892,0.0,1.7467,3.994,750,99.55,NO PUBLICAR,
Medellín A.M.,2025,Hogares en estrato 1 o 2,47.3117,5.3346,36.8559,57.7674,7.728,750,11.28,ACEPTABLE,
Medellín A.M.,2025,Hogares en estrato 3,33.782,4.9803,24.0207,43.5433,7.505,750,14.74,ACEPTABLE,
Medellín A.M.,2025,"Hogares en estrato 4, 5 o 6",18.1158,3.9641,10.3462,25.8855,7.171,750,21.88,PRECAUCION,
Medellín A.M.,2025,Hogares sin estrato o no informa,0.7905,0.787,0.0,2.3329,5.345,750,99.55,NO PUBLICAR,
Cali A.M.,2025,Deficit habitacional total,10.4253,2.1352,6.2402,14.6104,3.417,781,20.48,PRECAUCION,
Cali A.M.,2025,Deficit habitacional cuantitativo,1.2716,0.5845,0.126,2.4173,1.904,781,45.97,NO PUBLICAR,
Cali A.M.,2025,Deficit habitacional cualitativo,9.1536,1.8883,5.4526,12.8547,3.001,781,20.63,PRECAUCION,
Cali A.M.,2025,Componente: hacinamiento mitigable,5.9793,1.3866,3.2616,8.6971,2.393,781,23.19,PRECAUCION,
Cali A.M.,2025,Componente: alcantarillado o sanitario inadecuado,0.9876,0.9858,0.0,2.9197,6.954,781,99.81,NO PUBLICAR,
Cali A.M.,2025,Componente: sin acueducto,0.9876,0.9858,0.0,2.9197,6.954,781,99.81,NO PUBLICAR,
Cali A.M.,2025,Componente: lugar inadecuado para cocinar,2.6323,0.9569,0.7568,4.5078,2.5,781,36.35,NO PUBLICAR,
Cali A.M.,2025,Componente: sin recoleccion de basuras,0.9876,0.9858,0.0,2.9197,6.954,781,99.81,NO PUBLICAR,
Cali A.M.,2025,Paredes en material inadecuado,0.8103,0.4973,0.0,1.7849,2.153,781,61.37,NO PUBLICAR,
Cali A.M.,2025,"Pisos de tierra, arena o barro",0.0,,0.0,0.4287,,781,,PRECAUCION,sin casos en la muestra; el IC95 llega hasta 0.43%
Cali A.M.,2025,Hogares en estrato 1 o 2,49.6238,5.6746,38.5016,60.7461,9.014,781,11.44,ACEPTABLE,
Cali A.M.,2025,Hogares en estrato 3,30.2079,4.9795,20.4481,39.9677,8.23,781,16.48,PRECAUCION,
Cali A.M.,2025,"Hogares en estrato 4, 5 o 6",18.7249,4.3617,10.1761,27.2737,8.748,781,23.29,PRECAUCION,
Cali A.M.,2025,Hogares sin estrato o no informa,1.4433,1.4406,0.0,4.267,10.21,781,99.81,NO PUBLICAR,
Barranquilla A.M.,2025,Deficit habitacional total,16.5384,2.4089,11.8169,21.26,3.322,903,14.57,ACEPTABLE,
Barranquilla A.M.,2025,Deficit habitacional cuantitativo,1.1784,0.5191,0.1609,2.1959,1.829,903,44.06,NO PUBLICAR,
Barranquilla A.M.,2025,Deficit habitacional cualitativo,15.36,2.2886,10.8743,19.8457,3.183,903,14.9,ACEPTABLE,
Barranquilla A.M.,2025,Componente: hacinamiento mitigable,12.4997,1.6972,9.1731,15.8263,2.081,903,13.58,ACEPTABLE,
Barranquilla A.M.,2025,Componente: alcantarillado o sanitario inadecuado,3.5719,1.9759,0.0,7.4447,8.957,903,55.32,NO PUBLICAR,
Barranquilla A.M.,2025,Componente: sin acueducto,0.1523,0.1523,0.0,0.4507,1.205,903,99.98,NO PUBLICAR,
Barranquilla A.M.,2025,Componente: lugar inadecuado para cocinar,0.7496,0.2837,0.1935,1.3057,0.855,903,37.85,NO PUBLICAR,
Barranquilla A.M.,2025,Componente: sin recoleccion de basuras,0.3416,0.3396,0.0,1.0073,2.677,903,99.42,NO PUBLICAR,
Barranquilla A.M.,2025,Paredes en material inadecuado,0.5596,0.3594,0.0,1.264,1.835,903,64.23,NO PUBLICAR,
Barranquilla A.M.,2025,"Pisos de tierra, arena o barro",0.5355,0.239,0.067,1.004,0.848,903,44.64,NO PUBLICAR,
Barranquilla A.M.,2025,Hogares en estrato 1 o 2,73.2646,3.9436,65.5352,80.994,6.274,903,5.38,ACEPTABLE,
Barranquilla A.M.,2025,Hogares en estrato 3,14.6923,3.3349,8.1559,21.2287,7.011,903,22.7,PRECAUCION,
Barranquilla A.M.,2025,"Hogares en estrato 4, 5 o 6",11.4307,2.8487,5.8472,17.0142,6.334,903,24.92,PRECAUCION,
Barranquilla A.M.,2025,Hogares sin estrato o no informa,0.6124,0.4203,0.0,1.4361,2.293,903,68.63,NO PUBLICAR,
Bucaramanga A.M.,2025,Deficit habitacional total,6.6076,1.3587,3.9445,9.2707,2.29,813,20.56,PRECAUCION,
Bucaramanga A.M.,2025,Deficit habitacional cuantitativo,0.9861,0.9847,0.0,2.9161,7.6,813,99.85,NO PUBLICAR,
Bucaramanga A.M.,2025,Deficit habitacional cualitativo,5.6215,1.0198,3.6227,7.6203,1.5,813,18.14,PRECAUCION,
Bucaramanga A.M.,2025,Componente: hacinamiento mitigable,5.4025,0.9093,3.6202,7.1848,1.238,813,16.83,PRECAUCION,
Bucaramanga A.M.,2025,Componente: alcantarillado o sanitario inadecuado,0.0,,0.0,0.392,,813,,PRECAUCION,sin casos en la muestra; el IC95 llega hasta 0.39%
Bucaramanga A.M.,2025,Componente: sin acueducto,0.0,,0.0,0.392,,813,,PRECAUCION,sin casos en la muestra; el IC95 llega hasta 0.39%
Bucaramanga A.M.,2025,Componente: lugar inadecuado para cocinar,0.3357,0.2482,0.0,0.8222,1.409,813,73.93,NO PUBLICAR,
Bucaramanga A.M.,2025,Componente: sin recoleccion de basuras,0.0,,0.0,0.392,,813,,PRECAUCION,sin casos en la muestra; el IC95 llega hasta 0.39%
Bucaramanga A.M.,2025,Paredes en material inadecuado,0.9861,0.9847,0.0,2.9161,7.6,813,99.85,NO PUBLICAR,
Bucaramanga A.M.,2025,"Pisos de tierra, arena o barro",0.7307,0.7296,0.0,2.1607,5.617,813,99.85,NO PUBLICAR,
Bucaramanga A.M.,2025,Hogares en estrato 1 o 2,44.5564,5.6824,33.419,55.6938,10.003,813,12.75,ACEPTABLE,
Bucaramanga A.M.,2025,Hogares en estrato 3,30.7675,5.2943,20.3907,41.1442,10.071,813,17.21,PRECAUCION,
Bucaramanga A.M.,2025,"Hogares en estrato 4, 5 o 6",24.6761,4.7208,15.4234,33.9288,9.176,813,19.13,PRECAUCION,
Bucaramanga A.M.,2025,Hogares sin estrato o no informa,0.0,,0.0,0.392,,813,,PRECAUCION,sin casos en la muestra; el IC95 llega hasta 0.39%
Manizales A.M.,2025,Deficit habitacional total,6.7433,1.8722,3.0738,10.4128,3.705,782,27.76,NO PUBLICAR,
Manizales A.M.,2025,Deficit habitacional cuantitativo,2.238,1.1362,0.0111,4.465,3.922,782,50.77,NO PUBLICAR,
Manizales A.M.,2025,Deficit habitacional cualitativo,4.5052,1.3214,1.9152,7.0953,2.698,782,29.33,NO PUBLICAR,
Manizales A.M.,2025,Componente: hacinamiento mitigable,1.9718,0.7353,0.5306,3.4129,1.859,782,37.29,NO PUBLICAR,
Manizales A.M.,2025,Componente: alcantarillado o sanitario inadecuado,0.9238,0.925,0.0,2.7369,6.215,782,100.13,NO PUBLICAR,
Manizales A.M.,2025,Componente: sin acueducto,0.0975,0.0976,0.0,0.2888,0.65,782,100.05,NO PUBLICAR,
Manizales A.M.,2025,Componente: lugar inadecuado para cocinar,1.5121,0.4886,0.5544,2.4699,1.066,782,32.31,NO PUBLICAR,
Manizales A.M.,2025,Componente: sin recoleccion de basuras,0.0,,0.0,0.4513,,782,,PRECAUCION,sin casos en la muestra; el IC95 llega hasta 0.45%
Manizales A.M.,2025,Paredes en material inadecuado,1.8815,0.8819,0.1529,3.6101,2.801,782,46.87,NO PUBLICAR,
Manizales A.M.,2025,"Pisos de tierra, arena o barro",0.0,,0.0,0.4513,,782,,PRECAUCION,sin casos en la muestra; el IC95 llega hasta 0.45%
Manizales A.M.,2025,Hogares en estrato 1 o 2,34.1303,5.0975,24.1392,44.1215,7.684,782,14.94,ACEPTABLE,
Manizales A.M.,2025,Hogares en estrato 3,40.5826,5.156,30.4769,50.6883,7.329,782,12.7,ACEPTABLE,
Manizales A.M.,2025,"Hogares en estrato 4, 5 o 6",25.1189,4.6723,15.9611,34.2767,7.716,782,18.6,PRECAUCION,
Manizales A.M.,2025,Hogares sin estrato o no informa,0.1682,0.1674,0.0,0.4962,1.109,782,99.53,NO PUBLICAR,
Pereira A.M.,2025,Deficit habitacional total,6.0944,1.3388,3.4704,8.7185,2.137,793,21.97,PRECAUCION,
Pereira A.M.,2025,Deficit habitacional cuantitativo,0.3729,0.2759,0.0,0.9136,1.398,793,73.98,NO PUBLICAR,
Pereira A.M.,2025,Deficit habitacional cualitativo,5.7215,1.2417,3.2879,8.1552,1.95,793,21.7,PRECAUCION,
Pereira A.M.,2025,Componente: hacinamiento mitigable,4.6501,1.1613,2.3739,6.9262,2.075,793,24.97,PRECAUCION,
Pereira A.M.,2025,Componente: alcantarillado o sanitario inadecuado,0.1273,0.1273,0.0,0.3768,0.869,793,99.96,NO PUBLICAR,
Pereira A.M.,2025,Componente: sin acueducto,0.0,,0.0,0.4397,,793,,PRECAUCION,sin casos en la muestra; el IC95 llega hasta 0.44%
Pereira A.M.,2025,Componente: lugar inadecuado para cocinar,0.7731,0.3159,0.154,1.3923,0.887,793,40.86,NO PUBLICAR,
Pereira A.M.,2025,Componente: sin recoleccion de basuras,0.4027,0.4041,0.0,1.1948,2.778,793,100.37,NO PUBLICAR,
Pereira A.M.,2025,Paredes en material inadecuado,0.3729,0.2759,0.0,0.9136,1.398,793,73.98,NO PUBLICAR,
Pereira A.M.,2025,"Pisos de tierra, arena o barro",0.0841,0.0844,0.0,0.2495,0.578,793,100.37,NO PUBLICAR,
Pereira A.M.,2025,Hogares en estrato 1 o 2,46.4868,5.6932,35.3281,57.6454,8.889,793,12.25,ACEPTABLE,
Pereira A.M.,2025,Hogares en estrato 3,33.3953,4.978,23.6385,43.1521,7.6,793,14.91,ACEPTABLE,
Pereira A.M.,2025,"Hogares en estrato 4, 5 o 6",19.2405,4.0566,11.2896,27.1914,7.225,793,21.08,PRECAUCION,
Pereira A.M.,2025,Hogares sin estrato o no informa,0.8774,0.8806,0.0,2.6034,6.083,793,100.37,NO PUBLICAR,
Cúcuta A.M.,2025,Deficit habitacional total,24.4238,3.28,17.995,30.8526,4.164,807,13.43,ACEPTABLE,
Cúcuta A.M.,2025,Deficit habitacional cuantitativo,8.9157,2.2511,4.5035,13.3278,4.458,807,25.25,NO PUBLICAR,
Cúcuta A.M.,2025,Deficit habitacional cualitativo,15.5082,2.0524,11.4856,19.5308,2.297,807,13.23,ACEPTABLE,
Cúcuta A.M.,2025,Componente: hacinamiento mitigable,11.6204,1.5775,8.5285,14.7122,1.731,807,13.58,ACEPTABLE,
Cúcuta A.M.,2025,Componente: alcantarillado o sanitario inadecuado,1.6952,0.8835,0.0,3.4268,3.346,807,52.11,NO PUBLICAR,
Cúcuta A.M.,2025,Componente: sin acueducto,2.0688,1.4559,0.0,4.9224,7.474,807,70.37,NO PUBLICAR,
Cúcuta A.M.,2025,Componente: lugar inadecuado para cocinar,2.5494,0.6102,1.3534,3.7455,1.071,807,23.94,PRECAUCION,
Cúcuta A.M.,2025,Componente: sin recoleccion de basuras,0.4156,0.4143,0.0,1.2277,2.963,807,99.7,NO PUBLICAR,
Cúcuta A.M.,2025,Paredes en material inadecuado,8.6766,2.1696,4.4241,12.929,4.244,807,25.01,NO PUBLICAR,
Cúcuta A.M.,2025,"Pisos de tierra, arena o barro",1.9354,0.9179,0.1364,3.7345,3.171,807,47.43,NO PUBLICAR,
Cúcuta A.M.,2025,Hogares en estrato 1 o 2,73.8933,4.7694,64.5453,83.2414,8.424,807,6.45,ACEPTABLE,
Cúcuta A.M.,2025,Hogares en estrato 3,18.0639,4.1162,9.9962,26.1316,8.178,807,22.79,PRECAUCION,
Cúcuta A.M.,2025,"Hogares en estrato 4, 5 o 6",8.0428,2.7048,2.7413,13.3442,7.067,807,33.63,NO PUBLICAR,
Cúcuta A.M.,2025,Hogares sin estrato o no informa,0.0,,0.0,0.4199,,807,,PRECAUCION,sin casos en la muestra; el IC95 llega hasta 0.42%
Ibagué,2025,Deficit habitacional total,7.3187,2.0861,3.2299,11.4075,3.875,676,28.5,NO PUBLICAR,
Ibagué,2025,Deficit habitacional cuantitativo,0.9439,0.5754,0.0,2.0717,2.139,676,60.96,NO PUBLICAR,
Ibagué,2025,Deficit habitacional cualitativo,6.3748,1.6231,3.1936,9.556,2.666,676,25.46,NO PUBLICAR,
Ibagué,2025,Componente: hacinamiento mitigable,4.9305,1.318,2.3472,7.5138,2.238,676,26.73,NO PUBLICAR,
Ibagué,2025,Componente: alcantarillado o sanitario inadecuado,0.0,,0.0,0.4967,,676,,PRECAUCION,sin casos en la muestra; el IC95 llega hasta 0.50%
Ibagué,2025,Componente: sin acueducto,0.1101,0.1101,0.0,0.3258,0.666,676,99.99,NO PUBLICAR,
Ibagué,2025,Componente: lugar inadecuado para cocinar,1.9342,0.7905,0.3849,3.4836,1.99,676,40.87,NO PUBLICAR,
Ibagué,2025,Componente: sin recoleccion de basuras,0.0,,0.0,0.4967,,676,,PRECAUCION,sin casos en la muestra; el IC95 llega hasta 0.50%
Ibagué,2025,Paredes en material inadecuado,0.8732,0.5726,0.0,1.9956,2.288,676,65.58,NO PUBLICAR,
Ibagué,2025,"Pisos de tierra, arena o barro",0.5253,0.5233,0.0,1.5509,3.165,676,99.61,NO PUBLICAR,
Ibagué,2025,Hogares en estrato 1 o 2,61.9175,5.7771,50.5944,73.2406,8.549,676,9.33,ACEPTABLE,
Ibagué,2025,Hogares en estrato 3,25.3861,4.8611,15.8584,34.9138,7.535,676,19.15,PRECAUCION,
Ibagué,2025,"Hogares en estrato 4, 5 o 6",12.6964,3.9565,4.9416,20.4512,8.53,676,31.16,NO PUBLICAR,
Ibagué,2025,Hogares sin estrato o no informa,0.0,,0.0,0.4967,,676,,PRECAUCION,sin casos en la muestra; el IC95 llega hasta 0.50%
Pasto,2025,Deficit habitacional total,10.3051,2.8503,4.7184,15.8917,4.083,497,27.66,NO PUBLICAR,
Pasto,2025,Deficit habitacional cuantitativo,0.4211,0.4196,0.0,1.2435,1.95,497,99.62,NO PUBLICAR,
Pasto,2025,Deficit habitacional cualitativo,9.8839,2.8544,4.2893,15.4785,4.249,497,28.88,NO PUBLICAR,
Pasto,2025,Componente: hacinamiento mitigable,4.4013,1.0233,2.3957,6.4069,1.156,497,23.25,PRECAUCION,
Pasto,2025,Componente: alcantarillado o sanitario inadecuado,2.5817,2.5654,0.0,7.6099,12.156,497,99.37,NO PUBLICAR,
Pasto,2025,Componente: sin acueducto,0.0,,0.0,0.6458,,497,,PRECAUCION,sin casos en la muestra; el IC95 llega hasta 0.65%
Pasto,2025,Componente: lugar inadecuado para cocinar,3.2205,1.343,0.5883,5.8527,2.688,497,41.7,NO PUBLICAR,
Pasto,2025,Componente: sin recoleccion de basuras,0.0,,0.0,0.6458,,497,,PRECAUCION,sin casos en la muestra; el IC95 llega hasta 0.65%
Pasto,2025,Paredes en material inadecuado,0.4211,0.4196,0.0,1.2435,1.95,497,99.62,NO PUBLICAR,
Pasto,2025,"Pisos de tierra, arena o barro",0.204,0.2033,0.0,0.6025,0.943,497,99.62,NO PUBLICAR,
Pasto,2025,Hogares en estrato 1 o 2,62.8284,6.776,49.5475,76.1094,9.133,497,10.78,ACEPTABLE,
Pasto,2025,Hogares en estrato 3,27.2401,6.3513,14.7916,39.6886,9.455,497,23.32,PRECAUCION,
Pasto,2025,"Hogares en estrato 4, 5 o 6",9.9315,3.9663,2.1576,17.7054,8.17,497,39.94,NO PUBLICAR,
Pasto,2025,Hogares sin estrato o no informa,0.0,,0.0,0.6458,,497,,PRECAUCION,sin casos en la muestra; el IC95 llega hasta 0.65%
Villavicencio,2025,Deficit habitacional total,19.4243,2.5786,14.3703,24.4784,2.878,749,13.28,ACEPTABLE,
Villavicencio,2025,Deficit habitacional cuantitativo,2.6328,0.7437,1.1751,4.0905,1.462,749,28.25,NO PUBLICAR,
Villavicencio,2025,Deficit habitacional cualitativo,16.7915,2.4222,12.0441,21.539,2.845,749,14.42,ACEPTABLE,
Villavicencio,2025,Componente: hacinamiento mitigable,12.0538,1.6295,8.8601,15.2475,1.697,749,13.52,ACEPTABLE,
Villavicencio,2025,Componente: alcantarillado o sanitario inadecuado,0.9181,0.6494,0.0,2.1909,3.141,749,70.73,NO PUBLICAR,
Villavicencio,2025,Componente: sin acueducto,3.4421,1.7637,0.0,6.899,6.341,749,51.24,NO PUBLICAR,
Villavicencio,2025,Componente: lugar inadecuado para cocinar,1.3396,0.4207,0.515,2.1641,0.907,749,31.41,NO PUBLICAR,
Villavicencio,2025,Componente: sin recoleccion de basuras,0.0609,0.0612,0.0,0.1809,0.418,749,100.63,NO PUBLICAR,
Villavicencio,2025,Paredes en material inadecuado,0.4787,0.2815,0.0,1.0303,1.126,749,58.8,NO PUBLICAR,
Villavicencio,2025,"Pisos de tierra, arena o barro",0.0,,0.0,0.4428,,749,,PRECAUCION,sin casos en la muestra; el IC95 llega hasta 0.44%
Villavicencio,2025,Hogares en estrato 1 o 2,56.472,5.3518,45.9825,66.9615,7.893,749,9.48,ACEPTABLE,
Villavicencio,2025,Hogares en estrato 3,38.1522,5.1547,28.0491,48.2554,7.628,749,13.51,ACEPTABLE,
Villavicencio,2025,"Hogares en estrato 4, 5 o 6",5.3149,2.4,0.6109,10.0189,7.754,749,45.16,NO PUBLICAR,
Villavicencio,2025,Hogares sin estrato o no informa,0.0609,0.0612,0.0,0.1809,0.418,749,100.63,NO PUBLICAR,
Montería,2025,Deficit habitacional total,15.2354,3.4912,8.3927,22.0782,4.109,537,22.91,PRECAUCION,
Montería,2025,Deficit habitacional cuantitativo,1.7267,0.6811,0.3918,3.0617,1.19,537,39.44,NO PUBLICAR,
Montería,2025,Deficit habitacional cualitativo,13.5087,3.1404,7.3536,19.6638,3.675,537,23.25,PRECAUCION,
Montería,2025,Componente: hacinamiento mitigable,10.013,1.742,6.5988,13.4272,1.466,537,17.4,PRECAUCION,
Montería,2025,Componente: alcantarillado o sanitario inadecuado,3.0514,2.7765,0.0,8.4934,11.346,537,90.99,NO PUBLICAR,
Montería,2025,Componente: sin acueducto,0.0,,0.0,0.689,,537,,PRECAUCION,sin casos en la muestra; el IC95 llega hasta 0.69%
Montería,2025,Componente: lugar inadecuado para cocinar,0.5371,0.3738,0.0,1.2698,1.139,537,69.6,NO PUBLICAR,
Montería,2025,Componente: sin recoleccion de basuras,0.0,,0.0,0.689,,537,,PRECAUCION,sin casos en la muestra; el IC95 llega hasta 0.69%
Montería,2025,Paredes en material inadecuado,1.3306,0.6313,0.0933,2.5679,1.322,537,47.44,NO PUBLICAR,
Montería,2025,"Pisos de tierra, arena o barro",1.8174,0.9553,0.0,3.6897,2.227,537,52.56,NO PUBLICAR,
Montería,2025,Hogares en estrato 1 o 2,79.6239,5.7062,68.4398,90.8081,8.738,537,7.17,ACEPTABLE,
Montería,2025,Hogares en estrato 3,15.1729,5.1366,5.1052,25.2407,8.926,537,33.85,NO PUBLICAR,
Montería,2025,"Hogares en estrato 4, 5 o 6",5.2031,2.9751,0.0,11.0343,7.813,537,57.18,NO PUBLICAR,
Montería,2025,Hogares sin estrato o no informa,0.0,,0.0,0.689,,537,,PRECAUCION,sin casos en la muestra; el IC95 llega hasta 0.69%
Cartagena,2025,Deficit habitacional total,23.1157,4.2472,14.7911,31.4403,6.969,778,18.37,PRECAUCION,
Cartagena,2025,Deficit habitacional cuantitativo,5.9004,2.1841,1.6196,10.1813,5.899,778,37.02,NO PUBLICAR,
Cartagena,2025,Deficit habitacional cualitativo,17.2152,3.078,11.1824,23.2481,4.565,778,17.88,PRECAUCION,
Cartagena,2025,Componente: hacinamiento mitigable,8.1962,1.3342,5.5813,10.8112,1.624,778,16.28,PRECAUCION,
Cartagena,2025,Componente: alcantarillado o sanitario inadecuado,8.6628,3.0156,2.7522,14.5733,7.892,778,34.81,NO PUBLICAR,
Cartagena,2025,Componente: sin acueducto,2.4889,1.0359,0.4586,4.5192,3.036,778,41.62,NO PUBLICAR,
Cartagena,2025,Componente: lugar inadecuado para cocinar,3.5103,0.9402,1.6676,5.353,1.792,778,26.78,NO PUBLICAR,
Cartagena,2025,Componente: sin recoleccion de basuras,3.5654,1.8663,0.0,7.2234,6.956,778,52.34,NO PUBLICAR,
Cartagena,2025,Paredes en material inadecuado,5.2069,1.9335,1.4172,8.9966,5.201,778,37.13,NO PUBLICAR,
Cartagena,2025,"Pisos de tierra, arena o barro",2.4089,1.0263,0.3974,4.4204,3.076,778,42.6,NO PUBLICAR,
Cartagena,2025,Hogares en estrato 1 o 2,70.0053,5.2193,59.7754,80.2352,8.908,778,7.46,ACEPTABLE,
Cartagena,2025,Hogares en estrato 3,18.6311,4.2228,10.3545,26.9077,8.077,778,22.67,PRECAUCION,
Cartagena,2025,"Hogares en estrato 4, 5 o 6",6.0841,2.3596,1.4593,10.7088,6.69,778,38.78,NO PUBLICAR,
Cartagena,2025,Hogares sin estrato o no informa,5.2795,3.2255,0.0,11.6015,14.285,778,61.09,NO PUBLICAR,
Neiva,2025,Deficit habitacional total,13.5935,2.5789,8.5388,18.6482,2.845,583,18.97,PRECAUCION,
Neiva,2025,Deficit habitacional cuantitativo,1.3983,1.3922,0.0,4.1269,7.063,583,99.56,NO PUBLICAR,
Neiva,2025,Deficit habitacional cualitativo,12.1953,1.7989,8.6694,15.7211,1.518,583,14.75,ACEPTABLE,
Neiva,2025,Componente: hacinamiento mitigable,6.5588,1.2432,4.1221,8.9955,1.267,583,18.95,PRECAUCION,
Neiva,2025,Componente: alcantarillado o sanitario inadecuado,0.7942,0.7907,0.0,2.3441,3.987,583,99.56,NO PUBLICAR,
Neiva,2025,Componente: sin acueducto,0.0,,0.0,0.5971,,583,,PRECAUCION,sin casos en la muestra; el IC95 llega hasta 0.60%
Neiva,2025,Componente: lugar inadecuado para cocinar,5.0024,1.1869,2.6762,7.3287,1.489,583,23.73,PRECAUCION,
Neiva,2025,Componente: sin recoleccion de basuras,0.0,,0.0,0.5971,,583,,PRECAUCION,sin casos en la muestra; el IC95 llega hasta 0.60%
Neiva,2025,Paredes en material inadecuado,1.3983,1.3922,0.0,4.1269,7.063,583,99.56,NO PUBLICAR,
Neiva,2025,"Pisos de tierra, arena o barro",1.208,1.0882,0.0,3.3408,4.985,583,90.08,NO PUBLICAR,
Neiva,2025,Hogares en estrato 1 o 2,73.0758,5.9155,61.4815,84.6701,8.936,583,8.09,ACEPTABLE,
Neiva,2025,Hogares en estrato 3,17.2119,5.0759,7.2631,27.1607,9.084,583,29.49,NO PUBLICAR,
Neiva,2025,"Hogares en estrato 4, 5 o 6",6.9128,3.1727,0.6942,13.1313,7.859,583,45.9,NO PUBLICAR,
Neiva,2025,Hogares sin estrato o no informa,2.7996,2.1911,0.0,7.0941,8.864,583,78.27,NO PUBLICAR,
Armenia,2025,Deficit habitacional total,10.9558,2.3064,6.4353,15.4763,3.61,740,21.05,PRECAUCION,
Armenia,2025,Deficit habitacional cuantitativo,1.4199,0.7342,0.0,2.859,2.55,740,51.71,NO PUBLICAR,
Armenia,2025,Deficit habitacional cualitativo,9.5359,1.9999,5.6161,13.4558,3.07,740,20.97,PRECAUCION,
Armenia,2025,Componente: hacinamiento mitigable,6.0465,1.1517,3.7891,8.3039,1.546,740,19.05,PRECAUCION,
Armenia,2025,Componente: alcantarillado o sanitario inadecuado,2.9474,1.745,0.0,6.3677,7.049,740,59.21,NO PUBLICAR,
Armenia,2025,Componente: sin acueducto,1.0974,0.9617,0.0,2.9824,5.642,740,87.63,NO PUBLICAR,
Armenia,2025,Componente: lugar inadecuado para cocinar,0.8279,0.343,0.1556,1.5002,0.949,740,41.43,NO PUBLICAR,
Armenia,2025,Componente: sin recoleccion de basuras,2.691,1.7288,0.0,6.0794,7.557,740,64.24,NO PUBLICAR,
Armenia,2025,Paredes en material inadecuado,1.2284,0.7132,0.0,2.6262,2.776,740,58.06,NO PUBLICAR,
Armenia,2025,"Pisos de tierra, arena o barro",0.4978,0.3625,0.0,1.2083,1.756,740,72.81,NO PUBLICAR,
Armenia,2025,Hogares en estrato 1 o 2,47.1321,5.5233,36.3064,57.9577,8.107,740,11.72,ACEPTABLE,
Armenia,2025,Hogares en estrato 3,32.7479,5.0816,22.7879,42.708,7.764,740,15.52,PRECAUCION,
Armenia,2025,"Hogares en estrato 4, 5 o 6",19.2653,4.4028,10.6358,27.8948,8.252,740,22.85,PRECAUCION,
Armenia,2025,Hogares sin estrato o no informa,0.8547,0.5654,0.0,1.9629,2.498,740,66.16,NO PUBLICAR,
Santa Marta,2025,Deficit habitacional total,40.9435,5.4212,30.3179,51.5691,6.226,564,13.24,ACEPTABLE,
Santa Marta,2025,Deficit habitacional cuantitativo,4.2667,2.1413,0.0696,8.4637,5.75,564,50.19,NO PUBLICAR,
Santa Marta,2025,Deficit habitacional cualitativo,36.6768,5.0396,26.7993,46.5543,5.602,564,13.74,ACEPTABLE,
Santa Marta,2025,Componente: hacinamiento mitigable,18.8725,2.7185,13.5443,24.2007,2.472,564,14.4,ACEPTABLE,
Santa Marta,2025,Componente: alcantarillado o sanitario inadecuado,16.132,5.183,5.9733,26.2906,10.171,564,32.13,NO PUBLICAR,
Santa Marta,2025,Componente: sin acueducto,10.5415,4.1755,2.3576,18.7255,9.47,564,39.61,NO PUBLICAR,
Santa Marta,2025,Componente: lugar inadecuado para cocinar,11.5479,2.3985,6.8469,16.2488,2.885,564,20.77,PRECAUCION,
Santa Marta,2025,Componente: sin recoleccion de basuras,1.3808,0.8469,0.0,3.0408,2.698,564,61.34,NO PUBLICAR,
Santa Marta,2025,Paredes en material inadecuado,2.5608,1.7668,0.0,6.0236,6.408,564,68.99,NO PUBLICAR,
Santa Marta,2025,"Pisos de tierra, arena o barro",0.7303,0.4102,0.0,1.5343,1.189,564,56.17,NO PUBLICAR,
Santa Marta,2025,Hogares en estrato 1 o 2,51.3176,6.8887,37.8157,64.8196,9.73,564,13.42,ACEPTABLE,
Santa Marta,2025,Hogares en estrato 3,33.7462,6.3661,21.2686,46.2238,9.285,564,18.86,PRECAUCION,
Santa Marta,2025,"Hogares en estrato 4, 5 o 6",8.1596,3.4453,1.4068,14.9124,8.114,564,42.22,NO PUBLICAR,
Santa Marta,2025,Hogares sin estrato o no informa,6.7766,3.7149,0.0,14.0577,11.19,564,54.82,NO PUBLICAR,
Sincelejo,2025,Deficit habitacional total,23.1451,3.1174,17.0351,29.2551,2.527,524,13.47,ACEPTABLE,
Sincelejo,2025,Deficit habitacional cuantitativo,2.8248,1.1515,0.5678,5.0818,2.234,524,40.77,NO PUBLICAR,
Sincelejo,2025,Deficit habitacional cualitativo,20.3203,2.5596,15.3035,25.3371,1.871,524,12.6,ACEPTABLE,
Sincelejo,2025,Componente: hacinamiento mitigable,15.2574,1.8328,11.6652,18.8497,1.202,524,12.01,ACEPTABLE,
Sincelejo,2025,Componente: alcantarillado o sanitario inadecuado,2.2289,1.47,0.0,5.1102,4.586,524,65.95,NO PUBLICAR,
Sincelejo,2025,Componente: sin acueducto,1.1278,0.4919,0.1637,2.0919,1.003,524,43.61,NO PUBLICAR,
Sincelejo,2025,Componente: lugar inadecuado para cocinar,2.9215,1.0201,0.9221,4.9209,1.697,524,34.92,NO PUBLICAR,
Sincelejo,2025,Componente: sin recoleccion de basuras,2.0957,1.3823,0.0,4.8051,4.307,524,65.96,NO PUBLICAR,
Sincelejo,2025,Paredes en material inadecuado,2.1661,1.0725,0.0641,4.2681,2.51,524,49.51,NO PUBLICAR,
Sincelejo,2025,"Pisos de tierra, arena o barro",4.5093,1.7829,1.0148,8.0038,3.414,524,39.54,NO PUBLICAR,
Sincelejo,2025,Hogares en estrato 1 o 2,86.4275,4.4764,77.6537,95.2013,7.901,524,5.18,ACEPTABLE,
Sincelejo,2025,Hogares en estrato 3,8.4935,3.5895,1.458,15.529,7.667,524,42.26,NO PUBLICAR,
Sincelejo,2025,"Hogares en estrato 4, 5 o 6",5.0789,2.8096,0.0,10.5857,7.573,524,55.32,NO PUBLICAR,
Sincelejo,2025,Hogares sin estrato o no informa,0.0,,0.0,0.6487,,524,,PRECAUCION,sin casos en la muestra; el IC95 llega hasta 0.65%
Valledupar,2025,Deficit habitacional total,25.3524,3.9634,17.5842,33.1207,3.673,482,15.63,PRECAUCION,
Valledupar,2025,Deficit habitacional cuantitativo,2.6832,1.7566,0.0,6.1262,5.229,482,65.47,NO PUBLICAR,
Valledupar,2025,Deficit habitacional cualitativo,22.6692,3.6353,15.5441,29.7944,3.336,482,16.04,PRECAUCION,
Valledupar,2025,Componente: hacinamiento mitigable,15.9718,2.3363,11.3926,20.551,1.8,482,14.63,ACEPTABLE,
Valledupar,2025,Componente: alcantarillado o sanitario inadecuado,7.2671,3.4711,0.4638,14.0704,7.912,482,47.76,NO PUBLICAR,
Valledupar,2025,Componente: sin acueducto,0.2826,0.2824,0.0,0.8361,1.253,482,99.95,NO PUBLICAR,
Valledupar,2025,Componente: lugar inadecuado para cocinar,1.5036,0.5031,0.5175,2.4898,0.756,482,33.46,NO PUBLICAR,
Valledupar,2025,Componente: sin recoleccion de basuras,0.9694,0.5895,0.0,2.1248,1.602,482,60.8,NO PUBLICAR,
Valledupar,2025,Paredes en material inadecuado,2.2593,1.731,0.0,5.6521,6.004,482,76.62,NO PUBLICAR,
Valledupar,2025,"Pisos de tierra, arena o barro",1.98,1.73,0.0,5.3709,6.824,482,87.37,NO PUBLICAR,
Valledupar,2025,Hogares en estrato 1 o 2,68.9436,6.4625,56.277,81.6102,8.632,482,9.37,ACEPTABLE,
Valledupar,2025,Hogares en estrato 3,25.4411,5.903,13.8712,37.0109,8.129,482,23.2,PRECAUCION,
Valledupar,2025,"Hogares en estrato 4, 5 o 6",5.3328,2.748,0.0,10.7188,6.619,482,51.53,NO PUBLICAR,
Valledupar,2025,Hogares sin estrato o no informa,0.2826,0.2824,0.0,0.8361,1.253,482,99.95,NO PUBLICAR,
Popayán,2025,Deficit habitacional total,15.752,4.0002,7.9116,23.5925,6.542,590,25.4,NO PUBLICAR,
Popayán,2025,Deficit habitacional cuantitativo,5.6127,2.918,0.0,11.332,8.721,590,51.99,NO PUBLICAR,
Popayán,2025,Deficit habitacional cualitativo,10.1393,2.8742,4.506,15.7727,4.919,590,28.35,NO PUBLICAR,
Popayán,2025,Componente: hacinamiento mitigable,3.9373,1.1088,1.764,6.1106,1.764,590,28.16,NO PUBLICAR,
Popayán,2025,Componente: alcantarillado o sanitario inadecuado,4.2905,2.6348,0.0,9.4548,9.173,590,61.41,NO PUBLICAR,
Popayán,2025,Componente: sin acueducto,0.0,,0.0,0.5529,,590,,PRECAUCION,sin casos en la muestra; el IC95 llega hasta 0.55%
Popayán,2025,Componente: lugar inadecuado para cocinar,1.9086,1.1081,0.0,4.0805,3.559,590,58.06,NO PUBLICAR,
Popayán,2025,Componente: sin recoleccion de basuras,0.7348,0.7321,0.0,2.1697,3.987,590,99.64,NO PUBLICAR,
Popayán,2025,Paredes en material inadecuado,5.6127,2.918,0.0,11.332,8.721,590,51.99,NO PUBLICAR,
Popayán,2025,"Pisos de tierra, arena o barro",5.0912,2.5331,0.1264,10.0561,7.205,590,49.75,NO PUBLICAR,
Popayán,2025,Hogares en estrato 1 o 2,50.6443,6.5895,37.7289,63.5597,9.425,590,13.01,ACEPTABLE,
Popayán,2025,Hogares en estrato 3,30.0393,5.9091,18.4574,41.6212,9.015,590,19.67,PRECAUCION,
Popayán,2025,"Hogares en estrato 4, 5 o 6",19.3164,5.1007,9.3191,29.3137,9.057,590,26.41,NO PUBLICAR,
Popayán,2025,Hogares sin estrato o no informa,0.0,,0.0,0.5529,,590,,PRECAUCION,sin casos en la muestra; el IC95 llega hasta 0.55%
Tunja,2025,Deficit habitacional total,7.4622,2.3401,2.8755,12.0489,3.614,523,31.36,NO PUBLICAR,
Tunja,2025,Deficit habitacional cuantitativo,0.0,,0.0,0.6583,,523,,PRECAUCION,sin casos en la muestra; el IC95 llega hasta 0.66%
Tunja,2025,Deficit habitacional cualitativo,7.4622,2.3401,2.8755,12.0489,3.614,523,31.36,NO PUBLICAR,
Tunja,2025,Componente: hacinamiento mitigable,5.3271,1.2141,2.9475,7.7068,1.332,523,22.79,PRECAUCION,
Tunja,2025,Componente: alcantarillado o sanitario inadecuado,2.1351,2.1333,0.0,6.3163,9.926,523,99.92,NO PUBLICAR,
Tunja,2025,Componente: sin acueducto,0.0,,0.0,0.6583,,523,,PRECAUCION,sin casos en la muestra; el IC95 llega hasta 0.66%
Tunja,2025,Componente: lugar inadecuado para cocinar,0.0,,0.0,0.6583,,523,,PRECAUCION,sin casos en la muestra; el IC95 llega hasta 0.66%
Tunja,2025,Componente: sin recoleccion de basuras,0.0,,0.0,0.6583,,523,,PRECAUCION,sin casos en la muestra; el IC95 llega hasta 0.66%
Tunja,2025,Paredes en material inadecuado,0.0,,0.0,0.6583,,523,,PRECAUCION,sin casos en la muestra; el IC95 llega hasta 0.66%
Tunja,2025,"Pisos de tierra, arena o barro",0.0,,0.0,0.6583,,523,,PRECAUCION,sin casos en la muestra; el IC95 llega hasta 0.66%
Tunja,2025,Hogares en estrato 1 o 2,42.1198,6.6262,29.1325,55.1071,8.208,523,15.73,PRECAUCION,
Tunja,2025,Hogares en estrato 3,32.7104,5.6069,21.721,43.6999,6.509,523,17.14,PRECAUCION,
Tunja,2025,"Hogares en estrato 4, 5 o 6",25.1698,5.7222,13.9543,36.3853,7.923,523,22.73,PRECAUCION,
Tunja,2025,Hogares sin estrato o no informa,0.0,,0.0,0.6583,,523,,PRECAUCION,sin casos en la muestra; el IC95 llega hasta 0.66%
Riohacha,2025,Deficit habitacional total,44.1071,5.4559,33.4136,54.8006,5.631,502,12.37,ACEPTABLE,
Riohacha,2025,Deficit habitacional cuantitativo,4.5003,1.8991,0.778,8.2225,3.914,502,42.2,NO PUBLICAR,
Riohacha,2025,Deficit habitacional cualitativo,39.6069,4.7865,30.2253,48.9884,4.467,502,12.09,ACEPTABLE,
Riohacha,2025,Componente: hacinamiento mitigable,18.7618,2.0335,14.7762,22.7474,1.265,502,10.84,ACEPTABLE,
Riohacha,2025,Componente: alcantarillado o sanitario inadecuado,24.0023,5.4934,13.2351,34.7694,7.715,502,22.89,PRECAUCION,
Riohacha,2025,Componente: sin acueducto,6.9511,2.4474,2.1542,11.748,4.319,502,35.21,NO PUBLICAR,
Riohacha,2025,Componente: lugar inadecuado para cocinar,10.2766,1.9355,6.483,14.0701,1.895,502,18.83,PRECAUCION,
Riohacha,2025,Componente: sin recoleccion de basuras,7.8758,3.1451,1.7115,14.0401,6.358,502,39.93,NO PUBLICAR,
Riohacha,2025,Paredes en material inadecuado,3.3456,1.6918,0.0296,6.6616,4.128,502,50.57,NO PUBLICAR,
Riohacha,2025,"Pisos de tierra, arena o barro",3.4821,1.3216,0.8919,6.0723,2.423,502,37.95,NO PUBLICAR,
Riohacha,2025,Hogares en estrato 1 o 2,94.696,2.6752,89.4526,99.9395,6.645,502,2.83,EXCELENTE,
Riohacha,2025,Hogares en estrato 3,5.304,2.6752,0.0605,10.5474,6.645,502,50.44,NO PUBLICAR,
Riohacha,2025,"Hogares en estrato 4, 5 o 6",0.0,,0.0,0.6433,,502,,PRECAUCION,sin casos en la muestra; el IC95 llega hasta 0.64%
Riohacha,2025,Hogares sin estrato o no informa,0.0,,0.0,0.6433,,502,,PRECAUCION,sin casos en la muestra; el IC95 llega hasta 0.64%
Florencia,2025,Deficit habitacional total,26.7748,4.4093,18.1325,35.4171,6.655,761,16.47,PRECAUCION,
Florencia,2025,Deficit habitacional cuantitativo,6.2815,1.9428,2.4736,10.0895,4.303,761,30.93,NO PUBLICAR,
Florencia,2025,Deficit habitacional cualitativo,20.4933,3.5744,13.4875,27.4991,5.263,761,17.44,PRECAUCION,
Florencia,2025,Componente: hacinamiento mitigable,8.0785,1.1936,5.739,10.418,1.288,761,14.78,ACEPTABLE,
Florencia,2025,Componente: alcantarillado o sanitario inadecuado,13.1099,3.6413,5.973,20.2468,7.812,761,27.78,NO PUBLICAR,
Florencia,2025,Componente: sin acueducto,1.2469,0.8919,0.0,2.9951,4.336,761,71.53,NO PUBLICAR,
Florencia,2025,Componente: lugar inadecuado para cocinar,1.9128,0.8035,0.338,3.4876,2.309,761,42.0,NO PUBLICAR,
Florencia,2025,Componente: sin recoleccion de basuras,0.124,0.1242,0.0,0.3674,0.836,761,100.15,NO PUBLICAR,
Florencia,2025,Paredes en material inadecuado,5.6398,1.9285,1.86,9.4195,4.69,761,34.19,NO PUBLICAR,
Florencia,2025,"Pisos de tierra, arena o barro",1.3125,0.5606,0.2136,2.4113,1.629,761,42.72,NO PUBLICAR,
Florencia,2025,Hogares en estrato 1 o 2,97.6508,1.2027,95.2935,100.0,4.232,761,1.23,EXCELENTE,
Florencia,2025,Hogares en estrato 3,2.0097,1.1839,0.0,4.3302,4.777,761,58.91,NO PUBLICAR,
Florencia,2025,"Hogares en estrato 4, 5 o 6",0.0,,0.0,0.447,,761,,PRECAUCION,sin casos en la muestra; el IC95 llega hasta 0.45%
Florencia,2025,Hogares sin estrato o no informa,0.3395,0.242,0.0,0.8139,1.162,761,71.28,NO PUBLICAR,
Quibdó,2025,Deficit habitacional total,83.002,4.1306,74.9059,91.098,5.414,475,4.98,EXCELENTE,
Quibdó,2025,Deficit habitacional cuantitativo,13.2492,3.5818,6.229,20.2695,4.997,475,27.03,NO PUBLICAR,
Quibdó,2025,Deficit habitacional cualitativo,69.7528,4.699,60.5426,78.9629,4.685,475,6.74,ACEPTABLE,
Quibdó,2025,Componente: hacinamiento mitigable,5.3717,1.1778,3.0633,7.6801,1.222,475,21.93,PRECAUCION,
Quibdó,2025,Componente: alcantarillado o sanitario inadecuado,67.3498,5.0011,57.5477,77.1519,5.092,475,7.43,ACEPTABLE,
Quibdó,2025,Componente: sin acueducto,34.041,5.3727,23.5105,44.5716,5.755,475,15.78,PRECAUCION,
Quibdó,2025,Componente: lugar inadecuado para cocinar,2.5733,0.8456,0.916,4.2306,1.277,475,32.86,NO PUBLICAR,
Quibdó,2025,Componente: sin recoleccion de basuras,3.2052,1.702,0.0,6.5411,4.18,475,53.1,NO PUBLICAR,
Quibdó,2025,Paredes en material inadecuado,12.9186,3.4275,6.2006,19.6366,4.675,475,26.53,NO PUBLICAR,
Quibdó,2025,"Pisos de tierra, arena o barro",1.7782,0.8846,0.0445,3.512,2.005,475,49.74,NO PUBLICAR,
Quibdó,2025,Hogares en estrato 1 o 2,94.5096,2.6708,89.2748,99.7444,6.154,475,2.83,EXCELENTE,
Quibdó,2025,Hogares en estrato 3,5.4904,2.6708,0.2556,10.7252,6.154,475,48.65,NO PUBLICAR,
Quibdó,2025,"Hogares en estrato 4, 5 o 6",0.0,,0.0,0.6702,,475,,PRECAUCION,sin casos en la muestra; el IC95 llega hasta 0.67%
Quibdó,2025,Hogares sin estrato o no informa,0.0,,0.0,0.6702,,475,,PRECAUCION,sin casos en la muestra; el IC95 llega hasta 0.67%
